date,site,pod,bottle #,spp,spp,new/old,wet weight,dry weight,bottle weight,lfm,predawn1,predawn2,predawn3,midday1,midday2,midday3,predawn,midday,type,doy,location,LFMtlp,Mpatlp,notes
4/24/21,1,1.1,51,ABCO,ABCO,N,85.5742,74.8857,67.0724,136.7987918,-0.79,-0.76,,-0.77,-0.76,,-0.775,-0.765,tree,114,CZO,165.7,-2.173,
4/24/21,1,1.1,2,ABCO,ABCO,O,76.3053,71.3863,67.2096,117.7724041,-0.79,-0.76,,-0.77,-0.76,,-0.775,-0.765,tree,114,CZO,165.7,-2.173,
4/24/21,1,1.1,99,ARPA,ARPA,O,81.8761,74.0604,66.6252,105.117549,-0.39,-0.45,,-0.59,-0.9,,-0.42,-0.745,shrub,114,CZO,108.3036245,-2.378742269,
4/24/21,1,1.1,1,CADE,CADE,N,85.3838,76.383,66.9719,95.64025459,-0.79,-0.76,,-1.24,-1.23,,-0.775,-1.235,tree,114,CZO,123.2700516,-2.626049161,
4/24/21,1,1.1,37,CADE,CADE,O,78.0898,72.8943,66.9949,88.06827813,-0.79,-0.76,,-1.24,-1.23,,-0.775,-1.235,tree,114,CZO,123.2700516,-2.626049161,
4/24/21,1,1.1,3,CECO,CECO,O,73.5981,69.924,67.0881,129.5567545,-0.45,-0.42,,-0.89,-0.78,,-0.435,-0.835,shrub,114,CZO,350.9901204,-2.37890626,
4/24/21,1,1.1,Q1,PIJE,,N,76.6641,71.091,66.784,129.3963316,-0.67,-0.75,,-0.87,-0.89,,-0.71,-0.88,tree,114,CZO,153.68,-2.474,
4/24/21,1,1.1,100,PIJE,PIJE,O,75.5912,71.3948,67.6061,110.760947,-0.67,-0.75,,-0.87,-0.89,,-0.71,-0.88,tree,114,CZO,153.68,-2.474,
4/24/21,1,1.2,55,ABCO,ABCO,N,88.8978,75.707,66.3147,140.4427031,-0.79,-0.69,,-0.98,-0.96,,-0.74,-0.97,tree,114,CZO,165.7,-2.173,
4/24/21,1,1.2,6,ABCO,ABCO,O,87.2186,76.0399,67.2973,127.8647084,-0.79,-0.69,,-0.98,-0.96,,-0.74,-0.97,tree,114,CZO,165.7,-2.173,
4/24/21,1,1.2,97,ARPA,ARPA,O,81.8087,74.2275,67.177,107.5271257,-0.22,-0.19,,-0.54,-0.53,,-0.205,-0.535,shrub,114,CZO,108.3036245,-2.378742269,
4/24/21,1,1.2,38,CADE,CADE,N,92.3619,79.4685,66.7978,101.7575982,-0.43,-0.49,,-0.96,-1.05,,-0.46,-1.005,tree,114,CZO,123.2700516,-2.626049161,
4/24/21,1,1.2,5,CADE,CADE,O,83.3105,76.1188,67.3699,82.20119101,-0.43,-0.49,,-0.96,-1.05,,-0.46,-1.005,tree,114,CZO,123.2700516,-2.626049161,
4/24/21,1,1.2,4,CECO,CECO,O,71.8945,69.2354,67.0771,123.2034472,-0.37,-0.44,,-0.87,-1.1,,-0.405,-0.985,shrub,114,CZO,350.9901204,-2.37890626,
4/24/21,1,1.2,98,PIJE,PIJE,N,76.5882,71.7229,67.2158,107.9474607,-0.49,-0.54,,-1.12,-1.14,,-0.515,-1.13,tree,114,CZO,153.68,-2.474,
4/24/21,1,1.2,Q2,PIJE,PIJE,O,76.6367,72.1209,67.2966,93.60528989,-0.81,-0.84,,-1.12,-1.14,,-0.825,-1.13,tree,114,CZO,153.68,-2.474,
4/24/21,1,1.3,7,ABCO,ABCO,N,87.055,75.8694,66.8941,124.6264749,-0.58,-0.69,,-1.12,-1.13,,-0.635,-1.125,tree,114,CZO,165.7,-2.173,
4/24/21,1,1.3,8,ABCO,ABCO,O,78.3469,71.8568,66.258,115.9194827,-0.58,-0.69,,-1.12,-1.13,,-0.635,-1.125,tree,114,CZO,165.7,-2.173,
4/24/21,1,1.3,39,ARPA,ARPA,O,79.2283,73.4691,67.0389,89.56486579,-0.18,-0.13,,-0.73,-0.77,,-0.155,-0.75,shrub,114,CZO,108.3036245,-2.378742269,
4/24/21,1,1.3,56,CADE,CADE,N,83.2452,75.1099,67.0473,100.9016942,-0.48,-0.53,,-0.88,-0.81,,-0.505,-0.845,tree,114,CZO,123.2700516,-2.626049161,
4/24/21,1,1.3,95,CADE,CADE,O,79.4147,73.4808,66.6617,87.0188148,-0.48,-0.53,,-0.88,-0.81,,-0.505,-0.845,tree,114,CZO,123.2700516,-2.626049161,
4/24/21,1,1.3,9,CECO,CECO,O,74.3023,70.7053,67.4201,109.4910508,-0.6,-0.75,,-1.31,-1.39,,-0.675,-1.35,shrub,114,CZO,350.9901204,-2.37890626,
4/24/21,1,1.3,96,PIJE,PIJE,O,74.2031,70.4137,66.8475,106.2587628,-0.81,-0.84,,-1.12,-1.14,,-0.825,-1.13,tree,114,CZO,153.68,-2.474,
4/24/21,1,1.3,Q3,PIJE,PIJE,O,89.6267,78.5444,67.5661,100.9473234,-0.77,-0.78,,-1.17,-1.38,,-0.775,-1.275,tree,114,CZO,153.68,-2.474,
4/24/21,1,1.4,12,ABCO,ABCO,N,91.6213,77.9134,66.8767,124.2028867,-0.69,-0.64,,-0.93,-0.94,,-0.665,-0.935,tree,114,CZO,165.7,-2.173,
4/24/21,1,1.4,93,ABCO,ABCO,O,80.6909,73.1595,66.733,117.1928733,-0.69,-0.64,,-0.93,-0.94,,-0.665,-0.935,tree,114,CZO,165.7,-2.173,
4/24/21,1,1.4,10,ARPA,ARPA,O,84.0236,75.7759,67.27015,96.96616994,-0.48,-0.44,,-0.6,-0.62,,-0.46,-0.61,shrub,114,CZO,108.3036245,-2.378742269,
4/24/21,1,1.4,57,CADE,CADE,N,78.5787,72.7292,66.8291,99.14238742,-0.6,-0.47,,-0.89,-0.94,,-0.535,-0.915,tree,114,CZO,123.2700516,-2.626049161,
4/24/21,1,1.4,11,CADE,CADE,O,75.9282,71.7833,66.9994,86.64269738,-0.6,-0.47,,-0.89,-0.94,,-0.535,-0.915,tree,114,CZO,123.2700516,-2.626049161,
4/24/21,1,1.4,40,CECO,CECO,O,74.6145,70.6342,67.2651,118.1413434,-0.54,-0.61,,-0.78,-0.76,,-0.575,-0.77,shrub,114,CZO,350.9901204,-2.37890626,
4/24/21,1,1.4,94,PIJE,PIJE,N,75.8805,71.5083,67.27015,103.1629367,-0.81,-0.84,,-1.12,-1.14,,-0.825,-1.13,tree,114,CZO,153.68,-2.474,
4/24/21,1,1.4,Q4,PIJE,PIJE,O,92.9926,80.8825,66.9473,86.9029508,-0.7,-0.5,,-1.24,-1.32,,-0.6,-1.28,tree,114,CZO,153.68,-2.474,
4/24/21,1,1.5,58,ABCO,ABCO,N,71.5801,68.8888,66.8359,131.0974719,-0.86,-0.39,,-1.14,-1.09,,-0.625,-1.115,tree,114,CZO,165.7,-2.173,
4/24/21,1,1.5,14,ABCO,ABCO,O,70.0433,68.3249,66.9712,126.9409766,-0.86,-0.39,,-1.14,-1.09,,-0.625,-1.115,tree,114,CZO,165.7,-2.173,
4/24/21,1,1.5,50,ARPA,ARPA,O,81.0569,73.5643,66.2772,102.8200519,-0.48,-0.41,,-0.65,-0.65,,-0.445,-0.65,shrub,114,CZO,108.3036245,-2.378742269,
4/24/21,1,1.5,15,CADE,CADE,N,80.4174,74.0889,66.7473,86.20055574,-0.6,-0.55,,-0.56,-0.49,,-0.575,-0.525,tree,114,CZO,123.2700516,-2.626049161,
4/24/21,1,1.5,92,CADE,CADE,O,78.2706,73.3077,67.1458,80.54171603,-0.6,-0.55,,-0.56,-0.49,,-0.575,-0.525,tree,114,CZO,123.2700516,-2.626049161,
4/24/21,1,1.5,13,CECO,CECO,O,73.1316,69.7438,67.0603,126.2455748,-0.64,-0.54,,-0.73,-0.71,,-0.59,-0.72,shrub,114,CZO,350.9901204,-2.37890626,
4/24/21,1,1.5,91,PIJE,PIJE,N,72.5572,69.8659,67.5701,117.2271104,-0.77,-0.78,,-1.17,-1.38,,-0.775,-1.275,tree,114,CZO,153.68,-2.474,
4/24/21,1,1.5,Q5,PIJE,PIJE,O,89.9765,78.6376,66.8308,96.03702951,-0.76,-0.79,,-1.08,-1.42,,-0.775,-1.25,tree,114,CZO,153.68,-2.474,
4/24/21,1,1.6,59,ABCO,ABCO,N,74.7781,70.4122,66.9956,127.7849324,-0.72,-0.71,,-0.89,-0.89,,-0.715,-0.89,tree,114,CZO,165.7,-2.173,
4/24/21,1,1.6,90,ABCO,ABCO,O,73.3794,69.7936,66.964,126.7246254,-0.72,-0.71,,-0.89,-0.89,,-0.715,-0.89,tree,114,CZO,165.7,-2.173,
4/24/21,1,1.6,16,ARPA,ARPA,O,86.1591,76.562,66.8974,99.30157482,-0.56,-0.58,,-0.82,-0.86,,-0.57,-0.84,shrub,114,CZO,108.3036245,-2.378742269,
4/24/21,1,1.6,41,CADE,CADE,N,83.1915,74.9047,66.9616,104.327026,-0.55,-0.52,,-0.88,-0.84,,-0.535,-0.86,tree,114,CZO,123.2700516,-2.626049161,
4/24/21,1,1.6,17,CADE,CADE,O,81.6514,74.6495,67.1039,92.79447625,-0.55,-0.52,,-0.88,-0.84,,-0.535,-0.86,tree,114,CZO,123.2700516,-2.626049161,
4/24/21,1,1.6,18,CECO,CECO,O,75.5328,69.4778,66.865,231.7437232,-0.85,-0.79,,-1.17,-1.23,,-0.82,-1.2,shrub,114,CZO,350.9901204,-2.37890626,
4/24/21,1,1.6,89,PIJE,PIJE,N,80.8089,73.136,66.0909,108.9111581,-0.7,-0.5,,-1.24,-1.32,,-0.6,-1.28,tree,114,CZO,153.68,-2.474,
4/24/21,1,1.6,Q6,PIJE,PIJE,O,86.4108,77.3049,67.218,90.27451447,-0.49,-0.54,,-1.12,-1.14,,-0.515,-1.13,tree,114,CZO,153.68,-2.474,
4/24/21,2,2.1,36,ABCO,ABCO,N,87.3746,75.8543,67.4223,136.6259488,-0.84,-1.02,,-1.55,-1.54,,-0.93,-1.545,tree,114,CZO,165.7,-2.173,
4/24/21,2,2.1,42,ABCO,ABCO,O,81.7156,73.5768,67.0086,123.9121829,-0.84,-1.02,,-1.55,-1.54,,-0.93,-1.545,tree,114,CZO,165.7,-2.173,
4/24/21,2,2.1,21,ARPA,ARPA,O,79.3163,72.9494,66.889,105.057422,-0.88,-0.83,,-1.97,-2.1,,-0.855,-2.035,shrub,114,CZO,108.3036245,-2.378742269,
4/24/21,2,2.1,43,CADE,CADE,N,90.3467,78.9369,67.7621,102.1029459,-0.75,-0.77,,-1.38,-1.39,,-0.76,-1.385,tree,114,CZO,123.2700516,-2.626049161,
4/24/21,2,2.1,19,CADE,CADE,O,88.8706,78.6206,67.0452,88.54985573,-0.75,-0.77,,-1.38,-1.39,,-0.76,-1.385,tree,114,CZO,123.2700516,-2.626049161,
4/24/21,2,2.1,20,CECO,CECO,O,77.7402,72.0907,67.2395,116.4557223,-1.2,-1.24,,-1.4,-1.44,,-1.22,-1.42,shrub,114,CZO,350.9901204,-2.37890626,
4/24/21,2,2.2,44,ABCO,ABCO,N,99.2284,80.9289,67.2478,133.7575195,-0.68,-0.72,,-0.78,-0.85,,-0.7,-0.815,tree,114,CZO,165.7,-2.173,
4/24/21,2,2.2,22,ABCO,ABCO,O,86.4001,75.6589,67.128,125.9093413,-0.68,-0.72,,-0.78,-0.85,,-0.7,-0.815,tree,114,CZO,165.7,-2.173,
4/24/21,2,2.2,23,ARPA,ARPA,O,83.9182,75.3324,66.9007,101.8276267,-0.56,-0.56,,-1.17,-1.04,,-0.56,-1.105,shrub,114,CZO,108.3036245,-2.378742269,
4/24/21,2,2.2,24,CADE,CADE,N,96.7603,81.7324,66.7136,100.0605907,-0.67,-0.69,,-1.43,-1.47,,-0.68,-1.45,tree,114,CZO,123.2700516,-2.626049161,
4/24/21,2,2.2,45,CADE,CADE,O,92.9037,80.349,66.79,92.59311159,-0.67,-0.69,,-1.43,-1.47,,-0.68,-1.45,tree,114,CZO,123.2700516,-2.626049161,
4/24/21,2,2.2,54,CECO,CECO,O,74.8595,70.6028,66.7763,111.2426499,-1.01,-1.33,,-1.28,-1.38,,-1.17,-1.33,shrub,114,CZO,350.9901204,-2.37890626,
4/24/21,2,2.3,62,ABCO,ABCO,N,84.4357,74.6301,67.1831,131.6718142,-0.78,-0.76,,-1.59,-1.55,,-0.77,-1.57,tree,114,CZO,165.7,-2.173,
4/24/21,2,2.3,34,ABCO,ABCO,O,79.9838,72.8918,66.8361,117.1128028,-0.78,-0.76,,-1.59,-1.55,,-0.77,-1.57,tree,114,CZO,165.7,-2.173,
4/24/21,2,2.3,47,ARPA,ARPA,O,78.2342,72.7168,67.1503,99.11793766,-0.55,-0.49,,-0.93,-1.06,,-0.52,-0.995,shrub,114,CZO,108.3036245,-2.378742269,
4/24/21,2,2.3,46,CADE,CADE,N,83.836,75.3869,66.7779,98.14264142,-0.67,-0.79,,-1.58,-1.63,,-0.73,-1.605,tree,114,CZO,123.2700516,-2.626049161,
4/24/21,2,2.3,26,CADE,CADE,O,84.8396,76.3749,67.0248,90.53058256,-0.67,-0.79,,-1.58,-1.63,,-0.73,-1.605,tree,114,CZO,123.2700516,-2.626049161,
4/24/21,2,2.3,27,CECO,CECO,O,75.5153,71.189,67.1459,107.0045262,-0.95,-0.94,,-1.11,-0.97,,-0.945,-1.04,shrub,114,CZO,350.9901204,-2.37890626,
4/24/21,2,2.4,48,ABCO,ABCO,N,85.0172,75.2711,67.0762,118.928846,-0.83,-0.8,,-1.54,-1.58,,-0.815,-1.56,tree,114,CZO,165.7,-2.173,
4/24/21,2,2.4,29,ABCO,ABCO,O,85.5581,75.7868,67.1141,112.6673354,-0.83,-0.8,,-1.54,-1.58,,-0.815,-1.56,tree,114,CZO,165.7,-2.173,
4/24/21,2,2.4,49,ARPA,ARPA,O,84.0288,75.4934,66.7381,97.48837847,-0.54,-0.55,,-1.04,-1.14,,-0.545,-1.09,shrub,114,CZO,108.3036245,-2.378742269,
4/24/21,2,2.4,63,CADE,CADE,N,84.7616,75.5969,67.202,109.1698531,-0.8,-0.715,,-1.42,-1.02,,-0.7575,-1.22,tree,114,CZO,123.2700516,-2.626049161,
4/24/21,2,2.4,35,CADE,CADE,O,87.0722,77.2769,67.4835,100.0194008,-0.8,-0.715,,-1.42,-1.02,,-0.7575,-1.22,tree,114,CZO,123.2700516,-2.626049161,
4/24/21,2,2.4,28,CECO,CECO,O,80.9854,72.8769,66.149,120.520519,-0.58,-0.52,,-0.79,-0.72,,-0.55,-0.755,shrub,114,CZO,350.9901204,-2.37890626,
4/24/21,2,2.5,31,ABCO,ABCO,N,83.8004,74.3211,66.8147,126.2829053,-1,-1.19,,-1.51,-1.45,,-1.095,-1.48,tree,114,CZO,165.7,-2.173,
4/24/21,2,2.5,32,ABCO,ABCO,O,76.2106,71.3643,67.0726,112.9226181,-1,-1.19,,-1.51,-1.45,,-1.095,-1.48,tree,114,CZO,165.7,-2.173,
4/24/21,2,2.5,64,ARPA,ARPA,O,82.9068,74.8749,66.9221,100.9946182,-0.82,-0.88,,-1.38,-1.56,,-0.85,-1.47,shrub,114,CZO,108.3036245,-2.378742269,
4/24/21,2,2.5,33,CADE,CADE,N,81.0153,73.5569,67.0385,114.4207167,-0.81,-0.77,,-1.7,-1.68,,-0.79,-1.69,tree,114,CZO,123.2700516,-2.626049161,
4/24/21,2,2.5,53,CADE,CADE,O,86.159,76.756,67.5941,102.6315502,-0.81,-0.77,,-1.7,-1.68,,-0.79,-1.69,tree,114,CZO,123.2700516,-2.626049161,
4/24/21,2,2.5,52,CECO,CECO,O,78.5149,72.3683,66.9438,113.311826,-0.98,-1,,-1.45,-1.28,,-0.99,-1.365,shrub,114,CZO,350.9901204,-2.37890626,
5/14/21,2,2.1,20,ABCO,ABCO,old,100.6357,82.2133,67.2395,123.030894,-0.95,-0.81,-0.85,-2.25,-2.16,-2.18,-0.87,-2.196666667,tree,134,CZO,165.7,-2.173,
5/14/21,2,2.1,36,ARPA,ARPA,old,82.5358,74.8133,67.4223,104.4851847,-0.94,-0.45,-0.47,-1.59,-1.45,-1.64,-0.62,-1.56,shrub,134,CZO,108.3036245,-2.378742269,
5/14/21,2,2.1,43,CADE,CADE,new,77.2906,72.0273,67.7621,123.4010128,-0.57,-0.61,,-1.7,-1.7,,-0.59,-1.7,tree,134,CZO,123.2700516,-2.626049161,
5/14/21,2,2.1,21,CADE,CADE,old,98.6795,82.3889,66.889,105.1013232,-0.57,-0.61,,-1.7,-1.7,,-0.59,-1.7,tree,134,CZO,123.2700516,-2.626049161,
5/14/21,2,2.1,,CECO,CECO,new,12.5341,12.3117,12.2061,210.6060606,-0.59,-0.68,,-2.02,-1.98,,-0.635,-2,shrub,134,CZO,350.9901204,-2.37890626,
5/14/21,2,2.1,19,CECO,CECO,old,73.4964,69.9203,67.0452,124.3817606,-0.59,-0.68,,-2.02,-1.98,,-0.635,-2,shrub,134,CZO,350.9901204,-2.37890626,
5/14/21,2,2.2,54,ABCO,ABCO,old,91.9492,78.8816,66.7763,107.9494106,-0.69,-0.73,,-2.1,-2.28,-2.74,-0.71,-2.373333333,tree,134,CZO,165.7,-2.173,
5/14/21,2,2.2,22,ARPA,ARPA,old,78.8727,73.0388,67.128,98.69899168,-0.58,-0.56,,-1.34,-1.6,-1.4,-0.57,-1.446666667,shrub,134,CZO,108.3036245,-2.378742269,
5/14/21,2,2.2,45,CADE,CADE,new,71.7349,69.1742,66.79,107.4029024,-0.49,-0.51,,-1.5,-1.53,,-0.5,-1.515,tree,134,CZO,123.2700516,-2.626049161,
5/14/21,2,2.2,23,CADE,CADE,old,84.2297,76.0396,66.9007,89.61800654,-0.49,-0.51,,-1.5,-1.53,,-0.5,-1.515,tree,134,CZO,123.2700516,-2.626049161,
5/14/21,2,2.2,,CECO,CECO,new,12.6516,12.3047,12.1462,218.8643533,-0.54,-0.88,-0.57,-1.36,-1.39,,-0.663333333,-1.375,shrub,134,CZO,350.9901204,-2.37890626,
5/14/21,2,2.2,44,CECO,CECO,old,73.9646,69.9759,67.2478,146.2079836,-0.54,-0.88,-0.57,-1.36,-1.39,,-0.663333333,-1.375,shrub,134,CZO,350.9901204,-2.37890626,
5/14/21,2,2.3,34,ABCO,ABCO,old,104.1317,85.0988,66.8361,104.2173392,-0.85,-0.83,,-1.91,-2.76,,-0.84,-2.335,tree,134,CZO,165.7,-2.173,
5/14/21,2,2.3,62,ARPA,ARPA,old,81.306,73.7887,67.1831,113.8019256,-0.57,-0.53,,-1.26,-1.53,-1.6,-0.55,-1.463333333,shrub,134,CZO,108.3036245,-2.378742269,
5/14/21,2,2.3,27,CADE,CADE,new,73.9512,70.3383,67.1459,113.1719083,-0.6,-0.58,,-1.27,-1.22,,-0.59,-1.245,tree,134,CZO,123.2700516,-2.626049161,
5/14/21,2,2.3,26,CADE,CADE,old,95.3285,81.212,67.0248,99.50166347,-0.6,-0.58,,-1.27,-1.22,,-0.59,-1.245,tree,134,CZO,123.2700516,-2.626049161,
5/14/21,2,2.3,,CECO,CECO,new,12.4458,12.3194,12.0794,52.66666667,-0.74,-0.63,-0.6,-1.27,-1.22,,-0.656666667,-1.245,shrub,134,CZO,350.9901204,-2.37890626,
5/14/21,2,2.3,47,CECO,CECO,old,74.6454,70.7342,67.1503,109.1325093,-0.74,-0.63,-0.6,-1.27,-1.22,,-0.656666667,-1.245,shrub,134,CZO,350.9901204,-2.37890626,
5/14/21,2,2.4,49,ABCO,ABCO,old,100.3628,83.249,66.7381,103.6515272,-0.66,-0.65,,-1.79,-1.91,-2.02,-0.655,-1.906666667,tree,134,CZO,165.7,-2.173,
5/14/21,2,2.4,63,ARPA,ARPA,old,84.5184,75.6445,67.202,105.1098608,-0.47,-0.56,,-1.56,-1.66,-1.46,-0.515,-1.56,shrub,134,CZO,108.3036245,-2.378742269,
5/14/21,2,2.4,48,CADE,CADE,new,75.0107,70.8419,67.0762,110.7045171,-0.34,-0.56,-0.6,-1.71,-1.65,,-0.5,-1.68,tree,134,CZO,123.2700516,-2.626049161,"general: collected on 5/14/2021, sunny weather, AP, JC"
5/14/21,2,2.4,28,CADE,CADE,old,84.6753,76.1455,66.149,85.32786475,-0.34,-0.56,-0.6,-1.71,-1.65,,-0.5,-1.68,tree,134,CZO,123.2700516,-2.626049161,
5/14/21,2,2.4,,CECO,CECO,new,13.1305,12.2811,12.1594,697.9457683,-0.56,-0.47,,-1.23,-1.18,,-0.515,-1.205,shrub,134,CZO,350.9901204,-2.37890626,
5/14/21,2,2.4,29,CECO,CECO,old,72.1975,69.0622,67.1141,160.9414301,-0.56,-0.47,,-1.23,-1.18,,-0.515,-1.205,shrub,134,CZO,350.9901204,-2.37890626,
5/14/21,2,2.5,32,ABCO,ABCO,old,84.3841,75.8829,67.0726,96.49160642,-0.85,-0.88,,-1.95,-2.02,,-0.865,-1.985,tree,134,CZO,165.7,-2.173,
5/14/21,2,2.5,64,ARPA,ARPA,old,79.5858,73.3424,66.9221,97.24467704,-0.83,-0.45,-0.67,-1.62,-1.49,,-0.65,-1.555,shrub,134,CZO,108.3036245,-2.378742269,
5/14/21,2,2.5,53,CADE,CADE,new,72.7842,69.9767,67.5941,117.8334592,-0.59,-0.51,,-1.69,-1.64,,-0.55,-1.665,tree,134,CZO,123.2700516,-2.626049161,
5/14/21,2,2.5,31,CADE,CADE,old,89.3474,77.8222,66.8147,104.7031569,-0.59,-0.51,,-1.69,-1.64,,-0.55,-1.665,tree,134,CZO,123.2700516,-2.626049161,
5/14/21,2,2.5,,CECO,CECO,new,13.4238,12.5257,12.1226,222.7983131,-0.62,-0.46,,-1.13,-1.2,,-0.54,-1.165,shrub,134,CZO,350.9901204,-2.37890626,
5/14/21,2,2.5,52,CECO,CECO,old,72.9598,69.5836,66.9438,127.8960527,-0.62,-0.46,,-1.13,-1.2,,-0.54,-1.165,shrub,134,CZO,350.9901204,-2.37890626,
5/15/21,1,1.1,2,ABCO,ABCO,old,103.5551,84.5499,67.2096,109.6013333,-0.59,-0.6,,-1.67,-1.46,-1.55,-0.595,-1.56,tree,135,CZO,165.7,-2.173,
5/15/21,1,1.1,51,ARPA,ARPA,old,97.6232,82.3546,67.0724,99.91100758,-0.39,-0.44,,-0.94,-0.93,,-0.415,-0.935,shrub,135,CZO,108.3036245,-2.378742269,
5/15/21,1,1.1,3,CADE,CADE,old,95.7192,82.2599,67.0881,88.71261156,-0.57,-0.65,,-1.58,-1.81,-1.6,-0.61,-1.663333333,tree,135,CZO,123.2700516,-2.626049161,
5/15/21,1,1.1,,CECO,CECO,new,13.0436,12.3889,12.1151,239.1161432,-0.48,-0.5,,-1.02,-0.98,,-0.49,-1,shrub,135,CZO,350.9901204,-2.37890626,
5/15/21,1,1.1,37,CECO,CECO,old,76.4466,71.2357,66.9949,122.8754009,-0.48,-0.5,,-1.02,-0.98,,-0.49,-1,shrub,135,CZO,350.9901204,-2.37890626,
5/15/21,1,1.1,99,PIJE,PIJE,new,74.7035,70.478,66.6252,109.6734842,-0.81,-0.71,,-1.75,-1.79,,-0.76,-1.77,tree,135,CZO,153.68,-2.474,
5/15/21,1,1.1,100,PIJE,PIJE,old,79.3366,73.8517,67.6061,87.82022544,-0.81,-0.71,,-1.75,-1.79,,-0.76,-1.77,tree,135,CZO,153.68,-2.474,
5/15/21,1,1.1,,QUKE,QUKE,new,13.9562,12.7533,12.2516,239.7647997,0,0,,0,0,,,,tree,135,CZO,,,
5/15/21,1,1.2,5,ABCO,ABCO,old,100.3745,82.995,67.3699,111.2280881,-0.66,-0.62,,-1.74,-1.71,,-0.64,-1.725,tree,135,CZO,165.7,-2.173,
5/15/21,1,1.2,38,ARPA,ARPA,old,85.6722,76.1574,66.7978,101.6581905,-0.56,-0.59,,-1.21,-1.17,,-0.575,-1.19,shrub,135,CZO,108.3036245,-2.378742269,
5/15/21,1,1.2,55,CADE,CADE,new,80.6656,73.6289,66.3147,96.20601023,-0.56,-0.53,,-1.61,-1.5,-1.49,-0.545,-1.533333333,tree,135,CZO,123.2700516,-2.626049161,
5/15/21,1,1.2,6,CADE,CADE,old,92.303,80.2969,67.2973,92.35745715,-0.56,-0.53,,-1.61,-1.5,-1.49,-0.545,-1.533333333,tree,135,CZO,123.2700516,-2.626049161,
5/15/21,1,1.2,,CECO,CECO,new,12.938,12.4646,12.261,232.5147348,-0.65,-0.59,,-1.07,-1.11,,-0.62,-1.09,shrub,135,CZO,350.9901204,-2.37890626,
5/15/21,1,1.2,4,CECO,CECO,old,74.7054,70.4334,67.0771,127.28302,-0.65,-0.59,,-1.07,-1.11,,-0.62,-1.09,shrub,135,CZO,350.9901204,-2.37890626,
5/15/21,1,1.2,98,PIJE,PIJE,new,75.4759,71.3997,67.2158,97.4258467,0,0,,-1.85,-1.87,,0,-1.86,tree,135,CZO,153.68,-2.474,old PIJE 2 -- getting rid of this plant (not going to sample)
5/15/21,1,1.2,89,PIJE,PIJE,new,75.7282,71.0948,66.0909,92.5957753,-0.87,-0.95,,0,0,,,,tree,135,CZO,153.68,-2.474,new PIJE 2
5/15/21,1,1.2,97,PIJE,PIJE,old,80.6089,74.5821,67.177,81.3871521,0,0,,-1.85,-1.87,,0,-1.86,tree,135,CZO,153.68,-2.474,old PIJE 2 -- getting rid of this plant (not going to sample)
5/15/21,1,1.2,90,PIJE,PIJE,old,77.8249,73.0992,66.964,77.02601382,-0.87,-0.95,,0,0,,,,tree,135,CZO,153.68,-2.474,new PIJE 2
5/15/21,1,1.3,56,ABCO,ABCO,new,76.5476,71.3277,67.0473,121.9488833,-0.38,-0.48,,-0.77,-0.82,,-0.43,-0.795,tree,135,CZO,165.7,-2.173,
5/15/21,1,1.3,8,ABCO,ABCO,old,90.7444,78.4647,66.258,100.5980322,-0.38,-0.48,,-0.77,-0.82,,-0.43,-0.795,tree,135,CZO,165.7,-2.173,
5/15/21,1,1.3,7,ARPA,ARPA,old,88.489,78.234,66.8941,90.43289623,-0.74,-0.77,,-1.2,-1.14,,-0.755,-1.17,shrub,135,CZO,108.3036245,-2.378742269,
5/15/21,1,1.3,,CADE,CADE,new,16.3925,14.2613,12.1183,99.44937004,-0.54,-0.56,,-1.57,-1.62,,-0.55,-1.595,tree,135,CZO,123.2700516,-2.626049161,
5/15/21,1,1.3,39,CADE,CADE,old,83.5274,75.9411,67.0389,85.21826065,-0.54,-0.56,,-1.57,-1.62,,-0.55,-1.595,tree,135,CZO,123.2700516,-2.626049161,
5/15/21,1,1.3,,CECO,CECO,new,12.9478,12.3975,12.1157,195.2803407,-0.55,-0.75,-0.62,-1.67,-1.77,,-0.64,-1.72,shrub,135,CZO,350.9901204,-2.37890626,
5/15/21,1,1.3,9,CECO,CECO,old,74.0204,70.5683,67.4201,109.6531351,-0.55,-0.75,-0.62,-1.67,-1.77,,-0.64,-1.72,shrub,135,CZO,350.9901204,-2.37890626,
5/15/21,1,1.3,96,PIJE,PIJE,new,75.9134,71.4067,66.8475,98.84848219,0,0,,-1.56,-1.63,,,-1.595,tree,135,CZO,153.68,-2.474,
5/15/21,1,1.3,95,PIJE,PIJE,old,79.1809,73.2381,66.6617,90.36554954,0,0,,-1.56,-1.63,,,-1.595,tree,135,CZO,153.68,-2.474,
5/15/21,1,1.4,11,ABCO,ABCO,old,98.8417,83.5281,66.9994,92.64854465,-0.79,-0.78,,-1.55,-1.61,,-0.785,-1.58,tree,135,CZO,165.7,-2.173,"general: collected on 5/15/2021, sunny weather, AP, JC"
5/15/21,1,1.4,40,ARPA,ARPA,old,97.4693,83.0961,67.2651,90.79148506,-0.65,-0.54,-0.69,-1.65,-1.57,,-0.626666667,-1.61,shrub,135,CZO,108.3036245,-2.378742269,
5/15/21,1,1.4,,CADE,CADE,old,,,,,-0.61,-0.83,-0.71,-1.4,-1.45,,-0.716666667,-1.425,tree,135,CZO,123.2700516,-2.626049161,
5/15/21,1,1.4,,CECO,CECO,new,13.2567,12.4471,12.0548,206.372674,-0.54,-0.56,,-1.12,-0.97,-1.02,-0.55,-1.036666667,shrub,135,CZO,350.9901204,-2.37890626,
5/15/21,1,1.4,12,CECO,CECO,old,75.5111,70.1825,66.8767,161.1894246,-0.54,-0.56,,-1.12,-0.97,-1.02,-0.55,-1.036666667,shrub,135,CZO,350.9901204,-2.37890626,
5/15/21,1,1.4,94,PIJE,PIJE,new,73.8686,70.6479,67.27015,95.35045518,-0.9,-0.83,,-1.44,-1.54,,-0.865,-1.49,tree,135,CZO,153.68,-2.474,
5/15/21,1,1.4,93,PIJE,PIJE,old,75.1398,71.335,66.733,82.67709691,-0.9,-0.83,,-1.44,-1.54,,-0.865,-1.49,tree,135,CZO,153.68,-2.474,
5/15/21,1,1.5,15,ABCO,ABCO,new,74.65,72.3053,66.7473,42.18603814,-0.88,-0.93,,-1.84,-1.81,,-0.905,-1.825,tree,135,CZO,165.7,-2.173,
5/15/21,1,1.5,50,ABCO,ABCO,old,78.9379,70.4275,66.2772,205.0550563,-0.88,-0.93,,-1.84,-1.81,,-0.905,-1.825,tree,135,CZO,165.7,-2.173,
5/15/21,1,1.5,58,ARPA,ARPA,old,86.7885,76.8026,66.8359,100.1926415,-0.48,-0.56,,-0.86,-0.98,,-0.52,-0.92,shrub,135,CZO,108.3036245,-2.378742269,
5/15/21,1,1.5,,CADE,CADE,new,15.6146,13.8222,12.131,105.9839167,-0.67,-0.62,,-1.66,-1.49,-1.84,-0.645,-1.663333333,tree,135,CZO,123.2700516,-2.626049161,
5/15/21,1,1.5,13,CADE,CADE,old,85.7746,77.4976,67.0603,79.30211836,-0.67,-0.62,,-1.66,-1.49,-1.84,-0.645,-1.663333333,tree,135,CZO,123.2700516,-2.626049161,
5/15/21,1,1.5,,CECO,CECO,new,13.1094,12.4388,12.1715,250.879162,-0.48,-0.54,,-1,-1.04,,-0.51,-1.02,shrub,135,CZO,350.9901204,-2.37890626,
5/15/21,1,1.5,14,CECO,CECO,old,74.7669,70.4285,66.9712,125.4852052,-0.48,-0.54,,-1,-1.04,,-0.51,-1.02,shrub,135,CZO,350.9901204,-2.37890626,
5/15/21,1,1.5,14,PIJE,PIJE,old,,,,,-0.9,-0.93,,-1.33,-1.42,,-0.915,-1.375,tree,135,CZO,153.68,-2.474,
5/15/21,1,1.6,59,ABCO,ABCO,new,73.4528,69.9706,66.9956,117.0487395,-0.77,-0.73,,-1.5,-1.53,,-0.75,-1.515,tree,135,CZO,165.7,-2.173,
5/15/21,1,1.6,16,ABCO,ABCO,old,85.722,75.8162,66.8974,111.0665112,-0.77,-0.73,,-1.5,-1.53,,-0.75,-1.515,tree,135,CZO,165.7,-2.173,
5/15/21,1,1.6,17,ARPA,ARPA,old,86.897,77.3633,67.1039,92.92648693,-0.43,-0.55,-0.53,-1.86,-2.03,,-0.503333333,-1.945,shrub,135,CZO,108.3036245,-2.378742269,
5/15/21,1,1.6,,CADE,CADE,new,15.4778,13.7099,12.1084,110.3902591,-0.68,-0.59,,-1.34,-1.37,,-0.635,-1.355,tree,135,CZO,123.2700516,-2.626049161,
5/15/21,1,1.6,18,CADE,CADE,old,86.5061,77.8002,66.865,79.61354159,-0.68,-0.59,,-1.34,-1.37,,-0.635,-1.355,tree,135,CZO,123.2700516,-2.626049161,
5/15/21,1,1.6,,CECO,CECO,new,12.9107,12.467,12.2154,176.3513514,-0.46,-0.63,-0.57,-1.32,-1.47,-1.49,-0.553333333,-1.426666667,shrub,135,CZO,350.9901204,-2.37890626,
5/15/21,1,1.6,41,CECO,CECO,old,73.1526,69.7908,66.9616,118.8251096,-0.46,-0.63,-0.57,-1.32,-1.47,-1.49,-0.553333333,-1.426666667,shrub,135,CZO,350.9901204,-2.37890626,
5/15/21,1,1.6,91,PIJE,PIJE,new,73.5962,70.4672,67.5701,108.0045563,-1.06,-1.1,,-1.26,-1.27,,-1.08,-1.265,tree,135,CZO,153.68,-2.474,
5/15/21,1,1.6,92,PIJE,PIJE,old,74.1799,70.8718,67.1458,88.784219,-1.06,-1.1,,-1.26,-1.27,,-1.08,-1.265,tree,135,CZO,153.68,-2.474,
5/15/21,1,1.6,Q3,QUKE,QUKE,new,80.8843,71.945,67.5661,204.1448766,0,0,,0,0,,,,tree,135,CZO,,,
6/15/21,2,2.1,43,ABCO,ABCO,old,93.7332,79.4243,67.7621,122.6946888,-0.73,-0.74,,-1.41,-1.39,,-0.735,-1.4,tree,166,CZO,165.7,-2.173,
6/15/21,2,2.1,21,ARPA,ARPA,old,82.3376,74.5018,66.889,102.929277,-0.56,-0.45,,-1.35,-1.38,,-0.505,-1.365,shrub,166,CZO,108.3036245,-2.378742269,
6/15/21,2,2.1,36,CADE,CADE,new,73.8499,70.0926,67.4223,140.7070367,-0.56,-0.54,,-1.08,-1.56,-1.57,-0.55,-1.403333333,tree,166,CZO,123.2700516,-2.626049161,
6/15/21,2,2.1,20,CADE,CADE,old,84.2823,75.6746,67.2395,102.0462117,-0.56,-0.54,,-1.08,-1.56,-1.57,-0.55,-1.403333333,tree,166,CZO,123.2700516,-2.626049161,
6/15/21,2,2.1,,CECO,CECO,new,14.4283,12.9509,11.9524,147.9619429,-0.66,-0.53,-0.59,-1.27,-1.36,-1.45,-0.593333333,-1.36,shrub,166,CZO,350.9901204,-2.37890626,
6/15/21,2,2.1,19,CECO,CECO,old,71.9365,69.1702,67.0452,130.1788235,-0.66,-0.53,-0.59,-1.27,-1.36,-1.45,-0.593333333,-1.36,shrub,166,CZO,350.9901204,-2.37890626,
6/15/21,2,2.2,23,ABCO,ABCO,old,98.4452,81.1878,66.9007,120.7900834,-0.68,-0.68,,-1.7,-1.68,,-0.68,-1.69,tree,166,CZO,165.7,-2.173,
6/15/21,2,2.2,54,ARPA,ARPA,old,89.3032,78.2277,66.7763,96.71743193,-0.36,-0.42,,-1.06,-1.1,,-0.39,-1.08,shrub,166,CZO,108.3036245,-2.378742269,
6/15/21,2,2.2,44,CADE,CADE,new,91.6721,79.4247,67.2478,100.5789651,-0.52,-0.53,,-1.39,-1.29,,-0.525,-1.34,tree,166,CZO,123.2700516,-2.626049161,
6/15/21,2,2.2,22,CADE,CADE,old,81.0192,74.0321,67.128,101.2021842,-0.52,-0.53,,-1.39,-1.29,,-0.525,-1.34,tree,166,CZO,123.2700516,-2.626049161,
6/15/21,2,2.2,,CECO,CECO,new,16.9001,13.6621,12.0278,198.1276387,,,,-1.09,-1,,,-1.045,shrub,166,CZO,350.9901204,-2.37890626,
6/15/21,2,2.2,45,CECO,CECO,old,74.6555,70.4165,66.79,116.8895629,,,,-1.09,-1,,,-1.045,shrub,166,CZO,350.9901204,-2.37890626,
6/15/21,2,2.3,46,ABCO,ABCO,old,105.7603,86.0616,66.7779,102.1520766,-0.69,-0.8,-0.67,-1.43,-2.03,-1.89,-0.72,-1.783333333,tree,166,CZO,165.7,-2.173,
6/15/21,2,2.3,34,ARPA,ARPA,old,85.4749,76.1778,66.8361,99.52257084,-0.44,-0.44,,-1.21,-1.49,-1.36,-0.44,-1.353333333,shrub,166,CZO,108.3036245,-2.378742269,
6/15/21,2,2.3,47,CADE,CADE,new,99.3262,82.5151,67.1503,109.413074,-0.72,-0.66,,-1.35,-1.36,,-0.69,-1.355,tree,166,CZO,123.2700516,-2.626049161,
6/15/21,2,2.3,26,CADE,CADE,old,84.9136,76.0243,67.0248,98.77548753,-0.72,-0.66,,-1.35,-1.36,,-0.69,-1.355,tree,166,CZO,123.2700516,-2.626049161,
6/15/21,2,2.3,27,CECO,CECO,new,69.7043,67.9838,67.1459,205.3347655,-0.38,-0.4,,-1.41,-1.18,,-0.39,-1.295,shrub,166,CZO,350.9901204,-2.37890626,
6/15/21,2,2.3,62,CECO,CECO,old,76.8702,71.5535,67.1831,121.6524803,-0.38,-0.4,,-1.41,-1.18,,-0.39,-1.295,shrub,166,CZO,350.9901204,-2.37890626,
6/15/21,2,2.4,29,ABCO,ABCO,old,109.218,87.8452,67.1141,103.0953495,-0.6,-0.54,,-1.66,-1.68,,-0.57,-1.67,tree,166,CZO,165.7,-2.173,
6/15/21,2,2.4,48,ARPA,ARPA,old,103.5737,84.1538,67.0762,113.7156275,-0.64,-0.51,-0.53,-1.32,-1.29,,-0.56,-1.305,shrub,166,CZO,108.3036245,-2.378742269,
6/15/21,2,2.4,,CADE,CADE,new,18.039,14.6955,12.0503,126.39876,-0.54,-0.62,,-1.37,-1.36,,-0.58,-1.365,tree,166,CZO,123.2700516,-2.626049161,
6/15/21,2,2.4,28,CADE,CADE,old,93.1848,80.6437,66.149,86.5219701,-0.54,-0.62,,-1.37,-1.36,,-0.58,-1.365,tree,166,CZO,123.2700516,-2.626049161,
6/15/21,2,2.4,,CECO,CECO,new,14.3481,12.9194,12.1767,192.3656927,-0.4,-0.44,,-1.27,-1.3,,-0.42,-1.285,shrub,166,CZO,350.9901204,-2.37890626,
6/15/21,2,2.4,49,CECO,CECO,old,75.3945,70.1291,66.7381,155.2757299,-0.4,-0.44,,-1.27,-1.3,,-0.42,-1.285,shrub,166,CZO,350.9901204,-2.37890626,
6/15/21,2,2.5,31,ABCO,ABCO,old,94.3121,80.4331,66.8147,101.9135875,-0.8,-0.75,,-1.78,-1.62,-1.64,-0.775,-1.68,tree,166,CZO,165.7,-2.173,
6/15/21,2,2.5,53,ARPA,ARPA,old,92.7066,79.996,67.5941,102.4891347,-0.57,-0.5,,-1.37,-1.45,,-0.535,-1.41,shrub,166,CZO,108.3036245,-2.378742269,
6/15/21,2,2.5,64,CADE,CADE,old,97.8447,82.3978,66.9221,99.81390179,-0.69,-0.65,,-1.45,-1.6,-1.4,-0.67,-1.483333333,tree,166,CZO,123.2700516,-2.626049161,
6/15/21,2,2.5,,CECO,CECO,new,16.248,13.4217,12.2124,233.7137187,-0.65,-0.54,-0.54,-1.26,-1.08,-1.09,-0.576666667,-1.143333333,shrub,166,CZO,350.9901204,-2.37890626,
6/15/21,2,2.5,52,CECO,CECO,old,71.5182,68.7264,66.9438,156.6139347,-0.65,-0.54,-0.54,-1.26,-1.08,-1.09,-0.576666667,-1.143333333,shrub,166,CZO,350.9901204,-2.37890626,
6/16/21,1,1.1,51,ABCO,ABCO,new,69.0298,67.7428,67.0724,191.9749403,-0.9,-0.82,,-2.22,-2.12,,-0.86,-2.17,tree,167,CZO,165.7,-2.173,
6/16/21,1,1.1,1,ABCO,ABCO,old,100.2585,82.5592,66.9719,113.5494922,-0.9,-0.82,,-2.22,-2.12,,-0.86,-2.17,tree,167,CZO,165.7,-2.173,
6/16/21,1,1.1,3,ARPA,ARPA,old,88.5253,78.1204,67.0881,94.31306255,-0.67,-0.68,,-1.84,-1.58,-1.94,-0.675,-1.71,shrub,167,CZO,108.3036245,-2.378742269,
6/16/21,1,1.1,37,CADE,CADE,old,90.1137,79.3947,66.9949,86.44494266,-0.82,-0.7,-0.69,-1.95,-1.83,,-0.736666667,-1.89,tree,167,CZO,123.2700516,-2.626049161,
6/16/21,1,1.1,,CECO,CECO,new,15.1574,13.2268,12.2404,195.7218167,-0.6,-0.63,,-1.83,-1.68,-1.72,-0.615,-1.743333333,shrub,167,CZO,350.9901204,-2.37890626,
6/16/21,1,1.1,2,CECO,CECO,old,80.3109,72.7921,67.2096,134.6851769,-0.6,-0.63,,-1.83,-1.68,-1.72,-0.615,-1.743333333,shrub,167,CZO,350.9901204,-2.37890626,
6/16/21,1,1.1,99,PIJE,PIJE,new,67.9858,66.9444,66.6252,326.2531328,-1.23,-1.35,-1.25,-1.99,-1.93,,-1.276666667,-1.96,tree,167,CZO,153.68,-2.474,
6/16/21,1,1.1,100,PIJE,PIJE,old,73.1968,70.4285,67.6061,98.08319161,-1.23,-1.35,-1.25,-1.99,-1.93,,-1.276666667,-1.96,tree,167,CZO,153.68,-2.474,
6/16/21,1,1.1,q1,QUKE,QUKE,old,79.0719,71.07,66.784,186.6985534,-1.08,-0.92,-1.05,-1.93,-1.86,,-1.016666667,-1.895,tree,167,CZO,,,
6/16/21,1,1.2,33,ABCO,ABCO,old,92.8325,79.4979,67.0385,107.0244153,-0.75,-0.86,-0.83,-2.06,-1.86,-2,-0.813333333,-1.96,tree,167,CZO,165.7,-2.173,
6/16/21,1,1.2,,ARPA,ARPA,new,16.4247,13.6141,12.2127,200.5565863,-0.69,-0.62,,-1.82,-2.03,-1.86,-0.655,-1.903333333,shrub,167,CZO,108.3036245,-2.378742269,
6/16/21,1,1.2,42,ARPA,ARPA,old,91.1529,78.5232,67.0086,109.684227,-0.69,-0.62,,-1.82,-2.03,-1.86,-0.655,-1.903333333,shrub,167,CZO,108.3036245,-2.378742269,
6/16/21,1,1.2,35,CADE,CADE,old,92.0631,80.0763,67.4835,95.18772632,-0.65,-0.63,,-1.72,-1.64,,-0.64,-1.68,tree,167,CZO,123.2700516,-2.626049161,
6/16/21,1,1.2,,CECO,CECO,new,13.7453,12.6779,12.1178,190.5731119,-0.8,-0.71,,-1.56,-1.49,,-0.755,-1.525,shrub,167,CZO,350.9901204,-2.37890626,
6/16/21,1,1.2,24,CECO,CECO,old,73.005,69.5969,66.7136,118.2013665,-0.8,-0.71,,-1.56,-1.49,,-0.755,-1.525,shrub,167,CZO,350.9901204,-2.37890626,
6/16/21,1,1.2,,PIJE,PIJE,new,14.416,12.8758,12.2295,238.3103822,-1.6,-1.68,,-2.96,-2.87,,-1.64,-2.915,tree,167,CZO,153.68,-2.474,
6/16/21,1,1.2,97,PIJE,PIJE,old,78.6561,73.3466,67.177,86.0590638,-1.6,-1.68,,-2.96,-2.87,,-1.64,-2.915,tree,167,CZO,153.68,-2.474,
6/16/21,1,1.2,q2,QUKE,QUKE,old,77.4989,71.7552,67.2966,128.8229489,-1.53,-2.02,-1.6,-2.18,-2.14,,-1.716666667,-2.16,tree,167,CZO,,,
6/16/21,1,1.3,39,ABCO,ABCO,old,96.6446,79.947,67.0389,129.3575352,-0.83,-0.89,,-1.84,-1.7,-2.07,-0.86,-1.87,tree,167,CZO,165.7,-2.173,
6/16/21,1,1.3,8,ARPA,ARPA,old,84.3594,76.0399,66.258,85.04993917,-0.86,-0.87,,-1.64,-1.62,,-0.865,-1.63,shrub,167,CZO,108.3036245,-2.378742269,
6/16/21,1,1.3,9,CADE,CADE,old,91.4686,80.4352,67.4201,84.77383962,-0.75,-0.79,,-0.94,-1.89,-1.79,-0.77,-1.54,tree,167,CZO,123.2700516,-2.626049161,
6/16/21,1,1.3,,CECO,CECO,new,13.898,12.8685,12.249,166.1824052,-0.86,-0.84,,-1.69,-1.63,,-0.85,-1.66,shrub,167,CZO,350.9901204,-2.37890626,
6/16/21,1,1.3,7,CECO,CECO,old,78.7445,72.3991,66.8941,115.2661217,-0.86,-0.84,,-1.69,-1.63,,-0.85,-1.66,shrub,167,CZO,350.9901204,-2.37890626,
6/16/21,1,1.3,,PIJE,PIJE,new,15.3867,13.0736,12.155,251.8070978,-1.81,-1.79,,-2.2,-2.23,,-1.8,-2.215,tree,167,CZO,153.68,-2.474,
6/16/21,1,1.3,95,PIJE,PIJE,old,84.3269,76.2027,66.6617,85.15040352,-1.81,-1.79,,-2.2,-2.23,,-1.8,-2.215,tree,167,CZO,153.68,-2.474,
6/16/21,1,1.3,q4,QUKE,QUKE,old,81.0976,73.1397,66.9473,128.5107551,-1.75,-1.63,-1.57,-2.36,-2.39,,-1.65,-2.375,tree,167,CZO,,,
6/16/21,1,1.4,10,ABCO,ABCO,old,98.6543,83.33,67.27015,95.41994477,-0.87,-0.89,,-2.32,-2.06,-2.12,-0.88,-2.166666667,tree,167,CZO,165.7,-2.173,
6/16/21,1,1.4,,ARPA,ARPA,new,16.4638,13.6476,12.1059,182.6684828,-0.72,-0.82,,-1.71,-1.77,,-0.77,-1.74,shrub,167,CZO,108.3036245,-2.378742269,
6/16/21,1,1.4,57,ARPA,ARPA,old,94.3571,80.5876,66.8291,100.0799506,-0.72,-0.82,,-1.71,-1.77,,-0.77,-1.74,shrub,167,CZO,108.3036245,-2.378742269,
6/16/21,1,1.4,40,CADE,CADE,old,99.6828,84.6746,67.2651,86.20695597,-0.73,-0.75,,-0.83,-2.01,-1.21,-0.74,-1.35,tree,167,CZO,123.2700516,-2.626049161,
6/16/21,1,1.4,12,CECO,CECO,new,72.7282,68.986,66.8767,177.4143081,-0.89,-1.12,-0.95,-1.95,-1.93,,-0.986666667,-1.94,shrub,167,CZO,350.9901204,-2.37890626,
6/16/21,1,1.4,11,CECO,CECO,old,78.739,72.2883,66.9994,121.9667606,-0.89,-1.12,-0.95,-1.95,-1.93,,-0.986666667,-1.94,shrub,167,CZO,350.9901204,-2.37890626,
6/16/21,1,1.4,93,PIJE,PIJE,old,80.3838,74.3937,66.733,78.19259337,-1.99,-2.1,,-2.43,-2.5,,-2.045,-2.465,tree,167,CZO,153.68,-2.474,
6/16/21,1,1.4,q5,QUKE,QUKE,old,78.2143,72.5759,66.8308,98.14276514,-1.96,-2.39,,-3.53,-3.76,-3.47,-2.175,-3.586666667,tree,167,CZO,,,
6/16/21,1,1.5,13,ABCO,ABCO,old,82.8743,74.1627,67.0603,122.65713,-1.1,-1.31,-1.19,-2.21,-2.28,,-1.2,-2.245,tree,167,CZO,165.7,-2.173,
6/16/21,1,1.5,58,ARPA,ARPA,old,89.303,78.4143,66.8359,94.04321841,-0.66,-0.65,,-1.67,-1.86,-1.83,-0.655,-1.786666667,shrub,167,CZO,108.3036245,-2.378742269,
6/16/21,1,1.5,50,CADE,CADE,old,84.5619,76.6484,66.2772,76.30264579,-0.66,-0.72,,-1.86,-2.4,-2.1,-0.69,-2.12,tree,167,CZO,123.2700516,-2.626049161,
6/16/21,1,1.5,,CECO,CECO,new,14.8498,13.1177,12.2811,207.0404016,-0.97,-0.88,,-1.72,-1.72,,-0.925,-1.72,shrub,167,CZO,350.9901204,-2.37890626,
6/16/21,1,1.5,14,CECO,CECO,old,76.68,70.901,66.9712,147.0558298,-0.97,-0.88,,-1.72,-1.72,,-0.925,-1.72,shrub,167,CZO,350.9901204,-2.37890626,
6/16/21,1,1.5,,PIJE,PIJE,new,15.8359,13.1727,12.1983,273.316913,-1.17,-1.27,,-3,-3.04,,-1.22,-3.02,tree,167,CZO,153.68,-2.474,
6/16/21,1,1.5,92,PIJE,PIJE,old,88.2971,78.2522,67.1458,90.4424476,-1.17,-1.27,,-3,-3.04,,-1.22,-3.02,tree,167,CZO,153.68,-2.474,
6/16/21,1,1.5,q3,QUKE,QUKE,old,77.2832,70.5874,67.5661,221.6198325,-1.2,-1.1,,-1.79,-1.62,-1.66,-1.15,-1.69,tree,167,CZO,,,
6/16/21,1,1.6,16,ABCO,ABCO,old,95.9161,81.0417,66.8974,105.1617966,-0.79,-0.87,,-2.18,-2.32,-2.17,-0.83,-2.223333333,tree,167,CZO,165.7,-2.173,
6/16/21,1,1.6,41,ARPA,ARPA,old,89.5997,78.5005,66.9616,96.18941147,-0.88,-0.96,,-1.83,-1.93,,-0.92,-1.88,shrub,167,CZO,108.3036245,-2.378742269,
6/16/21,1,1.6,18,CADE,CADE,old,100.5137,84.1158,66.865,95.05588147,-0.7,-0.73,,-1.71,-1.78,,-0.715,-1.745,tree,167,CZO,123.2700516,-2.626049161,
6/16/21,1,1.6,59,CECO,CECO,new,73.1635,69.7956,66.9956,120.2821429,-0.76,-0.78,,-1.8,-1.75,,-0.77,-1.775,shrub,167,CZO,350.9901204,-2.37890626,
6/16/21,1,1.6,17,CECO,CECO,old,71.0984,68.6482,67.1039,158.660882,-0.76,-0.78,,-1.8,-1.75,,-0.77,-1.775,shrub,167,CZO,350.9901204,-2.37890626,
6/16/21,1,1.6,,PIJE,PIJE,new,13.6205,12.5784,12.1738,257.5630252,-1.09,-1.26,-1.29,-2.48,-2.47,,-1.213333333,-2.475,tree,167,CZO,153.68,-2.474,
6/16/21,1,1.6,90,PIJE,PIJE,old,80.6119,74.0309,66.964,93.12428363,-1.09,-1.26,-1.29,-2.48,-2.47,,-1.213333333,-2.475,tree,167,CZO,153.68,-2.474,
6/16/21,1,1.6,q6,QUKE,QUKE,old,79.2432,71.1117,67.218,208.8373526,-0.97,-1.1,,-1.63,-1.82,-1.7,-1.035,-1.716666667,tree,167,CZO,,,
7/8/21,1,1.1,51,ABCO,ABCO,new,81.3865,70.6271,67.0724,302.6809576,-0.83,-0.84,,-1.73,-1.72,,-0.835,-1.725,tree,189,CZO,165.7,-2.173,
7/8/21,1,1.1,2,ABCO,ABCO,old,84.6957,74.6636,67.2096,134.586799,-0.83,-0.84,,-1.73,-1.72,,-0.835,-1.725,tree,189,CZO,165.7,-2.173,
7/8/21,1,1.1,,ARPA,ARPA,new,21.7606,15.317,12.2135,207.6236507,-0.99,-1.05,,-1.82,-1.69,-1.59,-1.02,-1.7,shrub,189,CZO,108.3036245,-2.378742269,
7/8/21,1,1.1,3,ARPA,ARPA,old,93.7606,79.5205,67.0881,114.5402336,-0.99,-1.05,,-1.82,-1.69,-1.59,-1.02,-1.7,shrub,189,CZO,108.3036245,-2.378742269,
7/8/21,1,1.1,1,CADE,CADE,old,101.478,84.06,66.9719,101.9305833,-1.07,-0.93,-0.88,-1.88,-1.76,-1.81,-0.96,-1.816666667,tree,189,CZO,123.2700516,-2.626049161,
7/8/21,1,1.1,37,CECO,CECO,old,78.8507,71.4377,66.9949,166.8542361,,,,-1.93,-2.01,,,-1.97,shrub,189,CZO,350.9901204,-2.37890626,
7/8/21,1,1.1,99,PIJE,PIJE,new,82.4219,71.9625,66.6252,195.9679988,-1.2,-1.34,-1.3,-2.04,-2.06,,-1.28,-2.05,tree,189,CZO,153.68,-2.474,
7/8/21,1,1.1,100,PIJE,PIJE,old,106.0009,85.1769,67.6061,118.5148087,-1.2,-1.34,-1.3,-2.04,-2.06,,-1.28,-2.05,tree,189,CZO,153.68,-2.474,
7/8/21,1,1.1,Q1,QUKE,QUKE,old,106.0072,89.9149,66.784,69.57057443,-1.77,-1.38,-1.79,-3.06,-2.85,-2.79,-1.646666667,-2.9,tree,189,CZO,,,
7/8/21,1,1.2,,ABCO,ABCO,new,15.9257,13.1467,12.1042,266.5707434,-1.01,-0.99,-1.1,-2.27,-2.13,-2.01,-1.033333333,-2.136666667,tree,189,CZO,165.7,-2.173,
7/8/21,1,1.2,42,ABCO,ABCO,old,100.4932,82.4389,67.0086,117.0055022,-1.01,-0.99,-1.1,-2.27,-2.13,-2.01,-1.033333333,-2.136666667,tree,189,CZO,165.7,-2.173,
7/8/21,1,1.2,24,ARPA,ARPA,old,107.251,83.4973,66.7136,141.5283877,-1,-0.96,,-2.11,-2.14,,-0.98,-2.125,shrub,189,CZO,108.3036245,-2.378742269,
7/8/21,1,1.2,33,CADE,CADE,old,106.7099,87.359,67.0385,95.22846387,-0.95,-0.88,,-1.98,-1.75,-1.89,-0.915,-1.873333333,tree,189,CZO,123.2700516,-2.626049161,
7/8/21,1,1.2,35,CECO,CECO,old,75.9477,71.0865,67.4835,134.9208993,-1.48,-1.36,,-2.57,-2.51,,-1.42,-2.54,shrub,189,CZO,350.9901204,-2.37890626,
7/8/21,1,1.2,98,PIJE,PIJE,new,79.0929,71.5074,67.2158,176.7522602,-1.67,-1.86,-1.69,-2.65,-2.8,,-1.74,-2.725,tree,189,CZO,153.68,-2.474,
7/8/21,1,1.2,97,PIJE,PIJE,old,105.6554,86.9975,67.177,94.13435584,-1.67,-1.86,-1.69,-2.65,-2.8,,-1.74,-2.725,tree,189,CZO,153.68,-2.474,
7/8/21,1,1.2,Q2,QUKE,QUKE,old,110.9684,87.9453,67.2966,111.499029,-1.46,-1.46,,-2.8,-2.86,,-1.46,-2.83,tree,189,CZO,,,
7/8/21,1,1.3,56,ABCO,ABCO,new,76.9698,69.4321,67.0473,316.0726266,-0.95,-0.96,,-1.96,-1.85,-1.88,-0.955,-1.896666667,tree,189,CZO,165.7,-2.173,
7/8/21,1,1.3,8,ABCO,ABCO,old,83.8349,73.8731,66.258,130.8164042,-0.95,-0.96,,-1.96,-1.85,-1.88,-0.955,-1.896666667,tree,189,CZO,165.7,-2.173,
7/8/21,1,1.3,39,ARPA,ARPA,old,107.9123,85.0203,67.0389,127.3093308,-1.05,-1.04,,-1.72,-1.67,,-1.045,-1.695,shrub,189,CZO,108.3036245,-2.378742269,
7/8/21,1,1.3,9,CADE,CADE,old,105.3037,86.7135,67.4201,96.35523029,-1.27,-1.17,,-2.17,-2,-2.04,-1.22,-2.07,tree,189,CZO,123.2700516,-2.626049161,
7/8/21,1,1.3,7,CECO,CECO,old,77.1862,71.1447,66.8941,142.1328754,-1.34,-1.05,-1.04,-2.12,-2.13,,-1.143333333,-2.125,shrub,189,CZO,350.9901204,-2.37890626,
7/8/21,1,1.3,91,PIJE,PIJE,new,78.977,71.6377,67.5701,180.4331793,-1.3,-1.31,,-2.47,-2.62,,-1.305,-2.545,tree,189,CZO,153.68,-2.474,
7/8/21,1,1.3,95,PIJE,PIJE,old,89.8198,78.4753,66.6617,96.02915284,-1.3,-1.31,,-2.47,-2.62,,-1.305,-2.545,tree,189,CZO,153.68,-2.474,
7/8/21,1,1.3,Q3,QUKE,QUKE,old,103.423,84.9453,67.5661,106.3207743,-2.05,-2.1,,-3.48,-3.93,-3.54,-2.075,-3.65,tree,189,CZO,,,
7/8/21,1,1.4,12,ABCO,ABCO,new,71.1335,68.0339,66.8767,267.8534393,-1.31,-1.24,,-2.22,-2.32,,-1.275,-2.27,tree,189,CZO,165.7,-2.173,
7/8/21,1,1.4,11,ABCO,ABCO,old,105.0338,83.9564,66.9994,124.2991095,-1.31,-1.24,,-2.22,-2.32,,-1.275,-2.27,tree,189,CZO,165.7,-2.173,
7/8/21,1,1.4,10,ARPA,ARPA,old,102.8178,82.6745,67.27015,130.7637128,-0.8,-0.89,,-2.32,-2.17,-2.09,-0.845,-2.193333333,shrub,189,CZO,108.3036245,-2.378742269,
7/8/21,1,1.4,40,CECO,CADE,old,86.8166,75.7552,67.2651,130.2858624,-0.86,-0.82,,-1.81,-1.84,-1.93,-0.84,-1.86,tree,189,CZO,123.2700516,-2.626049161,
7/8/21,1,1.4,,PIJE,CECO,new,18.1269,13.9949,12.1594,225.1157723,-1.04,-1.06,,-2.18,-1.98,-2.08,-1.05,-2.08,shrub,189,CZO,350.9901204,-2.37890626,
7/8/21,1,1.4,94,PIJE,PIJE,new,74.0711,69.946,67.27015,154.1603603,-1.74,-1.79,,-2.65,-2.59,,-1.765,-2.62,tree,189,CZO,153.68,-2.474,
7/8/21,1,1.4,93,PIJE,PIJE,old,85.6185,76.295,66.733,97.50575193,-1.74,-1.79,,-2.65,-2.59,,-1.765,-2.62,tree,189,CZO,153.68,-2.474,
7/8/21,1,1.4,Q4,QUKE,QUKE,old,91.2454,78.4242,66.9473,111.7130933,-2.46,-2.37,,-3.87,-3.44,-3.67,-2.415,-3.66,tree,189,CZO,,,
7/8/21,1,1.5,50,ABCO,ABCO,new,73.9027,76.3044,66.2772,-23.95185097,-1.04,-0.97,,-2.03,-1.96,,-1.005,-1.995,tree,189,CZO,165.7,-2.173,
7/8/21,1,1.5,14,ABCO,ABCO,old,88.612,75.9403,66.9712,141.281734,-1.04,-0.97,,-2.03,-1.96,,-1.005,-1.995,tree,189,CZO,165.7,-2.173,
7/8/21,1,1.5,,ARPA,ARPA,new,20.8519,15.2164,12.1893,186.1682799,-0.81,-0.84,,-2.31,-2.21,,-0.825,-2.26,shrub,189,CZO,108.3036245,-2.378742269,
7/8/21,1,1.5,15,ARPA,ARPA,old,87.5031,76.5908,66.7473,110.8579266,-0.81,-0.84,,-2.31,-2.21,,-0.825,-2.26,shrub,189,CZO,108.3036245,-2.378742269,
7/8/21,1,1.5,58,CADE,CADE,old,91.3272,79.6455,66.8359,91.19488509,-0.96,-0.9,,-2.03,-2.04,,-0.93,-2.035,tree,189,CZO,123.2700516,-2.626049161,
7/8/21,1,1.5,13,CECO,CECO,old,80.5124,72.6102,67.0603,142.3845475,-1.06,-1.13,,-2.29,-2.42,-2.38,-1.095,-2.363333333,shrub,189,CZO,350.9901204,-2.37890626,
7/8/21,1,1.5,96,PIJE,PIJE,new,83.8627,72.4474,66.8475,203.848283,-1.39,-1.4,,-2.36,-2.16,-2.08,-1.395,-2.2,tree,189,CZO,153.68,-2.474,
7/8/21,1,1.5,92,PIJE,PIJE,old,92.0639,79.3172,67.1458,104.7266543,-1.39,-1.4,,-2.36,-2.16,-2.08,-1.395,-2.2,tree,189,CZO,153.68,-2.474,
7/8/21,1,1.5,Q5,QUKE,QUKE,old,92.4321,78.6284,66.8308,117.004306,-1.4,-1.33,,-3,-2.98,,-1.365,-2.99,tree,189,CZO,,,
7/8/21,1,1.6,59,ABCO,ABCO,new,81.5459,71.1578,66.9956,249.5819519,-1.17,-1.28,-1.19,-2.06,-2.34,-2.18,-1.213333333,-2.193333333,tree,189,CZO,165.7,-2.173,
7/8/21,1,1.6,17,ABCO,ABCO,old,94.2301,78.51,67.1039,137.8218672,-1.17,-1.28,-1.19,-2.06,-2.34,-2.18,-1.213333333,-2.193333333,tree,189,CZO,165.7,-2.173,
7/8/21,1,1.6,18,ARPA,ARPA,old,97.4289,79.9131,66.865,134.2402342,-0.94,-1.06,-1,-2.15,-2.24,,-1,-2.195,shrub,189,CZO,108.3036245,-2.378742269,
7/8/21,1,1.6,41,CADE,CADE,old,90.6489,79.5547,66.9616,88.09745019,-1.16,-1.09,,-1.97,-2.07,,-1.125,-2.02,tree,189,CZO,123.2700516,-2.626049161,
7/8/21,1,1.6,16,CECO,CECO,old,82.4549,73.672,66.8974,129.6445547,-0.86,-1.02,,-2,-2.1,-1.99,-0.94,-2.03,shrub,189,CZO,350.9901204,-2.37890626,
7/8/21,1,1.6,89,PIJE,PIJE,new,77.0716,69.99,66.0909,181.6213998,-1.46,-1.35,-1.39,-1.45,-1.54,,-1.4,-1.495,tree,189,CZO,153.68,-2.474,
7/8/21,1,1.6,90,PIJE,PIJE,old,87.822,77.5708,66.964,96.64743372,-1.46,-1.35,-1.39,-1.45,-1.54,,-1.4,-1.495,tree,189,CZO,153.68,-2.474,
7/8/21,1,1.6,Q6,QUKE,QUKE,old,88.6259,76.8331,67.218,122.6487504,-1.51,-1.51,,-2.72,-2.75,,-1.51,-2.735,tree,189,CZO,,,
7/8/21,1,1.4b,57,PIJE,PIJE,old,75.6897,70.6169,66.8291,133.9247056,,,,,,,,,tree,189,CZO,153.68,-2.474,accidentally took sample from pine instead of cedar
7/9/21,2,2.1,36,ABCO,PIJE,new,76.6446,68.9899,67.4223,488.3069661,-0.83,-0.86,,-1.78,-1.84,,-0.845,-1.81,tree,190,CZO,165.7,-2.173,
7/9/21,2,2.1,20,ABCO,ABCO,old,87.0474,75.6384,67.2395,135.839217,-0.83,-0.86,,-1.78,-1.84,,-0.845,-1.81,tree,190,CZO,165.7,-2.173,
7/9/21,2,2.1,43,ARPA,ABCO,new,75.29,70.2559,67.7621,201.8646243,-0.48,-0.53,,-1.52,-1.51,,-0.505,-1.515,shrub,190,CZO,108.3036245,-2.378742269,
7/9/21,2,2.1,4,ARPA,ARPA,old,85.3363,73.4605,67.0771,186.0419212,-0.48,-0.53,,-1.52,-1.51,,-0.505,-1.515,shrub,190,CZO,108.3036245,-2.378742269,
7/9/21,2,2.1,21,CADE,ARPA,old,92.5643,79.3365,66.889,106.2687287,-0.97,-0.91,,-1.56,-1.62,,-0.94,-1.59,tree,190,CZO,123.2700516,-2.626049161,
7/9/21,2,2.1,19,CECO,CADE,old,84.1517,73.3312,67.0452,172.1364938,-0.63,-0.56,,-1.67,-1.74,,-0.595,-1.705,shrub,190,CZO,350.9901204,-2.37890626,
7/9/21,2,2.2,44,ABCO,CECO,new,80.9477,70.5409,67.2478,316.0183414,-0.64,-0.66,,-1.71,-1.8,,-0.65,-1.755,tree,190,CZO,165.7,-2.173,
7/9/21,2,2.2,23,ABCO,ABCO,old,85.4335,74.5212,66.9007,143.1966406,-0.64,-0.66,,-1.71,-1.8,,-0.65,-1.755,tree,190,CZO,165.7,-2.173,
7/9/21,2,2.2,45,ARPA,ABCO,old,93.513,77.0621,66.79,160.1512836,-0.58,-0.55,,-1.9,-1.84,,-0.565,-1.87,shrub,190,CZO,108.3036245,-2.378742269,
7/9/21,2,2.2,22,CADE,ARPA,old,95.1479,80.6486,67.128,107.2385841,-0.86,-0.73,,-1.67,-1.74,,-0.795,-1.705,tree,190,CZO,123.2700516,-2.626049161,
7/9/21,2,2.2,54,CECO,CADE,old,87.2192,74.1808,66.7763,176.0875143,-0.58,-0.5,,-1.75,-1.83,,-0.54,-1.79,shrub,190,CZO,350.9901204,-2.37890626,
7/9/21,2,2.3,62,ABCO,CECO,new,109.4372,77.6888,67.1831,302.201662,-0.58,-0.6,,-1.78,-1.73,,-0.59,-1.755,tree,190,CZO,165.7,-2.173,
7/9/21,2,2.3,26,ABCO,ABCO,old,113.1788,86.557,67.0248,136.2969865,-0.58,-0.6,,-1.78,-1.73,,-0.59,-1.755,tree,190,CZO,165.7,-2.173,
7/9/21,2,2.3,27,ARPA,ABCO,new,85.8931,73.5536,67.1459,192.5729981,-0.47,-0.45,,-1.8,-1.82,,-0.46,-1.81,shrub,190,CZO,108.3036245,-2.378742269,
7/9/21,2,2.3,34,ARPA,ARPA,old,99.1101,80.791,66.8361,131.2736028,-0.47,-0.45,,-1.8,-1.82,,-0.46,-1.81,shrub,190,CZO,108.3036245,-2.378742269,
7/9/21,2,2.3,47,CADE,ARPA,old,108.2499,85.7295,67.1503,121.2129693,-0.64,-0.61,,-1.8,-1.72,,-0.625,-1.76,tree,190,CZO,123.2700516,-2.626049161,
7/9/21,2,2.3,46,CECO,CADE,old,85.1874,73.4117,66.7779,177.5106274,-0.57,-0.59,,-1.69,-1.65,,-0.58,-1.67,shrub,190,CZO,350.9901204,-2.37890626,
7/9/21,2,2.4,28,ABCO,CECO,new,82.6798,71.0199,66.149,239.3787596,-0.71,-0.64,,-1.99,-1.95,,-0.675,-1.97,tree,190,CZO,165.7,-2.173,
7/9/21,2,2.4,29,ABCO,ABCO,old,96.7356,80.8496,67.1141,115.6565105,-0.71,-0.64,,-1.99,-1.95,,-0.675,-1.97,tree,190,CZO,165.7,-2.173,
7/9/21,2,2.4,48,ARPA,ABCO,new,94.9455,77.0265,67.0762,180.0850226,-0.81,-0.73,,-1.99,-1.95,,-0.77,-1.97,shrub,190,CZO,108.3036245,-2.378742269,
7/9/21,2,2.4,6,ARPA,ARPA,old,109.2668,85.1145,67.2973,135.5560919,-0.81,-0.73,,-1.99,-1.95,,-0.77,-1.97,shrub,190,CZO,108.3036245,-2.378742269,
7/9/21,2,2.4,49,CADE,ARPA,old,111.5744,86.8391,66.7381,123.0550719,-1.04,-0.91,,-1.89,-1.83,,-0.975,-1.86,tree,190,CZO,123.2700516,-2.626049161,
7/9/21,2,2.4,63,CECO,CADE,old,91.0881,77.03,67.202,143.0413105,-0.82,-0.79,,-1.81,-1.64,-1.75,-0.805,-1.733333333,shrub,190,CZO,350.9901204,-2.37890626,
7/9/21,2,2.5,53,ABCO,CECO,new,70.5591,68.4597,67.5941,242.5369686,-1.37,-1.35,,-1.87,-1.99,-1.9,-1.36,-1.92,tree,190,CZO,165.7,-2.173,
7/9/21,2,2.5,32,ABCO,ABCO,old,88.8374,76.7889,67.0726,124.0029641,-1.37,-1.35,,-1.87,-1.99,-1.9,-1.36,-1.92,tree,190,CZO,165.7,-2.173,
7/9/21,2,2.5,64,ARPA,ABCO,old,112.2871,82.7049,66.9221,187.4331551,-0.61,-0.58,,-2.04,-2.03,,-0.595,-2.035,shrub,190,CZO,108.3036245,-2.378742269,
7/9/21,2,2.5,31,CADE,ARPA,old,110.7282,86.4863,66.8147,123.2329856,-0.66,-0.68,,-1.61,-1.56,,-0.67,-1.585,tree,190,CZO,123.2700516,-2.626049161,
7/9/21,2,2.5,52,CECO,CADE,old,82.213,72.3628,66.9438,181.7715446,-0.54,-0.53,,-1.75,-1.86,-1.82,-0.535,-1.81,shrub,190,CZO,350.9901204,-2.37890626,
7/30/21,1,1.1,51,ABCO,CECO,new,73.2464,69.1951,67.0724,190.8559853,-0.91,-0.89,,-2.02,-2.08,,-0.9,-2.05,tree,211,CZO,165.7,-2.173,
7/30/21,1,1.1,2,ABCO,ABCO,old,99.5897,80.6937,67.2096,140.1354188,-0.91,-0.89,,-2.02,-2.08,,-0.9,-2.05,tree,211,CZO,165.7,-2.173,
7/30/21,1,1.1,37,ARPA,ABCO,both,96.8855,,,,-1.53,-1.44,,-2.87,-2.65,-2.52,-1.485,-2.68,shrub,211,CZO,108.3036245,-2.378742269,"no dry wt, melted botle"
7/30/21,1,1.1,3,CADE,ARPA,old,100.8051,84.5947,67.0881,92.59593525,-1.14,-1.08,,-2.1,-2.15,,-1.11,-2.125,tree,211,CZO,123.2700516,-2.626049161,
7/30/21,1,1.1,1,CECO,CADE,old,78.1822,72.1987,66.9719,114.4773093,-1.02,-0.96,,-2.36,-2.26,,-0.99,-2.31,shrub,211,CZO,350.9901204,-2.37890626,
7/30/21,1,1.1,99,PIJE,CECO,new,71.3636,68.4928,66.6252,153.7159991,-2.2,-2.25,,-2.74,-2.72,,-2.225,-2.73,tree,211,CZO,153.68,-2.474,
7/30/21,1,1.1,100,PIJE,PIJE,old,76.0216,,,,-2.2,-2.25,,-2.74,-2.72,,-2.225,-2.73,tree,211,CZO,153.68,-2.474,"no dry wt, melted botle"
7/30/21,1,1.1,Q1,QUKE,PIJE,old,85.7039,75.8922,66.784,107.7238093,-1.55,-2,-1.69,-3.57,-3.47,,-1.746666667,-3.52,tree,211,CZO,,,
7/30/21,1,1.2,33,ABCO,QUKE,new,75.2139,,,,-1.04,-0.97,,-2.04,-2.07,,-1.005,-2.055,tree,211,CZO,165.7,-2.173,"no dry wt, melted botle"
7/30/21,1,1.2,24,ABCO,ABCO,old,103.4523,,,,-1.04,-0.97,,-2.04,-2.07,,-1.005,-2.055,tree,211,CZO,165.7,-2.173,"no dry wt, melted botle"
7/30/21,1,1.2,38,ARPA,ABCO,both,98.2243,,,,-1.44,-1.31,-1.38,-2.93,-2.91,,-1.376666667,-2.92,shrub,211,CZO,108.3036245,-2.378742269,"no dry wt, melted botle"
7/30/21,1,1.2,35,CADE,ARPA,old,111.3171,,,,-1.05,-1.1,,-2.09,-2.06,,-1.075,-2.075,tree,211,CZO,123.2700516,-2.626049161,"no dry wt, melted botle"
7/30/21,1,1.2,42,CECO,CADE,old,76.1337,,,,-2.03,-2.47,-2.25,-3.48,-3.3,-3.25,-2.25,-3.343333333,shrub,211,CZO,350.9901204,-2.37890626,"no dry wt, melted botle"
7/30/21,1,1.2,98,PIJE,CECO,new,77.5843,71.3595,67.2158,150.2232304,-1.9,-1.94,,-2.77,-2.85,,-1.92,-2.81,tree,211,CZO,153.68,-2.474,
7/30/21,1,1.2,97,PIJE,PIJE,old,103.3091,,,,-1.9,-1.94,,-2.77,-2.85,,-1.92,-2.81,tree,211,CZO,153.68,-2.474,"no dry wt, melted botle"
7/30/21,1,1.2,Q2,QUKE,PIJE,old,82.5243,74.9773,67.2966,98.25927324,-1.22,-1.05,-1.33,-3.2,-3.21,,-1.2,-3.205,tree,211,CZO,,,
7/30/21,1,1.3,7,ABCO,QUKE,new,78.8463,71.1048,66.8941,183.8530411,-0.96,-0.9,,-2.25,-1.92,-1.97,-0.93,-2.046666667,tree,211,CZO,165.7,-2.173,
7/30/21,1,1.3,8,ABCO,ABCO,old,95.2154,79.145,66.258,124.7024133,-0.96,-0.9,,-2.25,-1.92,-1.97,-0.93,-2.046666667,tree,211,CZO,165.7,-2.173,
7/30/21,1,1.3,56,ARPA,ABCO,both,94.9564,80.9365,67.0473,100.9410189,-0.87,-0.66,-0.68,-2.08,-1.99,,-0.736666667,-2.035,shrub,211,CZO,108.3036245,-2.378742269,
7/30/21,1,1.3,39,CADE,ARPA,old,104.6352,85.6222,67.0389,102.3122911,-1.84,-1.85,,-2.17,-2.22,,-1.845,-2.195,tree,211,CZO,123.2700516,-2.626049161,
7/30/21,1,1.3,9,CECO,CADE,old,80.936,74.7447,67.4201,84.52748273,-1.81,-1.72,,-2.83,-2.57,-2.69,-1.765,-2.696666667,shrub,211,CZO,350.9901204,-2.37890626,
7/30/21,1,1.3,91,PIJE,CECO,new,79.2537,72.2197,67.5701,151.2818307,-1.86,-1.84,,-2.98,-3.08,,-1.85,-3.03,tree,211,CZO,153.68,-2.474,
7/30/21,1,1.3,92,PIJE,PIJE,old,90.1421,,,,-1.86,-1.84,,-2.98,-3.08,,-1.85,-3.03,tree,211,CZO,153.68,-2.474,"no dry wt, melted botle"
7/30/21,1,1.3,Q3,QUKE,PIJE,old,87.1097,77.6092,67.5661,94.5972857,-1.88,-1.97,,-4.16,-4.13,,-1.925,-4.145,tree,211,CZO,,,
7/30/21,1,1.4,11,ABCO,QUKE,old,99.0963,82.4478,66.9994,107.768442,-1.36,-1.56,-1.36,-2.14,-2.07,,-1.426666667,-2.105,tree,211,CZO,165.7,-2.173,
7/30/21,1,1.4,12,ARPA,ABCO,old,97.7963,81.1423,66.8767,116.7423733,-1.08,-0.91,-0.91,-2.97,-2.95,,-0.966666667,-2.96,shrub,211,CZO,108.3036245,-2.378742269,
7/30/21,1,1.4,10,CADE,ARPA,old,103.4517,86.3304,67.27015,89.8272583,-1.11,-1.19,,-2.2,-2.11,,-1.15,-2.155,tree,211,CZO,123.2700516,-2.626049161,
7/30/21,1,1.4,40,CECO,CADE,old,87.4851,77.1281,67.2651,105.0086181,-1.04,-0.98,,-2.29,-2.37,,-1.01,-2.33,shrub,211,CZO,350.9901204,-2.37890626,
7/30/21,1,1.4,94,PIJE,CECO,new,72.8862,69.9281,67.27015,111.2925375,-1.98,-2.07,,-2.45,-2.29,-2.27,-2.025,-2.336666667,tree,211,CZO,153.68,-2.474,
7/30/21,1,1.4,93,PIJE,PIJE,old,109.2266,,,,-1.98,-2.07,,-2.45,-2.29,-2.27,-2.025,-2.336666667,tree,211,CZO,153.68,-2.474,"no dry wt, melted botle"
7/30/21,1,1.4,Q4,QUKE,PIJE,old,79.7371,73.5336,66.9473,94.18793556,-1.85,-1.81,,-3.82,-3.9,,-1.83,-3.86,tree,211,CZO,,,
7/30/21,1,1.5,15,ABCO,QUKE,new,68.9494,67.7644,66.7473,116.507718,-1.43,-1.3,-1.33,-2.24,-2.31,,-1.353333333,-2.275,tree,211,CZO,165.7,-2.173,
7/30/21,1,1.5,14,ABCO,ABCO,old,98.2755,80.8932,66.9712,124.8549059,-1.43,-1.3,-1.33,-2.24,-2.31,,-1.353333333,-2.275,tree,211,CZO,165.7,-2.173,
7/30/21,1,1.5,50,ARPA,ABCO,both,98.4766,81.8392,66.2772,106.9104228,-2.38,-2.29,,-3.37,-3.33,,-2.335,-3.35,shrub,211,CZO,108.3036245,-2.378742269,
7/30/21,1,1.5,13,CADE,ARPA,old,104.1,86.2008,67.0603,93.51479846,-0.99,-1.52,-1.49,-2.35,-2.31,,-1.333333333,-2.33,tree,211,CZO,123.2700516,-2.626049161,
7/30/21,1,1.5,58,CECO,CADE,old,78.6854,72.9272,66.8359,94.53154499,-2.8,-2.35,-2.08,-3.02,-2.72,-3,-2.41,-2.913333333,shrub,211,CZO,350.9901204,-2.37890626,
7/30/21,1,1.5,96,PIJE,CECO,new,72.6966,69.0696,66.8475,163.2239773,-1.65,-1.56,,-2.36,-2.3,,-1.605,-2.33,tree,211,CZO,153.68,-2.474,
7/30/21,1,1.5,95,PIJE,PIJE,old,80.463,,,,-1.65,-1.56,,-2.36,-2.3,,-1.605,-2.33,tree,211,CZO,153.68,-2.474,"no dry wt, melted botle"
7/30/21,1,1.5,Q5,QUKE,PIJE,old,88.3848,77.1776,66.8308,108.3156145,-1.79,-1.26,-1.65,-3.28,-3.19,,-1.566666667,-3.235,tree,211,CZO,,,
7/30/21,1,1.6,59,ABCO,QUKE,new,77.351,71.1752,66.9956,147.7605512,-1.73,-1.65,,-2.14,-2.18,,-1.69,-2.16,tree,211,CZO,165.7,-2.173,
7/30/21,1,1.6,17,ABCO,ABCO,old,96.8831,80.2966,67.1039,125.7248327,-1.73,-1.65,,-2.14,-2.18,,-1.69,-2.16,tree,211,CZO,165.7,-2.173,
7/30/21,1,1.6,18,ARPA,ABCO,both,96.0132,80.6496,66.865,111.4548119,-1.28,-1.3,,-2.9,-2.76,-2.83,-1.29,-2.83,shrub,211,CZO,108.3036245,-2.378742269,
7/30/21,1,1.6,41,CADE,ARPA,old,101.1849,84.499,66.9616,95.14466226,-2.18,-2.17,,-2.73,-2.74,,-2.175,-2.735,tree,211,CZO,123.2700516,-2.626049161,
7/30/21,1,1.6,16,CECO,CADE,old,81.3206,73.9109,66.8974,105.6491053,-1.79,-1.45,-1.5,-2.78,-2.73,,-1.58,-2.755,shrub,211,CZO,350.9901204,-2.37890626,
7/30/21,1,1.6,89,PIJE,CECO,new,74.5479,69.5789,66.0909,142.4598624,-1.83,-1.94,-1.83,-2.32,-2.38,,-1.866666667,-2.35,tree,211,CZO,153.68,-2.474,
7/30/21,1,1.6,90,PIJE,PIJE,old,110.4337,,,,-1.83,-1.94,-1.83,-2.32,-2.38,,-1.866666667,-2.35,tree,211,CZO,153.68,-2.474,"no dry wt, melted botle"
7/30/21,1,1.6,Q6,QUKE,PIJE,old,84.4732,76.2861,67.218,90.28462412,-1.46,-1.25,-1.78,-3.12,-3.03,,-1.496666667,-3.075,tree,211,CZO,,,
7/31/21,2,2.1,43,ABCO,QUKE,new,79.0386,71.4815,67.7621,203.1806205,-1.07,-1.06,,-1.85,-1.8,,-1.065,-1.825,tree,212,CZO,165.7,-2.173,
7/31/21,2,2.1,20,ABCO,ABCO,old,97.9223,80.5297,67.2395,130.8678575,-1.07,-1.06,,-1.85,-1.8,,-1.065,-1.825,tree,212,CZO,165.7,-2.173,
7/31/21,2,2.1,36,ARPA,ABCO,both,101.337,82.3548,67.4223,127.1200402,-0.45,-0.45,,-1.74,-1.74,,-0.45,-1.74,shrub,212,CZO,108.3036245,-2.378742269,
7/31/21,2,2.1,19,CADE,ARPA,old,104.5426,84.9869,67.0452,108.9958031,-1.42,-1.48,,-2.05,-2.07,,-1.45,-2.06,tree,212,CZO,123.2700516,-2.626049161,
7/31/21,2,2.1,4,CECO,CADE,old,83.9225,75.1503,67.0771,108.6582768,-1.22,-1.31,,-2.27,-2.2,,-1.265,-2.235,shrub,212,CZO,350.9901204,-2.37890626,
7/31/21,2,2.2,44,ABCO,CECO,new,79.4343,71.2793,67.2478,202.282029,-0.83,-0.88,,-1.71,-1.88,-1.79,-0.855,-1.793333333,tree,212,CZO,165.7,-2.173,
7/31/21,2,2.2,22,ABCO,ABCO,old,104.01,82.5079,67.128,139.8065007,-0.83,-0.88,,-1.71,-1.88,-1.79,-0.855,-1.793333333,tree,212,CZO,165.7,-2.173,
7/31/21,2,2.2,54,ARPA,ABCO,both,96.3155,79.2319,66.7763,137.155978,-0.56,-0.55,,-1.87,-1.96,,-0.555,-1.915,shrub,212,CZO,108.3036245,-2.378742269,
7/31/21,2,2.2,45,CADE,ARPA,old,118.1167,91.2121,66.79,110.1649735,-0.93,-0.81,-1.04,-1.76,-1.68,,-0.926666667,-1.72,tree,212,CZO,123.2700516,-2.626049161,
7/31/21,2,2.2,23,CECO,CADE,old,81.4213,73.533,66.9007,118.9376234,-0.6,-0.52,,-1.84,-2.05,-1.83,-0.56,-1.906666667,shrub,212,CZO,350.9901204,-2.37890626,
7/31/21,2,2.3,47,ABCO,CECO,new,103.8361,79.6498,67.1503,193.4981399,-0.69,-0.73,,-1.77,-1.83,,-0.71,-1.8,tree,212,CZO,165.7,-2.173,
7/31/21,2,2.3,34,ABCO,ABCO,old,99.9546,80.6376,66.8361,139.9630475,-0.69,-0.73,,-1.77,-1.83,,-0.71,-1.8,tree,212,CZO,165.7,-2.173,
7/31/21,2,2.3,26,ARPA,ABCO,both,107.0123,84.0241,67.0248,135.2302742,-0.69,-0.63,,-2.24,-1.95,-2.28,-0.66,-2.156666667,shrub,212,CZO,108.3036245,-2.378742269,
7/31/21,2,2.3,46,CADE,ARPA,old,112.1141,88.0491,66.7779,113.1341908,-1.01,-1.02,,-1.98,-1.98,,-1.015,-1.98,tree,212,CZO,123.2700516,-2.626049161,
7/31/21,2,2.3,62,CECO,CADE,old,80.5822,73.1634,67.1831,124.0539772,-0.85,-0.96,-0.79,-1.95,-1.91,,-0.866666667,-1.93,shrub,212,CZO,350.9901204,-2.37890626,
7/31/21,2,2.4,28,ABCO,CECO,new,76.7325,70.2176,66.149,160.1263334,-1.11,-1.14,,-1.84,-1.81,,-1.125,-1.825,tree,212,CZO,165.7,-2.173,
7/31/21,2,2.4,29,ABCO,ABCO,old,105.2437,84.1786,67.1141,123.4439919,-1.11,-1.14,,-1.84,-1.81,,-1.125,-1.825,tree,212,CZO,165.7,-2.173,
7/31/21,2,2.4,48,ARPA,ABCO,both,103.0123,83.4308,67.0762,119.7308403,-1.82,-1.83,,-2.06,-1.99,,-1.825,-2.025,shrub,212,CZO,108.3036245,-2.378742269,
7/31/21,2,2.4,63,CADE,ARPA,old,109.7406,88.2838,67.202,101.7787855,-2.19,-2.13,,-2.72,-2.63,,-2.16,-2.675,tree,212,CZO,123.2700516,-2.626049161,
7/31/21,2,2.4,49,CECO,CADE,old,79.5711,72.6202,66.7381,118.1703813,-1.1,-1.16,,-2.3,-2.15,-2.18,-1.13,-2.21,shrub,212,CZO,350.9901204,-2.37890626,
7/31/21,2,2.5,53,ABCO,CECO,new,71.1064,69.1003,67.5941,133.1894835,-1.62,-1.66,,-1.99,-1.97,,-1.64,-1.98,tree,212,CZO,165.7,-2.173,
7/31/21,2,2.5,32,ABCO,ABCO,old,101.7228,83.9011,67.0726,105.9018926,-1.62,-1.66,,-1.99,-1.97,,-1.64,-1.98,tree,212,CZO,165.7,-2.173,
7/31/21,2,2.5,52,ARPA,ABCO,both,105.8404,,,,-0.9,-0.85,,-2.52,-2.41,,-0.875,-2.465,shrub,212,CZO,108.3036245,-2.378742269,"no dry wt, melted botle"
7/31/21,2,2.5,64,CADE,ARPA,old,109.8201,,,,-0.91,-0.89,,-1.86,-1.97,-1.99,-0.9,-1.94,tree,212,CZO,123.2700516,-2.626049161,"no dry wt, melted botle"
7/31/21,2,2.5,31,CECO,CADE,old,80.9458,,,,-0.67,-0.73,,-2.02,-1.95,,-0.7,-1.985,shrub,212,CZO,350.9901204,-2.37890626,"no dry wt, melted botle"
8/19/21,1,1.1,3,ABCO,CECO,old,102.3005,82.6065,67.0881,126.9074131,-1.1,-1.22,-1.23,-1.93,-1.85,,-1.183333333,-1.89,tree,231,CZO,165.7,-2.173,
8/19/21,1,1.1,1,ARPA,ABCO,old,94.8651,80.9861,66.9719,99.03526423,-2.58,-2.45,-2.5,-3.23,-3.19,,-2.51,-3.21,shrub,231,CZO,108.3036245,-2.378742269,
8/19/21,1,1.1,51,CADE,ARPA,old,115.1793,91.8692,67.0724,94.00446832,-1.83,-1.91,,-2.17,-2.29,-2.22,-1.87,-2.226666667,tree,231,CZO,123.2700516,-2.626049161,
8/19/21,1,1.1,2,CECO,CADE,old,81.228,74.3596,67.2096,96.06153846,-1.8,-1.77,,-2.9,-2.81,,-1.785,-2.855,shrub,231,CZO,350.9901204,-2.37890626,
8/19/21,1,1.1,99,PIJE,CECO,new,78.6762,69.6705,66.6252,295.7245592,-2.34,-2.5,-2.54,-2.54,-2.41,-2.47,-2.46,-2.473333333,tree,231,CZO,153.68,-2.474,
8/19/21,1,1.1,101,PIJE,PIJE,old,81.7807,74.0513,67.2101,112.9831024,-2.34,-2.5,-2.54,-2.54,-2.41,-2.47,-2.46,-2.473333333,tree,231,CZO,153.68,-2.474,
8/19/21,1,1.1,Q1,QUKE,PIJE,old,85.9885,76.3091,66.784,101.6199305,-2.91,-2.76,-2.56,-3.73,-3.63,,-2.743333333,-3.68,tree,231,CZO,,,
8/19/21,1,1.2,55,ABCO,QUKE,new,71.8747,68.4377,66.3147,161.8935469,-1.61,-1.59,,-2.04,-2.05,,-1.6,-2.045,tree,231,CZO,165.7,-2.173,
8/19/21,1,1.2,109,ABCO,ABCO,old,104.9563,83.8936,68.141,133.7093559,-1.61,-1.59,,-2.04,-2.05,,-1.6,-2.045,tree,231,CZO,165.7,-2.173,
8/19/21,1,1.2,107,ARPA,ABCO,old,95.5538,82.0172,67.8416,95.4922543,-2.77,-1.83,-2.62,-3.32,-3.24,,-2.406666667,-3.28,shrub,231,CZO,108.3036245,-2.378742269,
8/19/21,1,1.2,5,CADE,ARPA,old,110.0896,89.0072,67.3699,97.43544712,-1.58,-1.52,,-2.03,-1.97,,-1.55,-2,tree,231,CZO,123.2700516,-2.626049161,
8/19/21,1,1.2,108,CECO,CADE,old,76.8759,72.7926,67.7672,81.25323357,-2.53,-2.63,,-3.95,-3.68,-3.83,-2.58,-3.82,shrub,231,CZO,350.9901204,-2.37890626,
8/19/21,1,1.2,98,PIJE,CECO,new,88.3558,75.7652,67.2158,147.2688142,-2.28,-2.33,,-2.49,-2.51,,-2.305,-2.5,tree,231,CZO,153.68,-2.474,
8/19/21,1,1.2,102,PIJE,PIJE,old,73.509,70.2344,66.9236,98.90660867,-2.28,-2.33,,-2.49,-2.51,,-2.305,-2.5,tree,231,CZO,153.68,-2.474,
8/19/21,1,1.2,Q2,QUKE,PIJE,old,87.8143,77.8313,67.2966,94.76302125,-1.66,-1.64,,-3.47,-3.24,,-1.65,-3.355,tree,231,CZO,,,
8/19/21,1,1.3,56,ABCO,QUKE,new,72.8292,69.3386,67.0473,152.3414655,-1.24,-1.23,,-2.07,-1.94,,-1.235,-2.005,tree,231,CZO,165.7,-2.173,
8/19/21,1,1.3,8,ABCO,ABCO,old,97.7259,80.4114,66.258,122.3345627,-1.24,-1.23,,-2.07,-1.94,,-1.235,-2.005,tree,231,CZO,165.7,-2.173,
8/19/21,1,1.3,39,ARPA,ABCO,old,100.7452,84.9403,67.0389,88.28862547,-1.16,-1.19,,-2.27,-2.21,,-1.175,-2.24,shrub,231,CZO,108.3036245,-2.378742269,
8/19/21,1,1.3,7,CADE,ARPA,old,106.307,87.3635,66.8941,92.5454581,-2.3,-2.36,,-2.54,-2.38,-2.55,-2.33,-2.49,tree,231,CZO,123.2700516,-2.626049161,
8/19/21,1,1.3,9,CECO,CADE,old,80.5899,74.4816,67.4201,86.50145153,-2.17,-2.08,,-3.11,-3.01,,-2.125,-3.06,shrub,231,CZO,350.9901204,-2.37890626,
8/19/21,1,1.3,96,PIJE,CECO,new,78.875,78.5874,66.8475,2.44976533,-2.17,-2.17,,-2.13,-2.32,-2.32,-2.17,-2.256666667,tree,231,CZO,153.68,-2.474,
8/19/21,1,1.3,103,PIJE,PIJE,old,83.736,75.8413,67.6754,96.67887189,-2.17,-2.17,,-2.13,-2.32,-2.32,-2.17,-2.256666667,tree,231,CZO,153.68,-2.474,
8/19/21,1,1.3,Q3,QUKE,PIJE,old,86.5719,77.5658,67.5661,90.06370191,-2.72,-2.79,,-4.02,-3.81,-3.43,-2.755,-3.753333333,tree,231,CZO,,,
8/19/21,1,1.4,11,ABCO,QUKE,old,116.8279,89.6118,66.9994,120.3591835,-1.92,-1.86,,-2.01,-1.99,,-1.89,-2,tree,231,CZO,165.7,-2.173,
8/19/21,1,1.4,10,ARPA,ABCO,old,102.9134,85.6966,67.27015,93.43525204,-1.6,-1.52,,-2.01,-1.99,,-1.56,-2,shrub,231,CZO,108.3036245,-2.378742269,
8/19/21,1,1.4,57,CADE,ARPA,old,116.5069,92.6047,66.8291,92.73188597,-1.57,-1.59,,-2.06,-2.06,,-1.58,-2.06,tree,231,CZO,123.2700516,-2.626049161,
8/19/21,1,1.4,40,CECO,CADE,old,86.5549,77.202,67.2651,94.1229156,-1.17,-1.11,,-2.62,-2.35,-2.37,-1.14,-2.446666667,shrub,231,CZO,350.9901204,-2.37890626,
8/19/21,1,1.4,94,PIJE,CECO,new,75.6705,72.6238,67.27015,56.9088379,-2.48,-2.53,,-2.41,-2.31,,-2.505,-2.36,tree,231,CZO,153.68,-2.474,
8/19/21,1,1.4,104,PIJE,PIJE,old,78.1918,72.9498,67.7099,100.0400771,-2.48,-2.53,,-2.41,-2.31,,-2.505,-2.36,tree,231,CZO,153.68,-2.474,
8/19/21,1,1.4,Q4,QUKE,PIJE,old,79.0859,73.3678,66.9473,89.06004205,-2.65,-2.95,-3.04,-3.57,-3.51,,-2.88,-3.54,tree,231,CZO,,,
8/19/21,1,1.5,15,ABCO,QUKE,new,71.4852,68.7756,66.7473,133.5897057,-1.61,-1.68,,-2.21,-2.21,,-1.645,-2.21,tree,231,CZO,165.7,-2.173,
8/19/21,1,1.5,50,ABCO,ABCO,old,96.3334,79.9258,66.2772,120.2145275,-1.61,-1.68,,-2.21,-2.21,,-1.645,-2.21,tree,231,CZO,165.7,-2.173,
8/19/21,1,1.5,58,ARPA,ABCO,old,91.02,79.1852,66.8359,95.83377195,-3.61,-3.54,,-4.1,-4.18,,-3.575,-4.14,shrub,231,CZO,108.3036245,-2.378742269,
8/19/21,1,1.5,14,CADE,ARPA,old,103.084,86.7285,66.9712,82.7820603,-2.07,-1.99,,-2.4,-2.38,,-2.03,-2.39,tree,231,CZO,123.2700516,-2.626049161,
8/19/21,1,1.5,13,CECO,CADE,old,81.6243,74.7741,67.0603,88.80448028,-2.98,-3.01,,-3.2,-3.28,,-2.995,-3.24,shrub,231,CZO,350.9901204,-2.37890626,
8/19/21,1,1.5,91,PIJE,CECO,new,87.748,76.0959,67.5701,136.6686997,-1.83,-1.72,-1.83,-2.17,-2.03,-2.01,-1.793333333,-2.07,tree,231,CZO,153.68,-2.474,
8/19/21,1,1.5,105,PIJE,PIJE,old,113.4962,90.2092,67.3272,101.7699502,-1.83,-1.72,-1.83,-2.17,-2.03,-2.01,-1.793333333,-2.07,tree,231,CZO,153.68,-2.474,
8/19/21,1,1.5,Q5,QUKE,PIJE,old,81.8332,74.4211,66.8308,97.65226671,-1.58,-1.63,,-2.94,-3.2,-2.89,-1.605,-3.01,tree,231,CZO,,,
8/19/21,1,1.6,41,ABCO,QUKE,new,71.5978,68.8883,66.9616,140.6290549,-1.77,-1.86,,-2.1,-2.13,,-1.815,-2.115,tree,231,CZO,165.7,-2.173,
8/19/21,1,1.6,17,ABCO,ABCO,old,96.187,79.9891,67.1039,125.7093409,-1.77,-1.86,,-2.1,-2.13,,-1.815,-2.115,tree,231,CZO,165.7,-2.173,"general: no clouds, hazy from fires, relatively cool temp."
8/19/21,1,1.6,59,ARPA,ABCO,old,104.4871,86.6724,66.9956,90.53657099,-2.89,-1.85,-1.76,-2.94,-3.03,,-2.166666667,-2.985,shrub,231,CZO,108.3036245,-2.378742269,
8/19/21,1,1.6,18,CADE,ARPA,old,92.2179,80.1522,66.865,90.80694202,-2.97,-3.01,,-2.87,-2.92,,-2.99,-2.895,tree,231,CZO,123.2700516,-2.626049161,
8/19/21,1,1.6,16,CECO,CADE,old,80.0183,73.8767,66.8974,87.99736363,-2.14,-1.8,-1.81,-2.94,-2.55,-2.87,-1.916666667,-2.786666667,shrub,231,CZO,350.9901204,-2.37890626,
8/19/21,1,1.6,89,PIJE,CECO,new,78.4833,71.3506,66.0909,135.610396,-2.15,-2.11,,-2.36,-2.34,,-2.13,-2.35,tree,231,CZO,153.68,-2.474,
8/19/21,1,1.6,106,PIJE,PIJE,old,85.1809,76.1305,67.8606,109.4378408,-2.15,-2.11,,-2.36,-2.34,,-2.13,-2.35,tree,231,CZO,153.68,-2.474,
8/19/21,1,1.6,Q6,QUKE,PIJE,old,77.2849,72.4994,67.218,90.6104442,-1.66,-1.69,,-3.05,-3.13,,-1.675,-3.09,tree,231,CZO,,,
8/20/21,2,2.1,36,ABCO,QUKE,new,72.726,69.4688,67.4223,159.1595407,-1.48,-1.41,,-2,-2.08,,-1.445,-2.04,tree,232,CZO,165.7,-2.173,
8/20/21,2,2.1,20,ABCO,ABCO,old,91.2002,77.6779,67.2395,129.5437998,-1.48,-1.41,,-2,-2.08,,-1.445,-2.04,tree,232,CZO,165.7,-2.173,
8/20/21,2,2.1,43,ARPA,ABCO,old,92.7416,79.4753,67.7621,113.2593997,-1.84,-1.77,,-2.51,-2.6,,-1.805,-2.555,shrub,232,CZO,108.3036245,-2.378742269,
8/20/21,2,2.1,4,CADE,ARPA,old,105.8664,85.2503,67.0771,113.4423217,-1.99,-1.95,,-2.53,-2.47,,-1.97,-2.5,tree,232,CZO,123.2700516,-2.626049161,
8/20/21,2,2.1,19,CECO,CADE,old,78.4844,72.7742,67.0452,99.671845,-2.12,-1.04,,-3.11,-3.14,,-1.58,-3.125,shrub,232,CZO,350.9901204,-2.37890626,
8/20/21,2,2.2,44,ABCO,CECO,new,78.7878,71.7138,67.2478,158.3967756,-1.01,-1.07,,-1.95,-2.07,-2.03,-1.04,-2.016666667,tree,232,CZO,165.7,-2.173,
8/20/21,2,2.2,23,ABCO,ABCO,old,110.9793,85.6665,66.9007,134.8879344,-1.01,-1.07,,-1.95,-2.07,-2.03,-1.04,-2.016666667,tree,232,CZO,165.7,-2.173,
8/20/21,2,2.2,45,ARPA,ABCO,old,100.3155,82.2468,66.79,116.8980643,-1.34,-1.31,,-2.51,-2.64,-2.16,-1.325,-2.436666667,shrub,232,CZO,108.3036245,-2.378742269,
8/20/21,2,2.2,54,CADE,ARPA,old,106.3227,86.4601,66.7763,100.9083612,-1.31,-1.1,-1.14,-2.02,-2,,-1.183333333,-2.01,tree,232,CZO,123.2700516,-2.626049161,
8/20/21,2,2.2,22,CECO,CADE,old,83.1769,74.9893,67.128,104.150713,-1.2,-0.97,,-2.93,-2.86,,-1.085,-2.895,shrub,232,CZO,350.9901204,-2.37890626,
8/20/21,2,2.3,53,ABCO,CECO,new,90.1595,75.552,67.5941,183.5597331,-1.06,-1.1,,-1.98,-1.83,-1.86,-1.08,-1.89,tree,232,CZO,165.7,-2.173,
8/20/21,2,2.3,110,ABCO,ABCO,old,104.6485,82.6119,67.4751,145.5829502,-1.06,-1.1,,-1.98,-1.83,-1.86,-1.08,-1.89,tree,232,CZO,165.7,-2.173,
8/20/21,2,2.3,32,ARPA,ABCO,old,105.3287,86.8227,67.0726,93.70079139,-1.06,-1.11,,-2.66,-2.59,,-1.085,-2.625,shrub,232,CZO,108.3036245,-2.378742269,
8/20/21,2,2.3,111,CADE,ARPA,old,109.6908,88.1344,67.8006,106.0126489,-1.74,-1.83,,-2.45,-2.41,,-1.785,-2.43,tree,232,CZO,123.2700516,-2.626049161,
8/20/21,2,2.3,112,CECO,CADE,old,80.9088,74.0512,67.0288,97.65322397,-1.62,-1.62,,-2.63,-2.73,,-1.62,-2.68,shrub,232,CZO,350.9901204,-2.37890626,
8/20/21,2,2.4,28,ABCO,CECO,old,107.988,85.3956,66.149,117.3838496,-1.63,-1.66,,-1.74,-1.68,,-1.645,-1.71,tree,232,CZO,165.7,-2.173,
8/20/21,2,2.4,63,ARPA,ABCO,old,98.8092,82.8728,67.202,101.694872,-2.43,-2.5,,-3.6,-3.67,,-2.465,-3.635,shrub,232,CZO,108.3036245,-2.378742269,
8/20/21,2,2.4,49,CADE,ARPA,old,95.3732,81.2906,66.7381,96.77100155,-2.69,-2.76,,-2.95,-2.86,,-2.725,-2.905,tree,232,CZO,123.2700516,-2.626049161,
8/20/21,2,2.4,29,CECO,CADE,old,80.9971,74.3192,67.1141,92.68296068,-1.45,-1.38,,-2.22,-2.3,,-1.415,-2.26,shrub,232,CZO,350.9901204,-2.37890626,
8/20/21,2,2.5,62,ABCO,CECO,new,68.6694,67.8256,67.1831,131.3307393,-1.74,-1.78,,-2.1,-2.13,,-1.76,-2.115,tree,232,CZO,165.7,-2.173,
8/20/21,2,2.5,26,ABCO,ABCO,old,99.7828,82.5739,67.0248,110.6745728,-1.74,-1.78,,-2.1,-2.13,,-1.76,-2.115,tree,232,CZO,165.7,-2.173,
8/20/21,2,2.5,34,ARPA,ABCO,old,88.9821,77.3487,66.8361,110.6614919,-1.09,-1.11,,-2.69,-2.72,,-1.1,-2.705,shrub,232,CZO,108.3036245,-2.378742269,
8/20/21,2,2.5,46,CADE,ARPA,old,105.8584,85.2015,66.7779,112.1219523,-1.36,-1.27,,-2.3,-2.34,,-1.315,-2.32,tree,232,CZO,123.2700516,-2.626049161,
8/20/21,2,2.5,47,CECO,CADE,old,81.7443,74.2741,67.1503,104.8625733,-1.1,-1.25,-1.25,-2.24,-2.33,,-1.2,-2.285,shrub,232,CZO,350.9901204,-2.37890626,
9/16/21,1,1.1,51,ABCO,CECO,new,72.655,69.3733,66.9616,136.0741386,-1.4,-1.72,-1.53,-1.84,-1.88,,-1.55,-1.86,tree,259,CZO,165.7,-2.173,
9/16/21,1,1.1,11,ABCO,ABCO,old,99.7648,81.5533,67.0389,125.4719451,-1.4,-1.72,-1.53,-1.84,-1.88,,-1.55,-1.86,tree,259,CZO,165.7,-2.173,
9/16/21,1,1.1,2,ARPA,ABCO,old,101.9165,85.7941,66.8361,85.04272603,-3.5,-3.46,,-4.37,-4.27,,-3.48,-4.32,shrub,259,CZO,108.3036245,-2.378742269,
9/16/21,1,1.1,1,CADE,ARPA,old,107.701,87.6759,67.2651,98.11031415,-2.52,-2.41,-2.41,-2.61,-2.69,,-2.446666667,-2.65,tree,259,CZO,123.2700516,-2.626049161,
9/16/21,1,1.1,3,CECO,CADE,old,87.844,77.8837,67.4223,95.21001013,-2.81,-2.74,,-3.39,-3.44,,-2.775,-3.415,shrub,259,CZO,350.9901204,-2.37890626,
9/16/21,1,1.1,99,PIJE,CECO,new,74.35,69.6157,66.7381,164.5225188,-2.17,-2.24,,-2.76,-2.81,,-2.205,-2.785,tree,259,CZO,153.68,-2.474,
9/16/21,1,1.1,101,PIJE,PIJE,old,88.4632,77.0346,67.7621,123.2526287,-2.17,-2.24,,-2.76,-2.81,,-2.205,-2.785,tree,259,CZO,153.68,-2.474,
9/16/21,1,1.1,Q1,QUKE,PIJE,old,79.0856,72.9919,66.9719,101.2242525,-3.55,-3.46,,-4.34,-4.55,-4.26,-3.505,-4.383333333,tree,259,CZO,,,
9/16/21,1,1.2,55,ABCO,QUKE,new,76.2557,70.1953,67.0726,194.0756397,-1.64,-1.65,,-1.81,-2.2,-1.87,-1.645,-1.96,tree,259,CZO,165.7,-2.173,
9/16/21,1,1.2,107,ABCO,ABCO,old,104.2427,83.4732,66.9007,125.3250867,-1.64,-1.65,,-1.81,-2.2,-1.87,-1.645,-1.96,tree,259,CZO,165.7,-2.173,
9/16/21,1,1.2,5,ARPA,ABCO,old,91.2691,80.0718,67.1141,86.41425562,-2.27,-2.35,,-3.74,-3.69,,-2.31,-3.715,shrub,259,CZO,108.3036245,-2.378742269,
9/16/21,1,1.2,108,CADE,ARPA,old,117.4637,93.7424,67.0248,88.78529509,-2.07,-2.12,,-2.33,-2.28,,-2.095,-2.305,tree,259,CZO,123.2700516,-2.626049161,
9/16/21,1,1.2,109,CECO,CADE,old,77.1134,72.8885,67.128,73.34259179,-3.19,-3.2,,-4.02,-4.03,,-3.195,-4.025,shrub,259,CZO,350.9901204,-2.37890626,
9/16/21,1,1.2,98,PIJE,CECO,new,85.5489,76.0487,66.2772,97.22355831,-2.24,-2.27,,-3.15,-2.88,-2.98,-2.255,-3.003333333,tree,259,CZO,153.68,-2.474,
9/16/21,1,1.2,102,PIJE,PIJE,old,109.2477,87.9246,67.2478,103.1257255,-2.24,-2.27,,-3.15,-2.88,-2.98,-2.255,-3.003333333,tree,259,CZO,153.68,-2.474,
9/16/21,1,1.2,Q2,QUKE,PIJE,old,85.741,76.9782,67.2096,89.70374465,-1.83,-1.95,-1.71,-3.11,-2.97,-3.15,-1.83,-3.076666667,tree,259,CZO,,,
9/16/21,1,1.3,39,ABCO,QUKE,new,74.5869,70.1244,67.0473,145.0229112,-1.46,-1.55,,-2.26,-2.21,,-1.505,-2.235,tree,259,CZO,165.7,-2.173,
9/16/21,1,1.3,8,ABCO,ABCO,old,106.3636,84.4022,66.9956,126.167086,-1.46,-1.55,,-2.26,-2.21,,-1.505,-2.235,tree,259,CZO,165.7,-2.173,
9/16/21,1,1.3,7,ARPA,ABCO,old,103.5041,86.1047,67.1831,91.95522577,-1.11,-1.06,,-3.21,-3.18,,-1.085,-3.195,shrub,259,CZO,108.3036245,-2.378742269,
9/16/21,1,1.3,56,CADE,ARPA,old,99.7567,83.8756,66.8291,93.16340598,-2.75,-2.69,,-2.91,-2.86,-3.2,-2.72,-2.99,tree,259,CZO,123.2700516,-2.626049161,
9/16/21,1,1.3,9,CECO,CADE,old,77.1073,72.7909,66.8359,72.4836272,-2.61,-2.64,,-3.37,-3.22,-3.2,-2.625,-3.263333333,shrub,259,CZO,350.9901204,-2.37890626,
9/16/21,1,1.3,96,PIJE,CECO,new,80.2502,72.2541,67.0724,154.3142212,-2.11,-2.16,,-2.48,-2.45,,-2.135,-2.465,tree,259,CZO,153.68,-2.474,
9/16/21,1,1.3,103,PIJE,PIJE,old,86.2986,76.8447,66.79,94.02468497,-2.11,-2.16,,-2.48,-2.45,,-2.135,-2.465,tree,259,CZO,153.68,-2.474,
9/16/21,1,1.3,Q3,QUKE,PIJE,old,88.4128,78.6045,67.0881,85.16810809,-2.78,-2.39,-2.83,-4.44,-4.41,,-2.666666667,-4.425,tree,259,CZO,,,
9/16/21,1,1.4,40,ABCO,QUKE,old,107.6499,85.2518,67.4201,125.6083267,-1.84,-2.09,-1.97,-2.27,-2.18,,-1.966666667,-2.225,tree,259,CZO,165.7,-2.173,
9/16/21,1,1.4,57,ARPA,ABCO,old,96.9912,83.2877,66.8941,83.59054753,-1.85,-1.82,,-3.21,-3.25,,-1.835,-3.23,shrub,259,CZO,108.3036245,-2.378742269,
9/16/21,1,1.4,12,CADE,ARPA,old,116.0524,92.2331,66.258,91.70051318,-1.89,-1.83,,-2.35,-2.33,,-1.86,-2.34,tree,259,CZO,123.2700516,-2.626049161,
9/16/21,1,1.4,10,CECO,CADE,old,77.1625,72.5125,67.27015,88.70067813,-1.07,-1.12,,-2.63,-2.43,,-1.095,-2.53,shrub,259,CZO,350.9901204,-2.37890626,
9/16/21,1,1.4,94,PIJE,CECO,new,92.3919,79.0303,67.5941,116.836012,-2.2,-2.21,,-2.72,-2.59,-2.7,-2.205,-2.67,tree,259,CZO,153.68,-2.474,
9/16/21,1,1.4,104,PIJE,PIJE,old,94.5534,81.3322,66.7779,90.84050762,-2.2,-2.21,,-2.72,-2.59,-2.7,-2.205,-2.67,tree,259,CZO,153.68,-2.474,
9/16/21,1,1.4,Q4,QUKE,PIJE,old,80.2393,74.0042,67.0771,90.0102496,-3.08,-3.11,,-4.14,-4.09,,-3.095,-4.115,tree,259,CZO,,,
9/16/21,1,1.5,50,ABCO,QUKE,old,92.6664,78.0545,66.8767,130.7225035,-1.71,-1.78,,-2.05,-2.01,,-1.745,-2.03,tree,259,CZO,165.7,-2.173,
9/16/21,1,1.5,15,ARPA,ABCO,old,98.295,84.4909,66.9994,78.91890347,-4.43,-4.37,,-4.86,-4.78,,-4.4,-4.82,shrub,259,CZO,108.3036245,-2.378742269,
9/16/21,1,1.5,13,CADE,ARPA,old,102.1371,85.4393,67.0603,90.85260351,-2.37,-2.45,,-2.75,-2.78,,-2.41,-2.765,tree,259,CZO,123.2700516,-2.626049161,
9/16/21,1,1.5,58,CECO,CADE,old,81.1655,74.6027,66.7473,83.54507727,-3.31,-3.22,,-3.62,-3.45,-3.17,-3.265,-3.413333333,shrub,259,CZO,350.9901204,-2.37890626,
9/16/21,1,1.5,91,PIJE,CECO,new,68.8301,68.0773,66.7763,57.86318217,-1.84,-1.75,-1.82,-2.17,-2.22,,-1.803333333,-2.195,tree,259,CZO,153.68,-2.474,
9/16/21,1,1.5,105,PIJE,PIJE,old,90.2677,78.5227,67.1503,103.2763533,-1.84,-1.75,-1.82,-2.17,-2.22,,-1.803333333,-2.195,tree,259,CZO,153.68,-2.474,
9/16/21,1,1.5,Q5,QUKE,PIJE,old,79.8455,73.4158,67.3699,106.3481037,-1.81,-1.6,-1.48,-3.28,-2.19,,-1.63,-2.735,tree,259,CZO,,,
9/16/21,1,1.6,59,ABCO,QUKE,new,68.9487,67.9016,67.2395,158.148316,-2.11,-1.97,-2.01,-2.25,-2.14,,-2.03,-2.195,tree,259,CZO,165.7,-2.173,
9/16/21,1,1.6,17,ABCO,ABCO,old,96.4461,80.4935,67.0452,118.6216845,-2.11,-1.97,-2.01,-2.25,-2.14,,-2.03,-2.195,tree,259,CZO,165.7,-2.173,
9/16/21,1,1.6,16,ARPA,ABCO,old,104.4323,87.5801,66.8974,81.47969076,-2.75,-2.68,,-4,-4.07,,-2.715,-4.035,shrub,259,CZO,108.3036245,-2.378742269,
9/16/21,1,1.6,18,CADE,ARPA,old,110.6188,90.1702,67.1039,88.6514092,-3.01,-3.25,,-3.31,-3.36,,-3.13,-3.335,tree,259,CZO,123.2700516,-2.626049161,
9/16/21,1,1.6,41,CECO,CADE,old,80.2351,74.0515,66.865,86.04466708,-2.32,-3,,-3.58,-3.63,,-2.66,-3.605,shrub,259,CZO,350.9901204,-2.37890626,
9/16/21,1,1.6,89,PIJE,CECO,new,76.401,70.6673,66.3147,131.73046,-2.26,-2.39,-2.27,-2.78,-2.73,,-2.306666667,-2.755,tree,259,CZO,153.68,-2.474,
9/16/21,1,1.6,106,PIJE,PIJE,old,104.6434,85.9984,67.0762,98.53505406,-2.26,-2.39,-2.27,-2.78,-2.73,,-2.306666667,-2.755,tree,259,CZO,153.68,-2.474,
9/16/21,1,1.6,Q6,QUKE,PIJE,old,84.0401,76.001,67.2973,92.36416696,-1.98,-1.9,,-3.64,-3.7,,-1.94,-3.67,tree,259,CZO,,,
9/17/21,2,2.1,36,ABCO,QUKE,new,73.7242,69.9145,67.202,140.4497696,-1.69,-1.62,,-1.85,-1.92,,-1.655,-1.885,tree,260,CZO,165.7,-2.173,
9/17/21,2,2.1,20,ABCO,ABCO,old,94.4046,78.9719,66.8475,127.2862987,-1.69,-1.62,,-1.85,-1.92,,-1.655,-1.885,tree,260,CZO,165.7,-2.173,
9/17/21,2,2.1,4,ARPA,ABCO,old,93.04,79.6494,67.27015,108.1697195,-1.11,-1.06,,-3.46,-3.33,-3.4,-1.085,-3.396666667,shrub,260,CZO,108.3036245,-2.378742269,
9/17/21,2,2.1,19,CADE,ARPA,old,106.526,85.9383,67.5701,112.0833832,-2.26,-2.22,,-2.47,-2.41,,-2.24,-2.44,tree,260,CZO,123.2700516,-2.626049161,
9/17/21,2,2.1,43,CECO,CADE,old,80.6729,74.5125,66.0909,73.14999525,-2.53,-2.52,,-3.34,-3.02,-3.19,-2.525,-3.183333333,shrub,260,CZO,350.9901204,-2.37890626,
9/17/21,2,2.2,44,ABCO,CECO,new,97.4346,79.9076,66.784,133.5532933,-1.36,-1.32,,-1.85,-1.88,,-1.34,-1.865,tree,260,CZO,165.7,-2.173,
9/17/21,2,2.2,22,ABCO,ABCO,old,97.5367,79.9076,67.0288,136.8846476,-1.36,-1.32,,-1.85,-1.88,,-1.34,-1.865,tree,260,CZO,165.7,-2.173,
9/17/21,2,2.2,23,ARPA,ABCO,old,101.2057,84.3638,68.141,103.8162339,-1.93,-1.79,-1.82,-2.94,-3.02,,-1.846666667,-2.98,shrub,260,CZO,108.3036245,-2.378742269,
9/17/21,2,2.2,45,CADE,ARPA,old,100.7468,83.1816,67.8006,114.2006371,-1.8,-1.83,,-2.1,-2.15,,-1.815,-2.125,tree,260,CZO,123.2700516,-2.626049161,
9/17/21,2,2.2,54,CECO,CADE,old,86.0773,76.7857,67.4751,99.79593152,-1.31,-1.13,-1.23,-2.67,-2.82,-2.74,-1.223333333,-2.743333333,shrub,260,CZO,350.9901204,-2.37890626,
9/17/21,2,2.3,47,ABCO,CECO,new,104.3832,80.5267,67.7099,186.1346046,-1.51,-1.33,-1.46,-1.86,-1.87,,-1.433333333,-1.865,tree,260,CZO,165.7,-2.173,
9/17/21,2,2.3,26,ABCO,ABCO,old,103.5313,81.8252,67.3272,149.7178921,-1.51,-1.33,-1.46,-1.86,-1.87,,-1.433333333,-1.865,tree,260,CZO,165.7,-2.173,
9/17/21,2,2.3,34,ARPA,ABCO,old,96.7708,81.9832,67.8416,104.5680828,-1.38,-1.29,,-2.79,-2.6,-2.43,-1.335,-2.606666667,shrub,260,CZO,108.3036245,-2.378742269,
9/17/21,2,2.3,62,CADE,ARPA,old,105.4444,86.351,67.7672,102.7421733,-2.4,-2.42,,-2.65,-2.59,,-2.41,-2.62,tree,260,CZO,123.2700516,-2.626049161,
9/17/21,2,2.3,46,CECO,CADE,old,82.4661,75.0847,67.8606,102.1774339,-1.63,-1.62,-2,-2.7,-3.11,-2.91,-1.75,-2.906666667,shrub,260,CZO,350.9901204,-2.37890626,
9/17/21,2,2.4,48,ABCO,CECO,new,69.1281,67.9182,67.6754,498.3113674,-1.74,-1.69,,-1.9,-1.96,,-1.715,-1.93,tree,260,CZO,165.7,-2.173,
9/17/21,2,2.4,29,ABCO,ABCO,old,110.1584,85.8413,66.9236,128.5415246,-1.74,-1.69,,-1.9,-1.96,,-1.715,-1.93,tree,260,CZO,165.7,-2.173,
9/17/21,2,2.4,63,ARPA,ABCO,old,96.2399,82.284,66.6252,89.12496488,-2.53,-2.59,,-3.51,-3.55,,-2.56,-3.53,shrub,260,CZO,108.3036245,-2.378742269,
9/17/21,2,2.4,49,CADE,ARPA,old,105.1093,85.9305,67.2158,102.4798688,-3.05,-3.08,,-3.18,-3.11,,-3.065,-3.145,tree,260,CZO,123.2700516,-2.626049161,
9/17/21,2,2.4,6,CECO,CADE,old,83.3035,75.6557,67.2101,90.55366108,-1.72,-1.7,,-2.64,-2.59,,-1.71,-2.615,shrub,260,CZO,350.9901204,-2.37890626,
9/17/21,2,2.5,53,ABCO,CECO,new,73.5991,70.1635,67.2966,119.8367575,-2,-1.92,,-1.94,-2,,-1.96,-1.97,tree,260,CZO,165.7,-2.173,
9/17/21,2,2.5,32,ABCO,ABCO,old,103.4355,84.1739,67.5661,115.9792387,-2,-1.92,,-1.94,-2,,-1.96,-1.97,tree,260,CZO,165.7,-2.173,
9/17/21,2,2.5,110,ARPA,ABCO,old,106.6994,87.3508,67.218,96.1048637,-1.35,-1.19,-1.19,-2.89,-2.99,,-1.243333333,-2.94,shrub,260,CZO,108.3036245,-2.378742269,
9/17/21,2,2.5,111,CADE,ARPA,old,98.3912,82.407,66.9473,103.392692,-1.69,-1.75,,-2.25,-2.26,,-1.72,-2.255,tree,260,CZO,123.2700516,-2.626049161,
9/17/21,2,2.5,112,CECO,CADE,old,86.5844,77.338,66.8308,88.00060911,-1.1,-1.14,-1.16,-2.69,-2.48,-2.43,-1.133333333,-2.533333333,shrub,260,CZO,350.9901204,-2.37890626,
10/16/21,1,1.1,,ABCO,CECO,old,20.3157,15.9519,12.281,118.8754801,-1.31,-1.3,,-1.89,-1.88,,-1.305,-1.885,tree,289,CZO,165.7,-2.173,
10/16/21,1,1.1,51,ARPA,ABCO,old,103.0715,85.074,67.0724,99.97722425,-1.24,-1.28,,-2.27,-2.3,,-1.26,-2.285,shrub,289,CZO,108.3036245,-2.378742269,
10/16/21,1,1.1,3,CADE,ARPA,old,98.992,83.0351,67.0881,100.0620806,-1.39,-1.42,,-1.92,-1.95,,-1.405,-1.935,tree,289,CZO,123.2700516,-2.626049161,
10/16/21,1,1.1,,CECO,CADE,old,16.5981,14.2901,12.1879,109.7897441,-1.56,-1.79,-1.6,-2.54,-2.37,,-1.65,-2.455,shrub,289,CZO,350.9901204,-2.37890626,
10/16/21,1,1.1,99,PIJE,CECO,new,76.1672,70.5195,66.6252,145.0247798,-1.48,-1.45,,-2.21,-2.27,,-1.465,-2.24,tree,289,CZO,153.68,-2.474,
10/16/21,1,1.1,101,PIJE,PIJE,old,83.4859,74.9046,67.2101,111.5251153,-1.48,-1.45,,-2.21,-2.27,,-1.465,-2.24,tree,289,CZO,153.68,-2.474,
10/16/21,1,1.1,Q1,QUKE,PIJE,old,79.4441,73.0657,66.784,101.5393922,-2.28,-2.31,,-3.42,-3.41,,-2.295,-3.415,tree,289,CZO,,,
10/16/21,1,1.2,122,ABCO,QUKE,new,83.0332,72.5757,67.847,221.149576,-1.44,-1.39,,-1.94,-2,,-1.415,-1.97,tree,289,CZO,165.7,-2.173,
10/16/21,1,1.2,123,ABCO,ABCO,old,80.2325,72.5757,67.2597,144.0331076,-1.44,-1.39,,-1.94,-2,,-1.415,-1.97,tree,289,CZO,165.7,-2.173,
10/16/21,1,1.2,107,ARPA,ABCO,old,91.0331,79.8249,67.8416,93.5318318,-0.92,-0.89,,-2.39,-2.39,,-0.905,-2.39,shrub,289,CZO,108.3036245,-2.378742269,
10/16/21,1,1.2,109,CADE,ARPA,old,87.401,77.813,68.141,99.13151365,-1.2,-1.21,,-1.72,-1.63,,-1.205,-1.675,tree,289,CZO,123.2700516,-2.626049161,
10/16/21,1,1.2,,CECO,CADE,old,13.3112,12.714,12.0582,91.06434889,-2.02,-1.99,,-2.95,-2.92,,-2.005,-2.935,shrub,289,CZO,350.9901204,-2.37890626,
10/16/21,1,1.2,98,PIJE,CECO,new,74.0037,70.1958,67.2158,127.7818792,-1.61,-1.79,-1.49,-2.33,-2.29,,-1.63,-2.31,tree,289,CZO,153.68,-2.474,
10/16/21,1,1.2,102,PIJE,PIJE,old,98.1558,82.5715,66.9236,99.59355568,-1.61,-1.79,-1.49,-2.33,-2.29,,-1.63,-2.31,tree,289,CZO,153.68,-2.474,
10/16/21,1,1.2,Q2,QUKE,PIJE,old,87.8986,77.892,67.2966,94.44287143,-2.39,-2.08,-2.15,-3.21,-3.41,,-2.206666667,-3.31,tree,289,CZO,,,
10/16/21,1,1.3,,ABCO,QUKE,new,15.7259,13.6512,12.0372,128.5439901,-1.37,-1.36,,-1.83,-1.97,,-1.365,-1.9,tree,289,CZO,165.7,-2.173,
10/16/21,1,1.3,,ABCO,ABCO,old,16.9649,14.3179,12.2031,125.1655003,-1.37,-1.36,,-1.83,-1.97,,-1.365,-1.9,tree,289,CZO,165.7,-2.173,
10/16/21,1,1.3,8,ARPA,ABCO,old,87.6039,77.0191,66.258,98.36169165,-1.36,-1.16,-1.37,-4.7,-4.4,,-1.296666667,-4.55,shrub,289,CZO,108.3036245,-2.378742269,
10/16/21,1,1.3,9,CADE,ARPA,old,86.564,77.0564,67.4201,98.66442514,-1.57,-1.6,,-2.02,-2.11,,-1.585,-2.065,tree,289,CZO,123.2700516,-2.626049161,
10/16/21,1,1.3,,CECO,CADE,old,13.8275,12.8737,12.1407,130.1227831,-1.26,-1.31,,-2.25,-1.88,-2.19,-1.285,-2.106666667,shrub,289,CZO,350.9901204,-2.37890626,
10/16/21,1,1.3,96,PIJE,CECO,new,86.8049,75.2293,66.8475,138.1039872,-1.76,-1.7,,-1.97,-1.93,,-1.73,-1.95,tree,289,CZO,153.68,-2.474,
10/16/21,1,1.3,103,PIJE,PIJE,old,74.4816,70.8152,67.6754,116.7717689,-1.76,-1.7,,-1.97,-1.93,,-1.73,-1.95,tree,289,CZO,153.68,-2.474,
10/16/21,1,1.3,Q3,QUKE,PIJE,old,84.3095,75.7666,67.5661,104.1753552,-2.75,-2.72,,-4.32,-3.87,-3.78,-2.735,-3.99,tree,289,CZO,,,
10/16/21,1,1.4,,ABCO,QUKE,new,17.5303,14.4614,12.1135,130.7082925,-1.1,-1.04,,-1.91,-1.89,,-1.07,-1.9,tree,289,CZO,165.7,-2.173,
10/16/21,1,1.4,,ABCO,ABCO,old,16.4646,14.0403,12.1103,125.611399,-1.1,-1.04,,-1.91,-1.89,,-1.07,-1.9,tree,289,CZO,165.7,-2.173,
10/16/21,1,1.4,10,ARPA,ABCO,old,83.7806,75.5519,67.27015,99.3594349,-1.08,-0.98,,-2.08,-1.96,,-1.03,-2.02,shrub,289,CZO,108.3036245,-2.378742269,
10/16/21,1,1.4,40,CADE,ARPA,old,81.4897,74.5037,67.2651,96.51037493,-1.21,-1.26,,-1.97,-1.9,,-1.235,-1.935,tree,289,CZO,123.2700516,-2.626049161,
10/16/21,1,1.4,,CECO,CADE,old,15.1516,13.6855,12.195,98.36296545,-1.14,-1.13,,-2.06,-2.23,,-1.135,-2.145,shrub,289,CZO,350.9901204,-2.37890626,
10/16/21,1,1.4,94,PIJE,CECO,new,81.8989,73.7658,67.27015,125.2084087,-1.08,-1.15,,-1.69,-1.66,,-1.115,-1.675,tree,289,CZO,153.68,-2.474,
10/16/21,1,1.4,104,PIJE,PIJE,old,85.6745,76.8685,67.7099,96.1500666,-1.08,-1.15,,-1.69,-1.66,,-1.115,-1.675,tree,289,CZO,153.68,-2.474,
10/16/21,1,1.4,Q4,QUKE,PIJE,old,79.3544,72.9067,66.9473,108.1937779,-2.36,-2.65,-2.49,-3.75,-3.29,,-2.5,-3.52,tree,289,CZO,,,
10/16/21,1,1.5,,ABCO,QUKE,old,14.0643,13.0301,12.209,125.9529899,-1.2,-1.26,,-1.84,-1.79,,-1.23,-1.815,tree,289,CZO,165.7,-2.173,
10/16/21,1,1.5,58,ARPA,ABCO,old,94.6943,80.8288,66.8359,99.08953827,-1.23,-1.18,,-1.71,-1.77,,-1.205,-1.74,shrub,289,CZO,108.3036245,-2.378742269,
10/16/21,1,1.5,13,CADE,ARPA,old,84.9269,75.935,67.0603,101.320608,-1.27,-1.35,,-2.06,-2.17,,-1.31,-2.115,tree,289,CZO,123.2700516,-2.626049161,
10/16/21,1,1.5,,CECO,CADE,old,13.046,13.0181,12.1969,3.397467121,-1.27,-1.36,,-2.03,-2.19,,-1.315,-2.11,shrub,289,CZO,350.9901204,-2.37890626,
10/16/21,1,1.5,91,PIJE,CECO,new,84.6439,74.4953,67.5701,146.5459481,-1.28,-1.36,,-1.68,-1.68,,-1.32,-1.68,tree,289,CZO,153.68,-2.474,
10/16/21,1,1.5,105,PIJE,PIJE,old,89.1218,76.9888,67.3272,125.5796141,-1.28,-1.36,,-1.68,-1.68,,-1.32,-1.68,tree,289,CZO,153.68,-2.474,
10/16/21,1,1.5,,QUKE,PIJE,old,,,,,-2.04,-2.04,,-3.49,-3.05,,-2.04,-3.27,tree,289,CZO,,,
10/16/21,1,1.6,,ABCO,QUKE,new,14.3126,13.0603,12.1592,138.9745866,-1.15,-1.24,,-1.87,-1.78,,-1.195,-1.825,tree,289,CZO,165.7,-2.173,
10/16/21,1,1.6,,ABCO,ABCO,old,23.7683,17.2304,12.0719,126.7403315,-1.15,-1.24,,-1.87,-1.78,,-1.195,-1.825,tree,289,CZO,165.7,-2.173,
10/16/21,1,1.6,18,ARPA,ABCO,old,102.5523,84.8286,66.865,98.66452159,-1.3,-1.22,,-1.67,-1.6,,-1.26,-1.635,shrub,289,CZO,108.3036245,-2.378742269,
10/16/21,1,1.6,41,CADE,ARPA,old,94.1031,80.3144,66.9616,103.2644839,-1.13,-1.23,,-1.45,-1.59,,-1.18,-1.52,tree,289,CZO,123.2700516,-2.626049161,
10/16/21,1,1.6,,CECO,CADE,old,15.0374,13.6225,12.2316,101.7255015,-1.36,-1.86,-1.4,-2.58,-2.6,,-1.54,-2.59,shrub,289,CZO,350.9901204,-2.37890626,
10/16/21,1,1.6,89,PIJE,CECO,new,76.068,70.4528,66.0909,128.7328916,-1.43,-1.37,,-1.72,-1.7,,-1.4,-1.71,tree,289,CZO,153.68,-2.474,
10/16/21,1,1.6,106,PIJE,PIJE,old,88.0946,78.0148,67.8606,99.26729826,-1.43,-1.37,,-1.72,-1.7,,-1.4,-1.71,tree,289,CZO,153.68,-2.474,
10/16/21,1,1.6,Q6,QUKE,PIJE,old,74.4816,70.8152,67.218,101.9237184,-2.19,-2.3,,-3.05,-3.03,,-2.245,-3.04,tree,289,CZO,,,
10/17/21,2,2.1,36,ABCO,QUKE,new,71.3675,69.0639,67.4223,140.3265107,-1.32,-1.4,,-1.96,-1.81,-1.84,-1.36,-1.87,tree,290,CZO,165.7,-2.173,
10/17/21,2,2.1,20,ABCO,ABCO,old,78.8606,72.2878,67.2395,130.1982846,-1.32,-1.4,,-1.96,-1.81,,-1.36,-1.885,tree,290,CZO,165.7,-2.173,
10/17/21,2,2.1,21,ARPA,ABCO,old,80.1011,73.3465,66.889,104.6008517,-1.22,-0.97,-0.91,-1.65,-1.58,,-1.033333333,-1.615,shrub,290,CZO,108.3036245,-2.378742269,
10/17/21,2,2.1,4,CADE,ARPA,old,102.6939,84.1053,67.0771,109.1636227,-1.49,-1.55,,-1.84,-1.81,,-1.52,-1.825,tree,290,CZO,123.2700516,-2.626049161,
10/17/21,2,2.1,,CECO,CADE,old,13.4483,12.8252,12.1389,90.79119918,-2.36,-2.52,,-2.84,-2.83,,-2.44,-2.835,shrub,290,CZO,350.9901204,-2.37890626,
10/17/21,2,2.2,44,ABCO,CECO,new,80.3935,72.6618,67.2478,142.8093831,-1.12,-1.18,,-1.97,-1.94,,-1.15,-1.955,tree,290,CZO,165.7,-2.173,
10/17/21,2,2.2,23,ABCO,ABCO,old,83.8078,74.2861,66.9007,128.9259891,-1.12,-1.18,,-1.97,-1.94,,-1.15,-1.955,tree,290,CZO,165.7,-2.173,
10/17/21,2,2.2,124,ARPA,ABCO,old,84.2526,75.8998,67.3449,97.63761119,-1.42,-1.46,,-2.05,-2.06,,-1.44,-2.055,shrub,290,CZO,108.3036245,-2.378742269,
10/17/21,2,2.2,22,CADE,ARPA,old,85.2822,75.7305,67.128,111.0340017,-1.39,-1.44,,-2.24,-2.1,,-1.415,-2.17,tree,290,CZO,123.2700516,-2.626049161,
10/17/21,2,2.2,,CECO,CADE,old,15.1242,13.7327,12.3192,98.44357977,-1.97,-1.75,-1.88,-2.55,-2.6,,-1.866666667,-2.575,shrub,290,CZO,350.9901204,-2.37890626,
10/17/21,2,2.3,62,ABCO,CECO,new,101.824,80.2156,67.1831,165.8039517,-1.34,-1.21,,-1.91,-1.95,,-1.275,-1.93,tree,290,CZO,165.7,-2.173,
10/17/21,2,2.3,46,ABCO,ABCO,old,76.5743,70.6793,66.7779,151.0996053,-1.34,-1.21,,-1.91,-1.95,,-1.275,-1.93,tree,290,CZO,165.7,-2.173,
10/17/21,2,2.3,26,ARPA,ABCO,old,96.0478,81.4093,67.0248,101.7657896,-0.75,-0.83,,-1.43,-1.26,-1.3,-0.79,-1.33,shrub,290,CZO,108.3036245,-2.378742269,
10/17/21,2,2.3,7,CADE,ARPA,old,95.353,80.8769,66.8941,103.5279057,-1.19,-1.33,,-1.77,-1.77,,-1.26,-1.77,tree,290,CZO,123.2700516,-2.626049161,
10/17/21,2,2.3,11,CECO,CADE,old,73.1773,70.0567,66.9994,102.0704543,-1.32,-1.34,,-1.95,-2.05,,-1.33,-2,shrub,290,CZO,350.9901204,-2.37890626,
10/17/21,2,2.4,,ABCO,CECO,old,,,,,-1.03,-1.01,,-1.69,-1.76,,-1.02,-1.725,tree,290,CZO,165.7,-2.173,
10/17/21,2,2.4,48,ARPA,ABCO,old,98.2081,82.7478,67.0762,98.65170117,-0.89,-0.92,,-1.98,-2,,-0.905,-1.99,shrub,290,CZO,108.3036245,-2.378742269,
10/17/21,2,2.4,12,CADE,ARPA,old,88.7837,77.3302,66.8767,109.566174,-1.14,-1.28,,-1.58,-1.55,,-1.21,-1.565,tree,290,CZO,123.2700516,-2.626049161,
10/17/21,2,2.4,28,CECO,CADE,old,75.2951,70.6948,66.149,101.1989089,-1.17,-1.01,,-1.4,-1.45,,-1.09,-1.425,shrub,290,CZO,350.9901204,-2.37890626,
10/17/21,2,2.5,32,ABCO,CECO,old,86.0087,76.13333,67.0726,108.990887,-1.23,-1.47,-1.61,-1.95,-1.99,,-1.436666667,-1.97,tree,290,CZO,165.7,-2.173,
10/17/21,2,2.5,53,ARPA,ABCO,old,88.4875,78.2693,67.5941,95.71904976,-1.12,-1.12,,-2.4,-2.35,,-1.12,-2.375,shrub,290,CZO,108.3036245,-2.378742269,
10/17/21,2,2.5,128,CADE,ARPA,old,95.2625,80.5753,67.2904,110.5555932,-1.58,-1.5,,-2.01,-1.96,,-1.54,-1.985,tree,290,CZO,123.2700516,-2.626049161,
10/17/21,2,2.5,131,CECO,CADE,old,73.2445,70.4981,67.9176,106.4289866,-0.94,-0.92,,-1.69,-1.73,,-0.93,-1.71,shrub,290,CZO,350.9901204,-2.37890626,
,,,,,CECO,,,,,,,,,,,,,,,,,,,