bottle.number,spp,age,pod,site,lfm,date,predawn1,predawn2,midday1,midday2,predawn,midday,type,doy,location,LFMtlp,Mpatlp
62,ABCO,New,1,1,261.9922516,7/15/20,-0.56,-0.59,-1.2,-1.2,-0.575,-1.2,tree,197,CZO,165.7,-2.173
7O,ARPA,New,1,1,171.1453867,7/15/20,-0.53,,-1.5,-1.5,-0.53,-1.5,tree,197,CZO,108.3036245,-2.378742269
66,CADE,New,1,1,121.5286648,7/15/20,-0.651,,-1.7,-1.6,-0.651,-1.65,tree,197,CZO,123.2700516,-2.626049161
87,CECO,New,1,1,160.623733,7/15/20,-0.37,,-1.35,-1.35,-0.37,-1.35,shrub,197,CZO,350.9901204,-2.37890626
3O,ABCO,New,2,1,305.8628758,7/15/20,-0.601,,-1.05,,-0.601,-1.05,tree,197,CZO,165.7,-2.173
88,ARPA,New,2,1,174.7987586,7/15/20,-0.51,,-1.9,-1.85,-0.51,-1.875,tree,197,CZO,108.3036245,-2.378742269
24,CADE,New,2,1,91.62352734,7/15/20,-0.569,,-1.7,-1.7,-0.569,-1.7,tree,197,CZO,123.2700516,-2.626049161
7,CECO,New,2,1,196.2702734,7/15/20,-0.553,,-2.1,-1.95,-0.553,-2.025,shrub,197,CZO,350.9901204,-2.37890626
64,ABCO,New,3,1,279.2466681,7/15/20,,,-1.5,,,-1.5,tree,197,CZO,165.7,-2.173
43,ARPA,New,3,1,151.9559553,7/15/20,-0.367,,-1.6,-1.7,-0.367,-1.65,tree,197,CZO,108.3036245,-2.378742269
46,CADE,New,3,1,113.1014229,7/15/20,-0.69,,-1.66,,-0.69,-1.66,tree,197,CZO,123.2700516,-2.626049161
76,CECO,New,3,1,170.946024,7/15/20,-0.42,,-1.55,,-0.42,-1.55,shrub,197,CZO,350.9901204,-2.37890626
1N,ABCO,New,4,1,235.9408212,7/15/20,-0.423,,-1.8,-1.1,-0.423,-1.45,tree,197,CZO,165.7,-2.173
74,ARPA,New,4,1,155.7060287,7/15/20,-0.41,,-2.1,,-0.41,-2.1,shrub,197,CZO,108.3036245,-2.378742269
7N,CADE,New,4,1,112.5043132,7/15/20,-0.64,-0.58,-1.8,,-0.61,-1.8,tree,197,CZO,123.2700516,-2.626049161
2O,CECO,New,4,1,155.0134447,7/15/20,-0.47,-0.512,-1.89,,-0.491,-1.89,shrub,197,CZO,350.9901204,-2.37890626
9,ABCO,New,5,1,258.9797571,7/15/20,-0.39,-0.43,-1.75,,-0.41,-1.75,tree,197,CZO,165.7,-2.173
5N,ARPA,New,5,1,168.2523751,7/15/20,,-0.4,-1.2,,-0.4,-1.2,shrub,197,CZO,108.3036245,-2.378742269
17,CADE,New,5,1,153.3021424,7/15/20,-0.63,-0.523,-1.85,,-0.5765,-1.85,tree,197,CZO,123.2700516,-2.626049161
67,CECO,New,5,1,170.8475679,7/15/20,-0.371,-0.342,-0.8,-0.5,-0.3565,-0.65,shrub,197,CZO,350.9901204,-2.37890626
23,ABCO,New,6,1,256.544739,7/15/20,-0.345,,-1.6,,-0.345,-1.6,tree,197,CZO,165.7,-2.173
53,ARPA,New,6,1,165.4919164,7/15/20,-0.37,-0.446,-1.75,,-0.408,-1.75,shrub,197,CZO,108.3036245,-2.378742269
18,CADE,New,6,1,114.0304778,7/15/20,-0.648,,-1.65,,-0.648,-1.65,tree,197,CZO,123.2700516,-2.626049161
52,CECO,New,6,1,181.1249716,7/15/20,-0.357,,-1.9,-1.9,-0.357,-1.9,shrub,197,CZO,350.9901204,-2.37890626
31,ABCO,New,1,2,228.7476331,7/15/20,-0.61,,-1.2,,-0.61,-1.2,tree,197,CZO,165.7,-2.173
6N,ARPA,New,1,2,126.1907517,7/15/20,-0.55,-0.51,-1.8,,-0.53,-1.8,shrub,197,CZO,108.3036245,-2.378742269
3A,CADE,New,1,2,143.5796544,7/15/20,-0.52,,-1.1,-1.2,-0.52,-1.15,tree,197,CZO,123.2700516,-2.626049161
48,CECO,New,1,2,239.6846792,7/15/20,-0.37,-0.37,-1,-0.9,-0.37,-0.95,shrub,197,CZO,350.9901204,-2.37890626
6,ABCO,New,2,2,252.8152897,7/15/20,-0.645,-0.529,-1.3,-1.45,-0.587,-1.375,tree,197,CZO,165.7,-2.173
77,ARPA,New,2,2,155.8483893,7/15/20,-0.376,-0.48,-1.7,,-0.428,-1.7,shrub,197,CZO,108.3036245,-2.378742269
54,CADE,New,2,2,158.4467237,7/15/20,-0.64,,-1.6,,-0.64,-1.6,tree,197,CZO,123.2700516,-2.626049161
90,CECO,New,2,2,224.1296147,7/15/20,-0.38,,-1.3,,-0.38,-1.3,shrub,197,CZO,350.9901204,-2.37890626
21,ABCO,New,3,2,316.0678298,7/15/20,-0.55,-0.509,-1.7,,-0.5295,-1.7,tree,197,CZO,165.7,-2.173
40,ARPA,New,3,2,162.6841096,7/15/20,-0.57,-0.53,-1.7,,-0.55,-1.7,shrub,197,CZO,108.3036245,-2.378742269
92,CADE,New,3,2,192.1727849,7/15/20,-0.76,,-1.6,-1.6,-0.76,-1.6,tree,197,CZO,123.2700516,-2.626049161
36,CECO,New,3,2,189.7334529,7/15/20,-0.52,-0.47,-1.5,,-0.495,-1.5,shrub,197,CZO,350.9901204,-2.37890626
4,ABCO,New,4,2,299.9851164,7/15/20,-0.529,,-1.6,,-0.529,-1.6,tree,197,CZO,165.7,-2.173
6O,ARPA,New,4,2,174.0289095,7/15/20,-0.51,,-2.1,,-0.51,-2.1,shrub,197,CZO,108.3036245,-2.378742269
1,CADE,New,4,2,147.276379,7/15/20,-0.64,-0.59,-1.25,-1.3,-0.615,-1.275,tree,197,CZO,123.2700516,-2.626049161
71,CECO,New,4,2,158.696934,7/15/20,-0.4,-0.39,-2,-1.85,-0.395,-1.925,shrub,197,CZO,350.9901204,-2.37890626
69,ABCO,New,5,2,270.5085512,7/15/20,-0.59,,-1.75,-1.5,-0.59,-1.625,tree,197,CZO,165.7,-2.173
20,ARPA,New,5,2,187.2348258,7/15/20,-0.47,-0.39,-2.1,-1.85,-0.43,-1.975,shrub,197,CZO,108.3036245,-2.378742269
42,CADE,New,5,2,183.5161163,7/15/20,-0.532,-0.49,-2.4,,-0.511,-2.4,tree,197,CZO,123.2700516,-2.626049161
2N,CECO,New,5,2,204.7365398,7/15/20,-0.53,-0.46,-1.75,,-0.495,-1.75,shrub,197,CZO,350.9901204,-2.37890626
3,ABCO ,Old,1,1,128.656535,7/15/20,-0.56,-0.59,-1.2,-1.2,-0.575,-1.2,tree,197,CZO,165.7,-2.173
9N,ABCO ,Old,2,1,141.873314,7/15/20,-0.601,,-1.05,,-0.601,-1.05,tree,197,CZO,165.7,-2.173
61,ABCO ,Old,3,1,142.9139768,7/15/20,,,-1.5,,,-1.5,tree,197,CZO,165.7,-2.173
8N,ABCO ,Old,4,1,135.9188856,7/15/20,-0.423,,-1.8,-1.1,-0.423,-1.45,tree,197,CZO,165.7,-2.173
32,ABCO ,Old,5,1,176.6692227,7/15/20,-0.39,-0.43,-1.75,,-0.41,-1.75,tree,197,CZO,165.7,-2.173
34,ABCO ,Old,6,1,131.826819,7/15/20,-0.345,,-1.6,,-0.345,-1.6,tree,197,CZO,165.7,-2.173
19,ABCO ,Old,1,2,135.5181129,7/15/20,-0.61,,-1.2,,-0.61,-1.2,tree,197,CZO,165.7,-2.173
12,ABCO ,Old,2,2,153.0739482,7/15/20,-0.645,-0.529,-1.3,-1.45,-0.587,-1.375,tree,197,CZO,165.7,-2.173
22,ABCO ,Old,2,2,146.9892993,7/15/20,-0.55,-0.509,-1.7,,-0.5295,-1.7,tree,197,CZO,165.7,-2.173
51,ABCO ,Old,4,2,142.9276927,7/15/20,-0.529,,-1.6,,-0.529,-1.6,tree,197,CZO,165.7,-2.173
55,ABCO ,Old,5,2,99.1396887,7/15/20,-0.59,,-1.75,-1.5,-0.59,-1.625,tree,197,CZO,165.7,-2.173
4,ABCO,New,1,1,141.1017466,7/27/20,-0.6,-0.7,-2,,-0.65,-2,tree,209,CZO,165.7,-2.173
62,ARPA,New,1,1,148.1633964,7/27/20,-0.65,-0.61,-2,,-0.63,-2,shrub,209,CZO,108.3036245,-2.378742269
48,CADE,New,1,1,116.5226004,7/27/20,-0.75,-0.75,-1.85,,-0.75,-1.85,tree,209,CZO,123.2700516,-2.626049161
19,CECO,New,1,1,155.7938687,7/27/20,-0.5,-0.48,-1.55,,-0.49,-1.55,shrub,209,CZO,350.9901204,-2.37890626
8,PIJE,New,1,1,171.5999812,7/27/20,,,,,,,tree,209,CZO,153.68,-2.474
25,QUKE,New,1,1,107.2344322,7/27/20,-1.1,-1.15,-2.6,,-1.125,-2.6,tree,209,CZO,113.1821463,-2.909915135
6,ABCO,New,2,1,206.3371851,7/27/20,-0.6,-0.6,-2.2,,-0.6,-2.2,tree,209,CZO,165.7,-2.173
46,ARPA,New,2,1,142.4181181,7/27/20,-0.78,-0.7,-2.4,,-0.74,-2.4,shrub,209,CZO,108.3036245,-2.378742269
5,CADE,New,2,1,108.9738027,7/27/20,-0.65,-0.7,-2,-2.1,-0.675,-2.05,tree,209,CZO,123.2700516,-2.626049161
7,CECO,New,2,1,126.3692018,7/27/20,-0.7,-0.65,-2.78,-2.4,-0.675,-2.59,shrub,209,CZO,350.9901204,-2.37890626
55,PIJE,New,2,1,168.443406,7/27/20,-1,-1,-2.4,,-1,-2.4,tree,209,CZO,153.68,-2.474
83,QUKE,New,2,1,99.26698955,7/27/20,-1.1,-1.5,-2.4,,-1.3,-2.4,tree,209,CZO,113.1821463,-2.909915135
36,ABCO,New,3,1,247.3837701,7/27/20,-0.7,-0.7,-1.78,,-0.7,-1.78,tree,209,CZO,165.7,-2.173
76,ARPA,New,3,1,140.3972351,7/27/20,-0.71,-0.7,-2.87,,-0.705,-2.87,shrub,209,CZO,108.3036245,-2.378742269
43,CADE,New,3,1,99.78186754,7/27/20,-0.825,-0.85,-1.75,,-0.8375,-1.75,tree,209,CZO,123.2700516,-2.626049161
40,CECO,New,3,1,139.1785191,7/27/20,-0.63,-0.67,-1.9,,-0.65,-1.9,shrub,209,CZO,350.9901204,-2.37890626
13,PIJE,New,3,1,146.5047107,7/27/20,,,,,,,tree,209,CZO,153.68,-2.474
75,QUKE,New,3,1,106.7268137,7/27/20,-1.1,-1.125,-2.45,,-1.1125,-2.45,tree,209,CZO,113.1821463,-2.909915135
1,ABCO,New,4,1,205.9718549,7/27/20,-0.9,-0.85,-2.1,,-0.875,-2.1,tree,209,CZO,165.7,-2.173
44,ARPA,New,4,1,132.9398549,7/27/20,-0.85,-0.85,-2.2,,-0.85,-2.2,shrub,209,CZO,108.3036245,-2.378742269
47,CADE,New,4,1,112.5068802,7/27/20,-0.7,,-2.6,,-0.7,-2.6,tree,209,CZO,123.2700516,-2.626049161
23,CECO,New,4,1,129.8704358,7/27/20,-0.75,,-1.75,,-0.75,-1.75,shrub,209,CZO,350.9901204,-2.37890626
69,PIJE,New,4,1,143.1944589,7/27/20,-1.6,-1.7,-2.4,,-1.65,-2.4,tree,209,CZO,153.68,-2.474
86,QUKE,New,4,1,107.676144,7/27/20,-1.4,-1,-2.95,,-1.2,-2.95,tree,209,CZO,113.1821463,-2.909915135
82,ABCO,New,5,1,212.6888542,7/27/20,-0.42,-0.6,-1.75,,-0.51,-1.75,tree,209,CZO,165.7,-2.173
20,ARPA,New,5,1,168.07778,7/27/20,-0.5,-0.55,-1.85,,-0.525,-1.85,shrub,209,CZO,108.3036245,-2.378742269
9,CADE,New,5,1,116.6461566,7/27/20,-0.75,-0.65,-1.95,,-0.7,-1.95,tree,209,CZO,123.2700516,-2.626049161
67,CECO,New,5,1,139.6045873,7/27/20,-1.1,-1.5,-1.95,,-1.3,-1.95,shrub,209,CZO,350.9901204,-2.37890626
39,PIJE,New,5,1,156.9122037,7/27/20,-0.7,-1.7,-2.1,,-1.2,-2.1,tree,209,CZO,153.68,-2.474
81,QUKE,New,5,1,101.3392118,7/27/20,-1.3,-0.9,-2.65,,-1.1,-2.65,tree,209,CZO,113.1821463,-2.909915135
61,ABCO,New,6,1,201.4202953,7/27/20,-0.7,-0.8,-3.1,,-0.75,-3.1,tree,209,CZO,165.7,-2.173
18,ARPA,New,6,1,144.397453,7/27/20,,,,,,,tree,209,CZO,108.3036245,-2.378742269
60,CADE,New,6,1,112.4242261,7/27/20,-1.05,-1.05,-2.1,,-1.05,-2.1,tree,209,CZO,123.2700516,-2.626049161
57,CECO,New,6,1,133.2631657,7/27/20,-0.57,-0.5,-1.7,,-0.535,-1.7,shrub,209,CZO,350.9901204,-2.37890626
70,PIJE,New,6,1,182.1174082,7/27/20,-0.8,-1.1,-2.6,,-0.95,-2.6,tree,209,CZO,153.68,-2.474
50,QUKE,New,6,1,114.0550048,7/27/20,-0.9,-1.8,-3,,-1.35,-3,tree,209,CZO,113.1821463,-2.909915135
38,ABCO,Old,1,1,218.7980735,7/27/20,-0.6,-0.7,-2,,-0.65,-2,tree,209,CZO,165.7,-2.173
26,PIJE,Old,1,1,106.6837709,7/27/20,,,,,,,tree,209,CZO,153.68,-2.474
78,ABCO,Old,2,1,129.8827522,7/27/20,-0.6,-0.6,-2.2,,-0.6,-2.2,tree,209,CZO,165.7,-2.173
2,PIJE,Old,2,1,106.8457192,7/27/20,-1,-1,-2.4,,-1,-2.4,tree,209,CZO,153.68,-2.474
21,ABCO,Old,3,1,144.5278098,7/27/20,-0.7,-0.7,-1.78,,-0.7,-1.78,tree,209,CZO,165.7,-2.173
68,PIJE,Old,3,1,93.86681451,7/27/20,,,,,,,tree,209,CZO,153.68,-2.474
31,ABCO,Old,4,1,130.4571042,7/27/20,-0.9,-0.85,-2.1,,-0.875,-2.1,tree,209,CZO,165.7,-2.173
30,PIJE,Old,4,1,98.31186947,7/27/20,-1.6,-1.7,-2.4,,-1.65,-2.4,tree,209,CZO,153.68,-2.474
24,ABCO,Old,5,1,141.2222166,7/27/20,-0.42,-0.6,-1.75,,-0.51,-1.75,tree,209,CZO,165.7,-2.173
91,PIJE,Old,5,1,102.3741047,7/27/20,-0.7,-1.7,-2.1,,-1.2,-2.1,tree,209,CZO,153.68,-2.474
53,ABCO,Old,6,1,135.7445493,7/27/20,-0.7,-0.8,-3.1,,-0.75,-3.1,tree,209,CZO,165.7,-2.173
84,PIJE,Old,6,1,97.79242889,7/27/20,-0.8,-1.1,-2.6,,-0.95,-2.6,tree,209,CZO,153.68,-2.474
6,ABCO,New,1,1,189.9899179,8/4/20,-0.58,-0.58,-1.68,-1.72,-0.58,-1.7,tree,216,CZO,165.7,-2.173
88,ARPA,New,1,1,144.3414957,8/4/20,-0.75,-0.741,-1.73,-1.57,-0.7455,-1.65,shrub,216,CZO,108.3036245,-2.378742269
7,CADE,New,1,1,113.1305017,8/4/20,-0.76,-0.79,-1.95,-1.93,-0.775,-1.94,tree,216,CZO,123.2700516,-2.626049161
5,CECO,New,1,1,143.4872315,8/4/20,-0.7,-0.81,-1.79,-1.62,-0.755,-1.705,shrub,216,CZO,350.9901204,-2.37890626
8,PIJE,New,1,1,160.0049722,8/4/20,-1.1,-1.12,-2.57,-2.52,-1.11,-2.545,tree,216,CZO,153.68,-2.474
25,QUKE,New,1,1,101.8884819,8/4/20,-1.33,-1.6,-3.05,-2.77,-1.465,-2.91,tree,216,CZO,113.1821463,-2.909915135
38,ABCO,New,2,1,191.0454938,8/4/20,-0.68,-0.73,-1.89,-1.95,-0.705,-1.92,tree,216,CZO,165.7,-2.173
19,ARPA,New,2,1,134.2995798,8/4/20,-1.22,-1.15,-2.66,-2.71,-1.185,-2.685,shrub,216,CZO,108.3036245,-2.378742269
62,CADE,New,2,1,132.8522138,8/4/20,-0.79,-1.19,-1.77,-1.84,-0.99,-1.805,tree,216,CZO,123.2700516,-2.626049161
87,CECO,New,2,1,105.9111436,8/4/20,-1.77,-1.76,-2.67,-2.49,-1.765,-2.58,shrub,216,CZO,350.9901204,-2.37890626
55,PIJE,New,2,1,168.2416553,8/4/20,-1.43,-1.45,-2.52,-2.48,-1.44,-2.5,tree,216,CZO,153.68,-2.474
83,QUKE,New,2,1,94.99868893,8/4/20,-0.96,-1.12,-2.58,-2.62,-1.04,-2.6,tree,216,CZO,113.1821463,-2.909915135
43,ABCO,New,3,1,177.085171,8/4/20,-0.83,-0.72,-1.91,-1.7,-0.775,-1.805,tree,216,CZO,165.7,-2.173
76,ARPA,New,3,1,117.0170715,8/4/20,-0.85,-0.849,-2.06,-2.05,-0.8495,-2.055,shrub,216,CZO,108.3036245,-2.378742269
40,CADE,New,3,1,109.7549314,8/4/20,-1.09,-1.03,-1.87,-1.85,-1.06,-1.86,tree,216,CZO,123.2700516,-2.626049161
36,CECO,New,3,1,113.7795276,8/4/20,-0.9,-1.3,-1.84,-1.96,-1.1,-1.9,shrub,216,CZO,350.9901204,-2.37890626
13,PIJE,New,3,1,117.8588963,8/4/20,-1.75,-1.71,-2.17,-2.19,-1.73,-2.18,tree,216,CZO,153.68,-2.474
75,QUKE,New,3,1,92.29246744,8/4/20,-1.11,-1.14,-2.91,-3.04,-1.125,-2.975,tree,216,CZO,113.1821463,-2.909915135
1,ABCO,New,4,1,173.710297,8/4/20,-1.12,-1.13,-1.79,-1.81,-1.125,-1.8,tree,216,CZO,165.7,-2.173
23,ARPA,New,4,1,117.694099,8/4/20,-0.929,,-2.52,-2.58,-0.929,-2.55,shrub,216,CZO,108.3036245,-2.378742269
44,CADE,New,4,1,104.7165336,8/4/20,-0.789,-1.28,-1.66,-1.888,-1.0345,-1.774,tree,216,CZO,123.2700516,-2.626049161
47,CECO,New,4,1,114.3551339,8/4/20,-0.86,-1.14,-2.14,-2.21,-1,-2.175,shrub,216,CZO,350.9901204,-2.37890626
69,PIJE,New,4,1,140.8168656,8/4/20,-1.64,-1.74,-2.47,-2.53,-1.69,-2.5,tree,216,CZO,153.68,-2.474
86,QUKE,New,4,1,104.6512714,8/4/20,-1.34,-1.25,-3.46,-3.52,-1.295,-3.49,tree,216,CZO,113.1821463,-2.909915135
9,ABCO,New,5,1,178.7627112,8/4/20,-0.64,-0.83,-1.95,-1.9,-0.735,-1.925,tree,216,CZO,165.7,-2.173
20,ARPA,New,5,1,133.9722219,8/4/20,-0.81,-0.9,-2.28,-1.73,-0.855,-2.005,shrub,216,CZO,108.3036245,-2.378742269
24,CADE,New,5,1,117.8588963,8/4/20,-0.769,-0.815,-1.98,,-0.792,-1.98,tree,216,CZO,123.2700516,-2.626049161
67,CECO,New,5,1,121.0245885,8/4/20,-0.82,-1.49,-2.12,-2.19,-1.155,-2.155,shrub,216,CZO,350.9901204,-2.37890626
70,PIJE,New,5,1,103.1400113,8/4/20,-1.17,-1.46,-2.65,-2.63,-1.315,-2.64,tree,216,CZO,153.68,-2.474
81,QUKE,New,5,1,94.54095081,8/4/20,-0.97,-1.18,-2.52,-2.57,-1.075,-2.545,tree,216,CZO,113.1821463,-2.909915135
61,ABCO,New,6,1,174.6981691,8/4/20,-0.45,-1.04,-1.44,-1.45,-0.745,-1.445,tree,216,CZO,165.7,-2.173
52,ARPA,New,6,1,134.6157819,8/4/20,-0.517,-0.529,-2.18,-2.35,-0.523,-2.265,shrub,216,CZO,108.3036245,-2.378742269
60,CADE,New,6,1,118.0749393,8/4/20,-1.41,-1.375,-2.24,-2.14,-1.3925,-2.19,tree,216,CZO,123.2700516,-2.626049161
57,CECO,New,6,1,119.5196992,8/4/20,-0.62,-0.63,-2.07,-2.1,-0.625,-2.085,shrub,216,CZO,350.9901204,-2.37890626
39,PIJE,New,6,1,147.4465809,8/4/20,-1.44,-1.21,-2.55,-2.5,-1.325,-2.525,tree,216,CZO,153.68,-2.474
50,QUKE,New,6,1,93.17393413,8/4/20,-1.09,-0.89,-3.07,-3.16,-0.99,-3.115,tree,216,CZO,113.1821463,-2.909915135
4,ABCO,New,1,2,239.6032968,8/4/20,-0.51,-0.62,-1.73,-2,-0.565,-1.865,tree,216,CZO,165.7,-2.173
42,ARPA,New,1,2,147.6912001,8/4/20,-0.72,-0.88,-1.44,-1.43,-0.8,-1.435,shrub,216,CZO,108.3036245,-2.378742269
51,CADE,New,1,2,154.2952278,8/4/20,-0.69,-0.58,-1.5,-1.62,-0.635,-1.56,tree,216,CZO,123.2700516,-2.626049161
66,CECO,New,1,2,165.8910874,8/4/20,-0.57,-0.49,-1.54,-1.37,-0.53,-1.455,shrub,216,CZO,350.9901204,-2.37890626
12,ABCO,New,2,2,206.695348,8/4/20,-0.65,-0.59,-1.84,-1.85,-0.62,-1.845,tree,216,CZO,165.7,-2.173
90,ARPA,New,2,2,141.4335486,8/4/20,-0.34,-0.32,-1.959,-2.05,-0.33,-2.0045,shrub,216,CZO,108.3036245,-2.378742269
46,CADE,New,2,2,152.907117,8/4/20,-0.6,-0.58,-1.88,-1.8,-0.59,-1.84,tree,216,CZO,123.2700516,-2.626049161
17,CECO,New,2,2,203.350631,8/4/20,-0.52,-0.75,-1.534,,-0.635,-1.534,shrub,216,CZO,350.9901204,-2.37890626
16,ABCO,New,3,2,195.9206412,8/4/20,-0.58,-0.65,-1.72,-1.89,-0.615,-1.805,tree,216,CZO,165.7,-2.173
64,ARPA,New,3,2,137.172034,8/4/20,-0.52,-0.53,-2.24,-2.27,-0.525,-2.255,shrub,216,CZO,108.3036245,-2.378742269
92,CADE,New,3,2,159.0896132,8/4/20,-0.58,-0.6,-1.64,-1.66,-0.59,-1.65,tree,216,CZO,123.2700516,-2.626049161
15,CECO,New,3,2,135.5944602,8/4/20,-0.7,-0.59,-1.66,-1.58,-0.645,-1.62,shrub,216,CZO,350.9901204,-2.37890626
56,ABCO,New,4,2,88.42143311,8/4/20,-0.72,-0.89,-1.72,-1.73,-0.805,-1.725,tree,216,CZO,165.7,-2.173
54,ARPA,New,4,2,147.2526774,8/4/20,-0.54,-0.55,-2.03,-2.13,-0.545,-2.08,shrub,216,CZO,108.3036245,-2.378742269
41,CADE,New,4,2,151.0434853,8/4/20,-1.06,-1.05,-1.96,-1.77,-1.055,-1.865,tree,216,CZO,123.2700516,-2.626049161
74,CECO,New,4,2,120.999189,8/4/20,-1.16,-1.2,-2.17,-2.27,-1.18,-2.22,shrub,216,CZO,350.9901204,-2.37890626
82,ABCO,New,5,2,129.6646052,8/4/20,-0.95,-0.78,-1.86,-1.88,-0.865,-1.87,tree,216,CZO,165.7,-2.173
72,ARPA,New,5,2,167.7395466,8/4/20,-0.58,-0.58,-1.88,-1.9,-0.58,-1.89,shrub,216,CZO,108.3036245,-2.378742269
18,CADE,New,5,2,154.1915636,8/4/20,-0.86,-0.66,-1.61,-1.74,-0.76,-1.675,tree,216,CZO,123.2700516,-2.626049161
77,CECO,New,5,2,161.6008672,8/4/20,-0.61,-0.29,-1.86,-1.91,-0.45,-1.885,shrub,216,CZO,350.9901204,-2.37890626
78,ABCO,Old,1,1,136.2643268,8/4/20,-0.58,-0.58,-1.68,-1.72,-0.58,-1.7,tree,216,CZO,165.7,-2.173
26,PIJE,Old,1,1,114.1684828,8/4/20,-1.1,-1.12,-2.57,-2.52,-1.11,-2.545,tree,216,CZO,153.68,-2.474
3,ABCO,Old,2,1,133.0160992,8/4/20,-0.68,-0.73,-1.89,-1.95,-0.705,-1.92,tree,216,CZO,165.7,-2.173
2,PIJE,Old,2,1,105.7785396,8/4/20,-1.43,-1.45,-2.52,-2.48,-1.44,-2.5,tree,216,CZO,153.68,-2.474
21,ABCO,Old,3,1,135.514106,8/4/20,-0.83,-0.72,-1.91,-1.7,-0.775,-1.805,tree,216,CZO,165.7,-2.173
68,PIJE,Old,3,1,104.9124033,8/4/20,-1.75,-1.71,-2.17,-2.19,-1.73,-2.18,tree,216,CZO,153.68,-2.474
31,ABCO,Old,4,1,110.4518525,8/4/20,-1.12,-1.13,-1.79,-1.81,-1.125,-1.8,tree,216,CZO,165.7,-2.173
30,PIJE,Old,4,1,103.5976542,8/4/20,-1.64,-1.74,-2.47,-2.53,-1.69,-2.5,tree,216,CZO,153.68,-2.474
32,ABCO,Old,5,1,141.2277735,8/4/20,-0.64,-0.83,-1.95,-1.9,-0.735,-1.925,tree,216,CZO,165.7,-2.173
91,PIJE,Old,5,1,103.8800773,8/4/20,-1.17,-1.46,-2.65,-2.63,-1.315,-2.64,tree,216,CZO,153.68,-2.474
53,ABCO,Old,6,1,130.2657818,8/4/20,-0.45,-1.04,-1.44,-1.45,-0.745,-1.445,tree,216,CZO,165.7,-2.173
84,PIJE,Old,6,1,99.32443868,8/4/20,-1.44,-1.21,-2.55,-2.5,-1.325,-2.525,tree,216,CZO,153.68,-2.474
73,ABCO,Old,1,2,152.1879362,8/4/20,-0.51,-0.62,-1.73,-2,-0.565,-1.865,tree,216,CZO,165.7,-2.173
22,ABCO,Old,2,2,142.8377329,8/4/20,-0.65,-0.59,-1.84,-1.85,-0.62,-1.845,tree,216,CZO,165.7,-2.173
71,ABCO,Old,3,2,143.022415,8/4/20,-0.58,-0.65,-1.72,-1.89,-0.615,-1.805,tree,216,CZO,165.7,-2.173
89,ABCO,Old,4,2,19.75115171,8/4/20,-0.72,-0.89,-1.72,-1.73,-0.805,-1.725,tree,216,CZO,165.7,-2.173
48,ABCO,Old,5,2,183.2976215,8/4/20,-0.95,-0.78,-1.86,-1.88,-0.865,-1.87,tree,216,CZO,165.7,-2.173
4,ABCO,New,1,1,168.0235936,8/26/20,-1.166,-1.121,-2.061,-1.816,-1.1435,-1.9385,tree,238,CZO,165.7,-2.173
38,ARPA,New,1,1,125.6296716,8/26/20,-1.689,-1.67,-2.681,-2.641,-1.6795,-2.661,shrub,238,CZO,108.3036245,-2.378742269
42,CADE,New,1,1,106.1078399,8/26/20,-1.111,-1.141,-1.942,-1.997,-1.126,-1.9695,tree,238,CZO,123.2700516,-2.626049161
51,CECO,New,1,1,199.3306306,8/26/20,-1.432,-1.961,-2.591,-2.14,-1.6965,-2.3655,shrub,238,CZO,350.9901204,-2.37890626
8,PIJE,New,1,1,162.7884124,8/26/20,-2.449,-2.389,-2.675,-1.75,-2.419,-2.2125,tree,238,CZO,153.68,-2.474
25,QUKE,New,1,1,105.2774849,8/26/20,-1.06,-2.269,-3.634,-3.697,-1.6645,-3.6655,tree,238,CZO,113.1821463,-2.909915135
12,ABCO,New,2,1,172.4758793,8/26/20,-0.869,-0.741,-1.891,-2.892,-0.805,-2.3915,tree,238,CZO,165.7,-2.173
7,ARPA,New,2,1,111.7165878,8/26/20,-1.467,-1.43,-3.09,-3.014,-1.4485,-3.052,shrub,238,CZO,108.3036245,-2.378742269
17,CADE,New,2,1,118.6885863,8/26/20,-1.214,-1.188,-2.081,-2.28,-1.201,-2.1805,tree,238,CZO,123.2700516,-2.626049161
78,CECO,New,2,1,93.67190649,8/26/20,-2.369,-2.623,-3.512,-3.5,-2.496,-3.506,shrub,238,CZO,350.9901204,-2.37890626
55,PIJE,New,2,1,146.6145505,8/26/20,-2.96,-2.249,-2.622,-2.16,-2.6045,-2.391,tree,238,CZO,153.68,-2.474
83,QUKE,New,2,1,104.7241781,8/26/20,-1.61,-1.267,-3.087,-3.267,-1.4385,-3.177,tree,238,CZO,113.1821463,-2.909915135
64,ABCO,New,3,1,183.0025152,8/26/20,-1.03,-0.879,-1.94,-1.989,-0.9545,-1.9645,tree,238,CZO,165.7,-2.173
15,ARPA,New,3,1,115.5191853,8/26/20,-1.545,-1.501,-1.945,-2.02,-1.523,-1.9825,shrub,238,CZO,108.3036245,-2.378742269
92,CADE,New,3,1,111.0271415,8/26/20,-1.673,-1.678,-2.365,-2.3,-1.6755,-2.3325,tree,238,CZO,123.2700516,-2.626049161
43,CECO,New,3,1,122.8392245,8/26/20,-2.03,-2.056,-3.599,-3.419,-2.043,-3.509,shrub,238,CZO,350.9901204,-2.37890626
13,PIJE,New,3,1,146.7154952,8/26/20,-2.164,-2.178,-2.531,-2.635,-2.171,-2.583,tree,238,CZO,153.68,-2.474
75,QUKE,New,3,1,100.06866,8/26/20,-1.486,-2.117,-3.944,-3.773,-1.8015,-3.8585,tree,238,CZO,113.1821463,-2.909915135
1,ABCO,New,4,1,172.039528,8/26/20,-1.357,-1.53,-2.453,-2.2,-1.4435,-2.3265,tree,238,CZO,165.7,-2.173
89,ARPA,New,4,1,112.2478411,8/26/20,-1.288,-1.367,-2.626,-2.898,-1.3275,-2.762,shrub,238,CZO,108.3036245,-2.378742269
54,CADE,New,4,1,107.4174326,8/26/20,-1.09,-1.212,-2.141,-2.39,-1.151,-2.2655,tree,238,CZO,123.2700516,-2.626049161
41,CECO,New,4,1,99.94332672,8/26/20,-2.311,-1.46,-2.852,-2.459,-1.8855,-2.6555,shrub,238,CZO,350.9901204,-2.37890626
69,PIJE,New,4,1,133.5603703,8/26/20,-2.498,-2.36,-2.388,-2.544,-2.429,-2.466,tree,238,CZO,153.68,-2.474
86,QUKE,New,4,1,106.1939749,8/26/20,-2.231,-2.146,-3.432,-3.95,-2.1885,-3.691,tree,238,CZO,113.1821463,-2.909915135
82,ABCO,New,5,1,171.456421,8/26/20,-0.993,-0.918,-2.228,-2.229,-0.9555,-2.2285,tree,238,CZO,165.7,-2.173
72,ARPA,New,5,1,123.0890631,8/26/20,-1.898,-1.876,-3.064,-3.097,-1.887,-3.0805,shrub,238,CZO,108.3036245,-2.378742269
77,CADE,New,5,1,107.787132,8/26/20,-1.36,-1.33,-2.887,-2.391,-1.345,-2.639,tree,238,CZO,123.2700516,-2.626049161
24,CECO,New,5,1,108.1851643,8/26/20,-1.799,-1.854,-2.731,-2.592,-1.8265,-2.6615,shrub,238,CZO,350.9901204,-2.37890626
70,PIJE,New,5,1,143.7079863,8/26/20,-2.1,-1.67,-2.631,-2.892,-1.885,-2.7615,tree,238,CZO,153.68,-2.474
81,QUKE,New,5,1,103.3352938,8/26/20,-1.389,-1.394,-3.276,-3.13,-1.3915,-3.203,tree,238,CZO,113.1821463,-2.909915135
61,ABCO,New,6,1,165.8264518,8/26/20,-1.36,-1.41,-2.163,-1.875,-1.385,-2.019,tree,238,CZO,165.7,-2.173
57,ARPA,New,6,1,118.7640165,8/26/20,-1.23,-1.001,-3.337,-2.915,-1.1155,-3.126,shrub,238,CZO,108.3036245,-2.378742269
60,CADE,New,6,1,112.2841277,8/26/20,-2.222,-2.104,-2.665,-2.444,-2.163,-2.5545,tree,238,CZO,123.2700516,-2.626049161
53,CECO,New,6,1,107.7511691,8/26/20,-0.48,-1.12,-2.655,-2.631,-0.8,-2.643,shrub,238,CZO,350.9901204,-2.37890626
39,PIJE,New,6,1,138.1664815,8/26/20,-2.16,-2.096,-2.43,-2.232,-2.128,-2.331,tree,238,CZO,153.68,-2.474
50,QUKE,New,6,1,89.31427893,8/26/20,-1.823,-1.849,-3.21,-2.912,-1.836,-3.061,tree,238,CZO,113.1821463,-2.909915135
62,ABCO,New,1,2,195.389157,8/26/20,-0.855,-0.789,-2.2,-2.19,-0.822,-2.195,tree,238,CZO,165.7,-2.173
73,ARPA,New,1,2,184.9312396,8/26/20,-0.921,-0.852,-2.021,-2.141,-0.8865,-2.081,shrub,238,CZO,108.3036245,-2.378742269
66,CADE,New,1,2,120.6148968,8/26/20,-0.791,-0.788,-1.875,-1.977,-0.7895,-1.926,tree,238,CZO,123.2700516,-2.626049161
87,CECO,New,1,2,140.8555018,8/26/20,-0.719,-0.759,-2.03,-1.839,-0.739,-1.9345,shrub,238,CZO,350.9901204,-2.37890626
5,ABCO,New,2,2,131.2832034,8/26/20,-0.507,-0.499,-1.834,-1.667,-0.503,-1.7505,tree,238,CZO,165.7,-2.173
90,ARPA,New,2,2,136.4167295,8/26/20,-0.674,-0.537,-2.781,-2.742,-0.6055,-2.7615,shrub,238,CZO,108.3036245,-2.378742269
88,CADE,New,2,2,134.596739,8/26/20,-0.774,-0.699,-1.68,-1.671,-0.7365,-1.6755,tree,238,CZO,123.2700516,-2.626049161
46,CECO,New,2,2,296.0844687,8/26/20,-0.534,-0.587,-1.731,-2.02,-0.5605,-1.8755,shrub,238,CZO,350.9901204,-2.37890626
16,ABCO,New,3,2,199.1485746,8/26/20,-0.649,-0.657,-1.899,-1.855,-0.653,-1.877,tree,238,CZO,165.7,-2.173
21,ARPA,New,3,2,127.4452104,8/26/20,-0.69,-0.661,-2.449,-2.64,-0.6755,-2.5445,shrub,238,CZO,108.3036245,-2.378742269
40,CADE,New,3,2,146.5812206,8/26/20,-0.89,-0.869,-1.82,-1.941,-0.8795,-1.8805,tree,238,CZO,123.2700516,-2.626049161
76,CECO,New,3,2,116.5427951,8/26/20,-0.647,-0.73,-2.214,-2.455,-0.6885,-2.3345,shrub,238,CZO,350.9901204,-2.37890626
56,ABCO,New,4,2,84.71023191,8/26/20,-1.31,-1.27,-1.792,-1.8,-1.29,-1.796,tree,238,CZO,165.7,-2.173
44,ARPA,New,4,2,136.9142478,8/26/20,-1.45,-1.42,-2.494,-2.499,-1.435,-2.4965,shrub,238,CZO,108.3036245,-2.378742269
31,CADE,New,4,2,130.575331,8/26/20,-1.94,-1.79,-2.432,-2.423,-1.865,-2.4275,tree,238,CZO,123.2700516,-2.626049161
74,CECO,New,4,2,111.8356263,8/26/20,-1.24,-1.55,-2.494,-2.668,-1.395,-2.581,shrub,238,CZO,350.9901204,-2.37890626
9,ABCO,New,5,2,154.2216714,8/26/20,-1.28,-1.25,-1.701,-1.753,-1.265,-1.727,tree,238,CZO,165.7,-2.173
20,ARPA,New,5,2,126.273202,8/26/20,-0.677,-0.578,-2.371,-2.453,-0.6275,-2.412,shrub,238,CZO,108.3036245,-2.378742269
67,CADE,New,5,2,145.8722957,8/26/20,-0.72,-0.69,-1.999,-1.922,-0.705,-1.9605,tree,238,CZO,123.2700516,-2.626049161
18,CECO,New,5,2,128.1208367,8/26/20,-0.896,-0.89,-2.067,-2.009,-0.893,-2.038,shrub,238,CZO,350.9901204,-2.37890626
3,ABCO,Old,1,1,146.2693365,8/26/20,-1.166,-1.121,-2.061,-1.816,-1.1435,-1.9385,tree,238,CZO,165.7,-2.173
26,PIJE,Old,1,1,121.9914709,8/26/20,-2.449,-2.389,-2.675,-1.75,-2.419,-2.2125,tree,238,CZO,153.68,-2.474
22,ABCO,Old,2,1,145.8300134,8/26/20,-0.869,-0.741,-1.891,-2.892,-0.805,-2.3915,tree,238,CZO,165.7,-2.173
71,ABCO,Old,3,1,143.5401689,8/26/20,-1.03,-0.879,-1.94,-1.989,-0.9545,-1.9645,tree,238,CZO,165.7,-2.173
68,PIJE,Old,3,1,117.0021908,8/26/20,-2.164,-2.178,-2.531,-2.635,-2.171,-2.583,tree,238,CZO,153.68,-2.474
23,ABCO,Old,4,1,133.4944225,8/26/20,-1.357,-1.53,-2.453,-2.2,-1.4435,-2.3265,tree,238,CZO,165.7,-2.173
30,PIJE,Old,4,1,104.972759,8/26/20,-2.498,-2.36,-2.388,-2.544,-2.429,-2.466,tree,238,CZO,153.68,-2.474
48,ABCO,Old,5,1,85.49955433,8/26/20,-0.993,-0.918,-2.228,-2.229,-0.9555,-2.2285,tree,238,CZO,165.7,-2.173
91,PIJE,Old,5,1,109.2441034,8/26/20,-2.1,-1.67,-2.631,-2.892,-1.885,-2.7615,tree,238,CZO,153.68,-2.474
52,ABCO,Old,6,1,40.36882387,8/26/20,-1.36,-1.41,-2.163,-1.875,-1.385,-2.019,tree,238,CZO,165.7,-2.173
84,PIJE,Old,6,1,107.5002897,8/26/20,-2.16,-2.096,-2.43,-2.232,-2.128,-2.331,tree,238,CZO,153.68,-2.474
5,ABCO,Old,2,2,131.2832034,8/26/20,-0.507,-0.499,-1.834,-1.667,-0.503,-1.7505,tree,238,CZO,165.7,-2.173
36,ABCO,Old,3,2,160.9165334,8/26/20,-0.649,-0.657,-1.899,-1.855,-0.653,-1.877,tree,238,CZO,165.7,-2.173
47,ABCO,Old,4,2,88.35114982,8/26/20,-1.31,-1.27,-1.792,-1.8,-1.29,-1.796,tree,238,CZO,165.7,-2.173
32,ABCO,Old,5,2,115.0502272,8/26/20,-1.28,-1.25,-1.701,-1.753,-1.265,-1.727,tree,238,CZO,165.7,-2.173
51,ABCO,New,1,1,149.7689864,10/19/20,-1.677,-2.1,-2.281,-2.289,-1.8885,-2.285,tree,292,SEKI,165.7,-2.173
1,ARPA,New,1,1,73.05716838,10/19/20,-5.234,-5.401,-6.411,-6.411,-5.3175,-6.411,shrub,292,SEKI,108.3036245,-2.378742269
37,CADE,New,1,1,107.2978004,10/19/20,-2.761,-2.847,-2.992,-2.928,-2.804,-2.96,tree,292,SEKI,123.2700516,-2.626049161
3,CECO,New,1,1,81.08330798,10/19/20,-2.129,-1.798,-3.352,-3.331,-1.9635,-3.3415,shrub,292,SEKI,350.9901204,-2.37890626
65,PIJE,New,1,1,130.5198147,10/19/20,-2.346,-2.188,-2.307,-2.288,-2.267,-2.2975,tree,292,SEKI,153.68,-2.474
Q1,QUKE,New,1,1,89.65155087,10/19/20,-1.288,-1.431,-3.845,-3.842,-1.3595,-3.8435,tree,292,SEKI,113.1821463,-2.909915135
38,ABCO,New,2,1,161.9039524,10/19/20,-2.093,-1.899,-2.094,-2.079,-1.996,-2.0865,tree,292,SEKI,165.7,-2.173
6,ARPA,New,2,1,117.1872681,10/19/20,-0.859,-0.868,-3.666,-3.641,-0.8635,-3.6535,shrub,292,SEKI,108.3036245,-2.378742269
55,CADE,New,2,1,105.8267328,10/19/20,-3.137,-3.257,-3.47,-3.341,-3.197,-3.4055,tree,292,SEKI,123.2700516,-2.626049161
4,CECO,New,2,1,79.94967762,10/19/20,-2.959,-3.335,-3.482,-3.817,-3.147,-3.6495,shrub,292,SEKI,350.9901204,-2.37890626
Q2,QUKE,New,2,1,84.36975632,10/19/20,-1.516,-1.6,-3.825,-4.972,-1.558,-4.3985,tree,292,SEKI,113.1821463,-2.909915135
56,ABCO,New,3,1,166.799407,10/19/20,-1.488,-1.596,-2.067,-2.004,-1.542,-2.0355,tree,292,SEKI,165.7,-2.173
39,ARPA,New,3,1,84.36418207,10/19/20,-4.503,-4.447,-5.001,-5.069,-4.475,-5.035,shrub,292,SEKI,108.3036245,-2.378742269
7,CADE,New,3,1,101.9708458,10/19/20,-2.799,-2.703,-2.866,-2.858,-2.751,-2.862,tree,292,SEKI,123.2700516,-2.626049161
9,CECO,New,3,1,75.62751315,10/19/20,-3.205,-3.245,-3.631,-3.723,-3.225,-3.677,shrub,292,SEKI,350.9901204,-2.37890626
Q3,QUKE,New,3,1,99.54154524,10/19/20,-1.183,-1.3,-3.601,-3.512,-1.2415,-3.5565,tree,292,SEKI,113.1821463,-2.909915135
10,ABCO,New,4,1,160.0374515,10/19/20,-2.322,-2.229,-2.23,-2.3,-2.2755,-2.265,tree,292,SEKI,165.7,-2.173
57,ARPA,New,4,1,106.2017357,10/19/20,-2.113,-1.971,-3.711,-3.764,-2.042,-3.7375,shrub,292,SEKI,108.3036245,-2.378742269
40,CADE,New,4,1,105.4198905,10/19/20,-4.255,-3.532,-3.581,-3.587,-3.8935,-3.584,tree,292,SEKI,123.2700516,-2.626049161
12,CECO,New,4,1,190.2571819,10/19/20,-2.278,-2.477,-3.648,-3.662,-2.3775,-3.655,shrub,292,SEKI,350.9901204,-2.37890626
Q4,QUKE,New,4,1,89.25745619,10/19/20,-1.901,-2.022,-4.144,-4.1,-1.9615,-4.122,tree,292,SEKI,113.1821463,-2.909915135
15,ABCO,New,5,1,160.7845977,10/19/20,-2.343,-2.093,-2.188,-2.216,-2.218,-2.202,tree,292,SEKI,165.7,-2.173
13,ARPA,New,5,1,103.2457854,10/19/20,-1.407,-1.54,-2.886,-2.843,-1.4735,-2.8645,shrub,292,SEKI,108.3036245,-2.378742269
50,CADE,New,5,1,125.2048176,10/19/20,-2.472,-2.698,-2.62,-2.621,-2.585,-2.6205,tree,292,SEKI,123.2700516,-2.626049161
58,CECO,New,5,1,77.45353339,10/19/20,-3.311,-3.057,-3.835,-4.039,-3.184,-3.937,shrub,292,SEKI,350.9901204,-2.37890626
Q5,QUKE,New,5,1,88.51532282,10/19/20,-1.947,-1.694,-3.669,-4.192,-1.8205,-3.9305,tree,292,SEKI,113.1821463,-2.909915135
59,ABCO,New,6,1,161.4821905,10/19/20,-2.277,-2.004,-2.121,-2.348,-2.1405,-2.2345,tree,292,SEKI,165.7,-2.173
41,ARPA,New,6,1,80.56910171,10/19/20,-3.1,-3.071,-3.821,-3.78,-3.0855,-3.8005,shrub,292,SEKI,108.3036245,-2.378742269
18,CADE,New,6,1,101.7647816,10/19/20,-3.504,-3.61,-3.48,-3.552,-3.557,-3.516,tree,292,SEKI,123.2700516,-2.626049161
16,CECO,New,6,1,81.21936515,10/19/20,-2.897,-3.559,-4.245,-3.924,-3.228,-4.0845,shrub,292,SEKI,350.9901204,-2.37890626
Q6,QUKE,New,6,1,78.80889837,10/19/20,-1.703,-1.399,-3.491,-3.448,-1.551,-2.4995,tree,292,SEKI,113.1821463,-2.909915135
42,ABCO,New,1,2,159.8613426,10/19/20,-1.586,-1.592,-2.035,-1.961,-1.589,-1.998,tree,292,SEKI,165.7,-2.173
60,ARPA,New,1,2,72.25904411,10/19/20,-4.378,-4.584,-5.328,-5.31,-4.481,-5.319,shrub,292,SEKI,108.3036245,-2.378742269
19,CADE,New,1,2,101.7609162,10/19/20,-1.671,-1.672,-2.226,-2.219,-1.6715,-2.2225,tree,292,SEKI,123.2700516,-2.626049161
54,CADE,New,1,2,95.7084433,10/19/20,-2.981,-2.485,-3.241,-3.223,-2.733,-3.232,tree,292,SEKI,123.2700516,-2.626049161
43,CECO,New,1,2,84.25807345,10/19/20,-2.229,-2.321,-3.318,-3.311,-2.275,-3.3145,shrub,292,SEKI,350.9901204,-2.37890626
22,ABCO,New,2,2,159.9327393,10/19/20,-1.892,-1.911,-2.377,-2.411,-1.9015,-2.394,tree,292,SEKI,165.7,-2.173
44,ARPA,New,2,2,84.50142965,10/19/20,-2.72,-2.694,-4.898,-4.755,-2.707,-4.8265,shrub,292,SEKI,108.3036245,-2.378742269
23,CECO,New,2,2,88.27494766,10/19/20,-2.812,-2.824,-3.308,-3.351,-2.818,-3.3295,shrub,292,SEKI,350.9901204,-2.37890626
25,CECO,New,2,2,80.52020317,10/19/20,-3.065,-4.044,-4.261,-3.899,-3.5545,-4.08,shrub,292,SEKI,350.9901204,-2.37890626
24,PIJE,New,2,2,127.1193197,10/19/20,-2.984,-3.132,-2.821,-3.088,-3.058,-2.9545,tree,292,SEKI,153.68,-2.474
28,ABCO,New,3,2,166.3814574,10/19/20,-1.966,-2.03,-2.299,-2.188,-1.998,-2.2435,tree,292,SEKI,165.7,-2.173
47,ARPA,New,3,2,78.98981538,10/19/20,-2.126,-2.091,-3.568,-3.592,-2.1085,-3.58,shrub,292,SEKI,108.3036245,-2.378742269
27,CADE,New,3,2,98.36219948,10/19/20,-2.223,-2.3,-2.639,-2.811,-2.2615,-2.725,tree,292,SEKI,123.2700516,-2.626049161
46,PIJE,New,3,2,128.6168834,10/19/20,-2.466,-2.574,-3.399,-3.287,-2.52,-3.343,tree,292,SEKI,153.68,-2.474
62,ABCO,New,4,2,144.4046781,10/19/20,-2.037,-2.229,-2.298,-2.374,-2.133,-2.336,tree,292,SEKI,165.7,-2.173
48,ARPA,New,4,2,76.25441273,10/19/20,-3.743,-3.782,-4.488,-4.784,-3.7625,-4.636,shrub,292,SEKI,108.3036245,-2.378742269
49,CADE,New,4,2,94.41032369,10/19/20,-3.631,-3.401,-3.443,-3.432,-3.516,-3.4375,tree,292,SEKI,123.2700516,-2.626049161
30,CECO,New,4,2,81.01107557,10/19/20,-3.881,-3.496,-3.661,-3.636,-3.6885,-3.6485,shrub,292,SEKI,350.9901204,-2.37890626
63,PIJE,New,4,2,134.9276003,10/19/20,-3.612,-2.339,-2.734,-2.734,-2.9755,-2.734,tree,292,SEKI,153.68,-2.474
31,ARPA,New,5,2,86.46355453,10/19/20,-3.291,-3.254,-4.384,-4.199,-3.2725,-4.2915,shrub,292,SEKI,108.3036245,-2.378742269
53,CADE,New,5,2,116.7962633,10/19/20,-1.133,-1.281,-2.334,-1.787,-1.207,-2.0605,tree,292,SEKI,123.2700516,-2.626049161
52,CECO,New,5,2,83.95852825,10/19/20,-3.183,-3.1,-3.454,-3.6,-3.1415,-3.527,shrub,292,SEKI,350.9901204,-2.37890626
64,PIJE,New,5,2,135.4219388,10/19/20,-2.134,-3.344,-2.973,-2.769,-2.739,-2.871,tree,292,SEKI,153.68,-2.474
34,PIJE,New,6,2,128.9390273,10/19/20,-1.874,-1.741,-2.323,-2.455,-1.8075,-2.389,tree,292,SEKI,153.68,-2.474
2,ABCO,Old,1,1,134.831468,10/19/20,-1.677,-2.1,-2.281,-2.289,-1.8885,-2.285,tree,292,SEKI,165.7,-2.173
51,ABCO,Old,1,1,149.7689864,10/19/20,-1.677,-2.1,-2.281,-2.289,-1.8885,-2.285,tree,292,SEKI,165.7,-2.173
5,ABCO,Old,2,1,14.49869922,10/19/20,-2.093,-1.899,-2.094,-2.079,-1.996,-2.0865,tree,292,SEKI,165.7,-2.173
8,ABCO,Old,3,1,127.0860077,10/19/20,-1.488,-1.596,-2.067,-2.004,-1.542,-2.0355,tree,292,SEKI,165.7,-2.173
11,ABCO,Old,4,1,134.4513448,10/19/20,-2.322,-2.229,-2.23,-2.3,-2.2755,-2.265,tree,292,SEKI,165.7,-2.173
14,ABCO,Old,5,1,133.6409902,10/19/20,-2.343,-2.093,-2.188,-2.216,-2.218,-2.202,tree,292,SEKI,165.7,-2.173
17,ABCO,Old,6,1,135.786488,10/19/20,-2.277,-2.004,-2.121,-2.348,-2.1405,-2.2345,tree,292,SEKI,165.7,-2.173
20,ABCO,Old,1,2,131.3633938,10/19/20,-1.586,-1.592,-2.035,-1.961,-1.589,-1.998,tree,292,SEKI,165.7,-2.173
45,ABCO,Old,2,2,121.2165889,10/19/20,-1.892,-1.911,-2.377,-2.411,-1.9015,-2.394,tree,292,SEKI,165.7,-2.173
26,ABCO,Old,3,2,128.2792728,10/19/20,-1.966,-2.03,-2.299,-2.188,-1.998,-2.2435,tree,292,SEKI,165.7,-2.173
29,ABCO,Old,4,2,138.8258007,10/19/20,-2.037,-2.229,-2.298,-2.374,-2.133,-2.336,tree,292,SEKI,165.7,-2.173
36,ABCO,New,2.1,2,136.6259488,4/24/21,-0.84,-1.02,-1.55,-1.54,-0.93,-1.235,tree,114,CZO,165.7,-2.173
43,CADE,New,2.1,2,102.1029459,4/24/21,-0.75,-0.77,-1.38,-1.39,-0.76,-1.075,tree,114,CZO,123.2700516,-2.626049161
44,ABCO,New,2.2,2,133.7575195,4/24/21,-0.68,-0.72,-0.78,-0.85,-0.7,-0.775,tree,114,CZO,165.7,-2.173
24,CADE,New,2.2,2,100.0605907,4/24/21,-0.67,-0.69,-1.43,-1.47,-0.68,-1.075,tree,114,CZO,123.2700516,-2.626049161
62,ABCO,New,2.3,2,131.6718142,4/24/21,-0.78,-0.76,-1.59,-1.55,-0.77,-1.16,tree,114,CZO,165.7,-2.173
46,CADE,New,2.3,2,98.14264142,4/24/21,-0.67,-0.79,-1.58,-1.63,-0.73,-1.18,tree,114,CZO,123.2700516,-2.626049161
48,ABCO,New,2.4,2,118.928846,4/24/21,-0.83,-0.8,-1.54,-1.58,-0.815,-1.1975,tree,114,CZO,165.7,-2.173
63,CADE,New,2.4,2,109.1698531,4/24/21,-0.8,-0.715,-1.42,-1.02,-0.7575,-0.88875,tree,114,CZO,123.2700516,-2.626049161
31,ABCO,New,2.5,2,126.2829053,4/24/21,-1,-1.19,-1.51,-1.45,-1.095,-1.2725,tree,114,CZO,165.7,-2.173
33,CADE,New,2.5,2,114.4207167,4/24/21,-0.81,-0.77,-1.7,-1.68,-0.79,-1.235,tree,114,CZO,123.2700516,-2.626049161
42,ABCO,Old,2.1,2,123.9121829,4/24/21,-0.84,-1.02,-1.55,-1.54,-0.93,-1.235,tree,114,CZO,165.7,-2.173
21,ARPA,Old,2.1,2,105.057422,4/24/21,-1.97,-2.1,-0.88,-0.83,-2.035,-1.4325,shrub,114,CZO,108.3036245,-2.378742269
19,CADE,Old,2.1,2,88.54985573,4/24/21,-0.75,-0.77,-1.38,-1.39,-0.76,-1.075,tree,114,CZO,123.2700516,-2.626049161
20,CECO,Old,2.1,2,116.4557223,4/24/21,1.2,-1.24,-1.4,-1.44,-0.02,-0.73,shrub,114,CZO,350.9901204,-2.37890626
22,ABCO,Old,2.2,2,125.9093413,4/24/21,-0.68,-0.72,-0.78,-0.85,-0.7,-0.775,tree,114,CZO,165.7,-2.173
23,ARPA,Old,2.2,2,101.8276267,4/24/21,-0.56,-0.56,-1.17,-1.04,-0.56,-0.8,shrub,114,CZO,108.3036245,-2.378742269
45,CADE,Old,2.2,2,92.59311159,4/24/21,-0.67,-0.69,-1.43,-1.47,-0.68,-1.075,tree,114,CZO,123.2700516,-2.626049161
54,CECO,Old,2.2,2,111.2426499,4/24/21,-1.01,-1.33,-1.28,-1.38,-1.17,-1.275,shrub,114,CZO,350.9901204,-2.37890626
34,ABCO,Old,2.3,2,117.1128028,4/24/21,-0.78,-0.76,-1.59,-1.55,-0.77,-1.16,tree,114,CZO,165.7,-2.173
47,ARPA,Old,2.3,2,99.11793766,4/24/21,-0.55,-0.49,-0.93,-1.06,-0.52,-0.79,shrub,114,CZO,108.3036245,-2.378742269
26,CADE,Old,2.3,2,90.53058256,4/24/21,-0.67,-0.79,-1.58,-1.63,-0.73,-1.18,tree,114,CZO,123.2700516,-2.626049161
27,CECO,Old,2.3,2,107.0045262,4/24/21,-0.95,-0.94,-1.11,-0.97,-0.945,-0.9575,shrub,114,CZO,350.9901204,-2.37890626
29,ABCO,Old,2.4,2,112.6673354,4/24/21,-0.83,-0.8,-1.54,-1.58,-0.815,-1.1975,tree,114,CZO,165.7,-2.173
49,ARPA,Old,2.4,2,97.48837847,4/24/21,-0.54,-0.55,-1.04,-1.14,-0.545,-0.8425,shrub,114,CZO,108.3036245,-2.378742269
35,CADE,Old,2.4,2,100.0194008,4/24/21,-0.8,-0.715,-1.42,-1.02,-0.7575,-0.88875,tree,114,CZO,123.2700516,-2.626049161
28,CECO,Old,2.4,2,120.520519,4/24/21,-0.58,-0.52,-0.79,-0.72,-0.55,-0.635,shrub,114,CZO,350.9901204,-2.37890626
32,ABCO,Old,2.5,2,112.9226181,4/24/21,-1,-1.19,-1.51,-1.45,-1.095,-1.2725,tree,114,CZO,165.7,-2.173
64,ARPA,Old,2.5,2,100.9946182,4/24/21,-0.82,-0.88,-1.38,-1.56,-0.85,-1.205,shrub,114,CZO,108.3036245,-2.378742269
53,CADE,Old,2.5,2,102.6315502,4/24/21,-0.81,-0.77,-1.7,-1.68,-0.79,-1.235,tree,114,CZO,123.2700516,-2.626049161
52,CECO,Old,2.5,2,113.311826,4/24/21,-0.98,-1,-1.45,-1.28,-0.99,-1.135,shrub,114,CZO,350.9901204,-2.37890626
51,ABCO,New,1.1,1,136.7987918,4/24/21,-0.79,-0.76,-0.77,-0.76,-0.775,-0.7675,tree,114,CZO,165.7,-2.173
1,CADE,New,1.1,1,95.64025459,4/24/21,-0.79,-0.76,-1.24,-1.23,-0.775,-1.0025,tree,114,CZO,123.2700516,-2.626049161
Q1,PIJE,New,1.1,1,129.3963316,4/24/21,-0.67,-0.75,-0.87,-0.89,-0.71,-0.8,tree,114,CZO,153.68,-2.474
55,ABCO,New,1.2,1,140.4427031,4/24/21,-0.79,-0.69,-0.98,-0.96,-0.74,-0.85,tree,114,CZO,165.7,-2.173
38,CADE,New,1.2,1,101.7575982,4/24/21,-0.43,-0.49,-0.96,-1.05,-0.46,-0.755,tree,114,CZO,123.2700516,-2.626049161
98,PIJE,New,1.2,1,107.9474607,4/24/21,-0.49,-0.54,1.12,-1.14,-0.515,-0.8275,tree,114,CZO,153.68,-2.474
7,ABCO,New,1.3,1,124.6264749,4/24/21,-0.58,-0.69,-1.12,-1.13,-0.635,-0.8825,tree,114,CZO,165.7,-2.173
56,CADE,New,1.3,1,100.9016942,4/24/21,-0.48,-0.53,-0.88,-0.81,-0.505,-0.6575,tree,114,CZO,123.2700516,-2.626049161
12,ABCO,New,1.4,1,124.2028867,4/24/21,-0.69,-0.64,-0.93,-0.94,-0.665,-0.8025,tree,114,CZO,165.7,-2.173
57,CADE,New,1.4,1,99.14238742,4/24/21,-0.6,-0.47,-0.89,-0.94,-0.535,-0.7375,tree,114,CZO,123.2700516,-2.626049161
94,PIJE,New,1.4,1,103.1629367,4/24/21,-0.81,-0.84,-1.12,-1.14,-0.825,-0.9825,tree,114,CZO,153.68,-2.474
58,ABCO,New,1.5,1,131.0974719,4/24/21,-0.86,-0.39,-1.14,-1.09,-0.625,-0.8575,tree,114,CZO,165.7,-2.173
15,CADE,New,1.5,1,86.20055574,4/24/21,-0.6,-0.55,-0.56,-0.49,-0.575,-0.5325,tree,114,CZO,123.2700516,-2.626049161
91,PIJE,New,1.5,1,117.2271104,4/24/21,-0.77,-0.78,-1.17,-1.38,-0.775,-1.0775,tree,114,CZO,153.68,-2.474
59,ABCO,New,1.6,1,127.7849324,4/24/21,-0.72,-0.71,-0.89,-0.89,-0.715,-0.8025,tree,114,CZO,165.7,-2.173
41,CADE,New,1.6,1,104.327026,4/24/21,-0.55,-0.52,-0.88,-0.84,-0.535,-0.6875,tree,114,CZO,123.2700516,-2.626049161
89,PIJE,New,1.6,1,108.9111581,4/24/21,-0.7,-0.5,-1.24,-1.32,-0.6,-0.96,tree,114,CZO,153.68,-2.474
2,ABCO,Old,1.1,1,117.7724041,4/24/21,-0.79,-0.76,-0.77,-0.76,-0.775,-0.7675,tree,114,CZO,165.7,-2.173
99,ARPA,Old,1.1,1,105.117549,4/24/21,-0.39,-0.45,-0.59,-0.9,-0.42,-0.66,shrub,114,CZO,108.3036245,-2.378742269
37,CADE,Old,1.1,1,88.06827813,4/24/21,-0.79,-0.76,-1.24,-1.23,-0.775,-1.0025,tree,114,CZO,123.2700516,-2.626049161
3,CECO,Old,1.1,1,129.5567545,4/24/21,-0.45,-0.42,-0.89,-0.78,-0.435,-0.6075,shrub,114,CZO,350.9901204,-2.37890626
100,PIJE,Old,1.1,1,110.760947,4/24/21,-0.67,-0.75,-0.87,-0.89,-0.71,-0.8,tree,114,CZO,153.68,-2.474
6,ABCO,Old,1.2,1,127.8647084,4/24/21,-0.79,-0.69,-0.98,-0.96,-0.74,-0.85,tree,114,CZO,165.7,-2.173
97,ARPA,Old,1.2,1,107.5271257,4/24/21,-0.22,-0.19,-0.54,-0.53,-0.205,-0.3675,shrub,114,CZO,108.3036245,-2.378742269
5,CADE,Old,1.2,1,82.20119101,4/24/21,-0.43,-0.49,-0.96,-1.05,-0.46,-0.755,tree,114,CZO,123.2700516,-2.626049161
4,CECO,Old,1.2,1,123.2034472,4/24/21,-0.37,-0.44,-0.87,-1.1,-0.405,-0.7525,shrub,114,CZO,350.9901204,-2.37890626
Q2,PIJE,Old,1.2,1,93.60528989,4/24/21,-0.81,-0.84,-1.12,-1.14,-0.825,-0.9825,tree,114,CZO,153.68,-2.474
8,ABCO,Old,1.3,1,115.9194827,4/24/21,-0.58,-0.69,-1.12,-1.13,-0.635,-0.8825,tree,114,CZO,165.7,-2.173
39,ARPA,Old,1.3,1,89.56486579,4/24/21,-0.18,-0.13,-0.73,-0.77,-0.155,-0.4625,shrub,114,CZO,108.3036245,-2.378742269
95,CADE,Old,1.3,1,87.0188148,4/24/21,-0.48,-0.53,-0.88,-0.81,-0.505,-0.6575,tree,114,CZO,123.2700516,-2.626049161
9,CECO,Old,1.3,1,109.4910508,4/24/21,-0.6,-0.75,-1.31,-1.39,-0.675,-1.0325,shrub,114,CZO,350.9901204,-2.37890626
96,PIJE,Old,1.3,1,106.2587628,4/24/21,-0.81,-0.84,-1.12,-1.14,-0.825,-0.9825,tree,114,CZO,153.68,-2.474
Q3,PIJE,Old,1.3,1,100.9473234,4/24/21,-0.77,-0.78,-1.17,-1.38,-0.775,-1.0775,tree,114,CZO,153.68,-2.474
93,ABCO,Old,1.4,1,117.1928733,4/24/21,-0.69,-0.64,-0.93,-0.94,-0.665,-0.8025,tree,114,CZO,165.7,-2.173
10,ARPA,Old,1.4,1,96.96616994,4/24/21,-0.48,-0.44,-0.6,-0.62,-0.46,-0.54,shrub,114,CZO,108.3036245,-2.378742269
11,CADE,Old,1.4,1,86.64269738,4/24/21,-0.6,-0.47,-0.89,-0.94,-0.535,-0.7375,tree,114,CZO,123.2700516,-2.626049161
40,CECO,Old,1.4,1,118.1413434,4/24/21,-0.54,-0.61,-0.78,-0.76,-0.575,-0.6675,shrub,114,CZO,350.9901204,-2.37890626
Q4,PIJE,Old,1.4,1,86.9029508,4/24/21,-0.7,-0.5,-1.24,-1.32,-0.6,-0.96,tree,114,CZO,153.68,-2.474
14,ABCO,Old,1.5,1,126.9409766,4/24/21,-0.86,-0.39,-1.14,-1.09,-0.625,-0.8575,tree,114,CZO,165.7,-2.173
50,ARPA,Old,1.5,1,102.8200519,4/24/21,-0.48,-0.41,-0.65,-0.65,-0.445,-0.5475,shrub,114,CZO,108.3036245,-2.378742269
92,CADE,Old,1.5,1,80.54171603,4/24/21,-0.6,-0.55,-0.56,-0.49,-0.575,-0.5325,tree,114,CZO,123.2700516,-2.626049161
13,CECO,Old,1.5,1,126.2455748,4/24/21,-0.64,-0.54,-0.73,-0.71,-0.59,-0.65,shrub,114,CZO,350.9901204,-2.37890626
Q5,PIJE,Old,1.5,1,96.03702951,4/24/21,-0.76,-0.79,-1.08,-1.42,-0.775,-1.0975,tree,114,CZO,153.68,-2.474
90,ABCO,Old,1.6,1,126.7246254,4/24/21,-0.72,-0.71,-0.89,-0.89,-0.715,-0.8025,tree,114,CZO,165.7,-2.173
16,ARPA,Old,1.6,1,99.30157482,4/24/21,-0.56,-0.58,-0.82,-0.86,-0.57,-0.715,shrub,114,CZO,108.3036245,-2.378742269
17,CADE,Old,1.6,1,92.79447625,4/24/21,-0.55,-0.52,-0.88,-0.84,-0.535,-0.6875,tree,114,CZO,123.2700516,-2.626049161
18,CECO,Old,1.6,1,231.7437232,4/24/21,-0.85,-0.79,-1.17,-1.23,-0.82,-1.025,shrub,114,CZO,350.9901204,-2.37890626
Q6,PIJE,Old,1.6,1,90.27451447,4/24/21,-0.49,-0.54,1.12,-1.14,-0.515,-0.8275,tree,114,CZO,153.68,-2.474