date,sample,fresh.weight,dry.weight,water.potential,spp,fresh.weight.saturated.excel,RWD.excel,TLP.excel,RWC.at.tlp.excel,Po,SWC,LFM.at.tlp.excel,mean.TLP,mean.RWC,mean.Po,mean.SWC,mean.LFM.at.tlp
09.11.2020,1,0.5399,0.255,-0.384,CEME,0.5422,0.81,-2.755276074,85.89983797,-1.020090765,0.539284587,95.76470588,-2.784243642,84.19278907,-1.416447499,0.510411545,90.33494628
09.11.2020,1,0.5315,0.255,-0.575,CEME,0.5422,3.74,-2.755276074,85.89983797,-1.020090765,0.539284587,95.76470588,-2.784243642,84.19278907,-1.416447499,0.510411545,90.33494628
09.11.2020,1,0.529,0.255,-0.69,CEME,0.5422,4.61,-2.755276074,85.89983797,-1.020090765,0.539284587,95.76470588,-2.784243642,84.19278907,-1.416447499,0.510411545,90.33494628
09.11.2020,1,0.5271,0.255,-0.722,CEME,0.5422,5.27,-2.755276074,85.89983797,-1.020090765,0.539284587,95.76470588,-2.784243642,84.19278907,-1.416447499,0.510411545,90.33494628
09.11.2020,1,0.5243,0.255,-1.132,CEME,0.5422,6.24,-2.755276074,85.89983797,-1.020090765,0.539284587,95.76470588,-2.784243642,84.19278907,-1.416447499,0.510411545,90.33494628
09.11.2020,1,0.5208,0.255,-1.231,CEME,0.5422,7.46,-2.755276074,85.89983797,-1.020090765,0.539284587,95.76470588,-2.784243642,84.19278907,-1.416447499,0.510411545,90.33494628
09.11.2020,1,0.5235,0.255,-1.261,CEME,0.5422,6.52,-2.755276074,85.89983797,-1.020090765,0.539284587,95.76470588,-2.784243642,84.19278907,-1.416447499,0.510411545,90.33494628
09.11.2020,1,0.5165,0.255,-1.741,CEME,0.5422,8.96,-2.755276074,85.89983797,-1.020090765,0.539284587,95.76470588,-2.784243642,84.19278907,-1.416447499,0.510411545,90.33494628
09.11.2020,1,0.5123,0.255,-1.848,CEME,0.5422,10.42,-2.755276074,85.89983797,-1.020090765,0.539284587,95.76470588,-2.784243642,84.19278907,-1.416447499,0.510411545,90.33494628
09.11.2020,1,0.515,0.255,-1.87,CEME,0.5422,9.48,-2.755276074,85.89983797,-1.020090765,0.539284587,95.76470588,-2.784243642,84.19278907,-1.416447499,0.510411545,90.33494628
09.11.2020,1,0.5144,0.255,-1.915,CEME,0.5422,9.69,-2.755276074,85.89983797,-1.020090765,0.539284587,95.76470588,-2.784243642,84.19278907,-1.416447499,0.510411545,90.33494628
09.11.2020,1,0.5105,0.255,-2.081,CEME,0.5422,11.05,-2.755276074,85.89983797,-1.020090765,0.539284587,95.76470588,-2.784243642,84.19278907,-1.416447499,0.510411545,90.33494628
09.11.2020,1,0.509,0.255,-2.271,CEME,0.5422,11.57,-2.755276074,85.89983797,-1.020090765,0.539284587,95.76470588,-2.784243642,84.19278907,-1.416447499,0.510411545,90.33494628
09.11.2020,1,0.505,0.255,-2.289,CEME,0.5422,12.96,-2.755276074,85.89983797,-1.020090765,0.539284587,95.76470588,-2.784243642,84.19278907,-1.416447499,0.510411545,90.33494628
09.11.2020,1,0.5078,0.255,-2.482,CEME,0.5422,11.99,-2.755276074,85.89983797,-1.020090765,0.539284587,95.76470588,-2.784243642,84.19278907,-1.416447499,0.510411545,90.33494628
09.11.2020,1,0.501,0.255,-2.59,CEME,0.5422,14.36,-2.755276074,85.89983797,-1.020090765,0.539284587,95.76470588,-2.784243642,84.19278907,-1.416447499,0.510411545,90.33494628
09.11.2020,1,0.5037,0.255,-2.666,CEME,0.5422,13.42,-2.755276074,85.89983797,-1.020090765,0.539284587,95.76470588,-2.784243642,84.19278907,-1.416447499,0.510411545,90.33494628
09.11.2020,1,0.4992,0.255,-2.789,CEME,0.5422,14.98,-2.755276074,85.89983797,-1.020090765,0.539284587,95.76470588,-2.784243642,84.19278907,-1.416447499,0.510411545,90.33494628
09.11.2020,1,0.5029,0.255,-2.881,CEME,0.5422,13.69,-2.755276074,85.89983797,-1.020090765,0.539284587,95.76470588,-2.784243642,84.19278907,-1.416447499,0.510411545,90.33494628
09.11.2020,1,0.4933,0.255,-2.998,CEME,0.5422,17.04,-2.755276074,85.89983797,-1.020090765,0.539284587,95.76470588,-2.784243642,84.19278907,-1.416447499,0.510411545,90.33494628
09.11.2020,1,0.4956,0.255,-3.132,CEME,0.5422,16.24,-2.755276074,85.89983797,-1.020090765,0.539284587,95.76470588,-2.784243642,84.19278907,-1.416447499,0.510411545,90.33494628
09.11.2020,1,0.4944,0.255,-3.551,CEME,0.5422,16.65,-2.755276074,85.89983797,-1.020090765,0.539284587,95.76470588,-2.784243642,84.19278907,-1.416447499,0.510411545,90.33494628
09.11.2020,3,0.4022,0.2003,-0.287,CEME,0.4049,1.33,-2.575706495,84.80468062,-1.500844846,0.404416092,86.42036945,-2.784243642,84.19278907,-1.416447499,0.510411545,90.33494628
09.11.2020,3,0.3978,0.2003,-0.511,CEME,0.4049,3.48,-2.575706495,84.80468062,-1.500844846,0.404416092,86.42036945,-2.784243642,84.19278907,-1.416447499,0.510411545,90.33494628
09.11.2020,3,0.3942,0.2003,-0.797,CEME,0.4049,5.24,-2.575706495,84.80468062,-1.500844846,0.404416092,86.42036945,-2.784243642,84.19278907,-1.416447499,0.510411545,90.33494628
09.11.2020,3,0.3928,0.2003,-1.052,CEME,0.4049,5.92,-2.575706495,84.80468062,-1.500844846,0.404416092,86.42036945,-2.784243642,84.19278907,-1.416447499,0.510411545,90.33494628
09.11.2020,3,0.3904,0.2003,-1.135,CEME,0.4049,7.1,-2.575706495,84.80468062,-1.500844846,0.404416092,86.42036945,-2.784243642,84.19278907,-1.416447499,0.510411545,90.33494628
09.11.2020,3,0.3888,0.2003,-1.196,CEME,0.4049,7.88,-2.575706495,84.80468062,-1.500844846,0.404416092,86.42036945,-2.784243642,84.19278907,-1.416447499,0.510411545,90.33494628
09.11.2020,3,0.3866,0.2003,-1.274,CEME,0.4049,8.95,-2.575706495,84.80468062,-1.500844846,0.404416092,86.42036945,-2.784243642,84.19278907,-1.416447499,0.510411545,90.33494628
09.11.2020,3,0.3843,0.2003,-1.59,CEME,0.4049,10.08,-2.575706495,84.80468062,-1.500844846,0.404416092,86.42036945,-2.784243642,84.19278907,-1.416447499,0.510411545,90.33494628
09.11.2020,3,0.3823,0.2003,-1.702,CEME,0.4049,11.06,-2.575706495,84.80468062,-1.500844846,0.404416092,86.42036945,-2.784243642,84.19278907,-1.416447499,0.510411545,90.33494628
09.11.2020,3,0.3813,0.2003,-1.709,CEME,0.4049,11.54,-2.575706495,84.80468062,-1.500844846,0.404416092,86.42036945,-2.784243642,84.19278907,-1.416447499,0.510411545,90.33494628
09.11.2020,3,0.3831,0.2003,-1.751,CEME,0.4049,10.67,-2.575706495,84.80468062,-1.500844846,0.404416092,86.42036945,-2.784243642,84.19278907,-1.416447499,0.510411545,90.33494628
09.11.2020,3,0.3803,0.2003,-1.82,CEME,0.4049,12.03,-2.575706495,84.80468062,-1.500844846,0.404416092,86.42036945,-2.784243642,84.19278907,-1.416447499,0.510411545,90.33494628
09.11.2020,3,0.376,0.2003,-2.17,CEME,0.4049,14.14,-2.575706495,84.80468062,-1.500844846,0.404416092,86.42036945,-2.784243642,84.19278907,-1.416447499,0.510411545,90.33494628
09.11.2020,3,0.379,0.2003,-2.201,CEME,0.4049,12.67,-2.575706495,84.80468062,-1.500844846,0.404416092,86.42036945,-2.784243642,84.19278907,-1.416447499,0.510411545,90.33494628
09.11.2020,3,0.3773,0.2003,-2.287,CEME,0.4049,13.5,-2.575706495,84.80468062,-1.500844846,0.404416092,86.42036945,-2.784243642,84.19278907,-1.416447499,0.510411545,90.33494628
09.11.2020,3,0.3753,0.2003,-2.386,CEME,0.4049,14.48,-2.575706495,84.80468062,-1.500844846,0.404416092,86.42036945,-2.784243642,84.19278907,-1.416447499,0.510411545,90.33494628
09.11.2020,3,0.3738,0.2003,-2.432,CEME,0.4049,15.21,-2.575706495,84.80468062,-1.500844846,0.404416092,86.42036945,-2.784243642,84.19278907,-1.416447499,0.510411545,90.33494628
09.11.2020,3,0.3734,0.2003,-2.563,CEME,0.4049,15.41,-2.575706495,84.80468062,-1.500844846,0.404416092,86.42036945,-2.784243642,84.19278907,-1.416447499,0.510411545,90.33494628
09.11.2020,3,0.3713,0.2003,-2.671,CEME,0.4049,16.43,-2.575706495,84.80468062,-1.500844846,0.404416092,86.42036945,-2.784243642,84.19278907,-1.416447499,0.510411545,90.33494628
09.11.2020,3,0.3708,0.2003,-2.7,CEME,0.4049,16.68,-2.575706495,84.80468062,-1.500844846,0.404416092,86.42036945,-2.784243642,84.19278907,-1.416447499,0.510411545,90.33494628
09.11.2020,3,0.3722,0.2003,-2.701,CEME,0.4049,15.99,-2.575706495,84.80468062,-1.500844846,0.404416092,86.42036945,-2.784243642,84.19278907,-1.416447499,0.510411545,90.33494628
09.11.2020,3,0.3666,0.2003,-2.902,CEME,0.4049,18.73,-2.575706495,84.80468062,-1.500844846,0.404416092,86.42036945,-2.784243642,84.19278907,-1.416447499,0.510411545,90.33494628
09.11.2020,3,0.3698,0.2003,-2.935,CEME,0.4049,17.17,-2.575706495,84.80468062,-1.500844846,0.404416092,86.42036945,-2.784243642,84.19278907,-1.416447499,0.510411545,90.33494628
09.11.2020,3,0.3678,0.2003,-3.022,CEME,0.4049,18.14,-2.575706495,84.80468062,-1.500844846,0.404416092,86.42036945,-2.784243642,84.19278907,-1.416447499,0.510411545,90.33494628
09.11.2020,4,0.6343,0.3155,-0.465,CEME,0.6458,3.48,-2.829031293,85.01451496,-1.300536576,0.645796538,89.00158479,-2.784243642,84.19278907,-1.416447499,0.510411545,90.33494628
09.11.2020,4,0.6311,0.3155,-0.816,CEME,0.6458,4.45,-2.829031293,85.01451496,-1.300536576,0.645796538,89.00158479,-2.784243642,84.19278907,-1.416447499,0.510411545,90.33494628
09.11.2020,4,0.6262,0.3155,-0.844,CEME,0.6458,5.94,-2.829031293,85.01451496,-1.300536576,0.645796538,89.00158479,-2.784243642,84.19278907,-1.416447499,0.510411545,90.33494628
09.11.2020,4,0.6284,0.3155,-0.926,CEME,0.6458,5.27,-2.829031293,85.01451496,-1.300536576,0.645796538,89.00158479,-2.784243642,84.19278907,-1.416447499,0.510411545,90.33494628
09.11.2020,4,0.6202,0.3155,-1.243,CEME,0.6458,7.75,-2.829031293,85.01451496,-1.300536576,0.645796538,89.00158479,-2.784243642,84.19278907,-1.416447499,0.510411545,90.33494628
09.11.2020,4,0.6243,0.3155,-1.279,CEME,0.6458,6.51,-2.829031293,85.01451496,-1.300536576,0.645796538,89.00158479,-2.784243642,84.19278907,-1.416447499,0.510411545,90.33494628
09.11.2020,4,0.6178,0.3155,-1.742,CEME,0.6458,8.48,-2.829031293,85.01451496,-1.300536576,0.645796538,89.00158479,-2.784243642,84.19278907,-1.416447499,0.510411545,90.33494628
09.11.2020,4,0.6158,0.3155,-1.78,CEME,0.6458,9.09,-2.829031293,85.01451496,-1.300536576,0.645796538,89.00158479,-2.784243642,84.19278907,-1.416447499,0.510411545,90.33494628
09.11.2020,4,0.6142,0.3155,-2.033,CEME,0.6458,9.57,-2.829031293,85.01451496,-1.300536576,0.645796538,89.00158479,-2.784243642,84.19278907,-1.416447499,0.510411545,90.33494628
09.11.2020,4,0.6116,0.3155,-2.124,CEME,0.6458,10.36,-2.829031293,85.01451496,-1.300536576,0.645796538,89.00158479,-2.784243642,84.19278907,-1.416447499,0.510411545,90.33494628
09.11.2020,4,0.6099,0.3155,-2.191,CEME,0.6458,10.87,-2.829031293,85.01451496,-1.300536576,0.645796538,89.00158479,-2.784243642,84.19278907,-1.416447499,0.510411545,90.33494628
09.11.2020,4,0.6083,0.3155,-2.251,CEME,0.6458,11.36,-2.829031293,85.01451496,-1.300536576,0.645796538,89.00158479,-2.784243642,84.19278907,-1.416447499,0.510411545,90.33494628
09.11.2020,4,0.6031,0.3155,-2.463,CEME,0.6458,12.93,-2.829031293,85.01451496,-1.300536576,0.645796538,89.00158479,-2.784243642,84.19278907,-1.416447499,0.510411545,90.33494628
09.11.2020,4,0.6066,0.3155,-2.483,CEME,0.6458,11.87,-2.829031293,85.01451496,-1.300536576,0.645796538,89.00158479,-2.784243642,84.19278907,-1.416447499,0.510411545,90.33494628
09.11.2020,4,0.5982,0.3155,-2.674,CEME,0.6458,14.41,-2.829031293,85.01451496,-1.300536576,0.645796538,89.00158479,-2.784243642,84.19278907,-1.416447499,0.510411545,90.33494628
09.11.2020,4,0.5963,0.3155,-2.754,CEME,0.6458,14.99,-2.829031293,85.01451496,-1.300536576,0.645796538,89.00158479,-2.784243642,84.19278907,-1.416447499,0.510411545,90.33494628
09.11.2020,4,0.6009,0.3155,-2.996,CEME,0.6458,13.6,-2.829031293,85.01451496,-1.300536576,0.645796538,89.00158479,-2.784243642,84.19278907,-1.416447499,0.510411545,90.33494628
09.11.2020,4,0.5898,0.3155,-3.134,CEME,0.6458,16.96,-2.829031293,85.01451496,-1.300536576,0.645796538,89.00158479,-2.784243642,84.19278907,-1.416447499,0.510411545,90.33494628
09.11.2020,4,0.592,0.3155,-3.183,CEME,0.6458,16.29,-2.829031293,85.01451496,-1.300536576,0.645796538,89.00158479,-2.784243642,84.19278907,-1.416447499,0.510411545,90.33494628
09.11.2020,4,0.5939,0.3155,-3.321,CEME,0.6458,15.72,-2.829031293,85.01451496,-1.300536576,0.645796538,89.00158479,-2.784243642,84.19278907,-1.416447499,0.510411545,90.33494628
09.11.2020,4,0.5867,0.3155,-3.59,CEME,0.6458,17.9,-2.829031293,85.01451496,-1.300536576,0.645796538,89.00158479,-2.784243642,84.19278907,-1.416447499,0.510411545,90.33494628
09.11.2020,5,0.2605,0.1295,-0.231,CEME,0.2612,0.55,-2.515136928,86.44450749,-1.051995196,0.261492192,88.10810811,-2.784243642,84.19278907,-1.416447499,0.510411545,90.33494628
09.11.2020,5,0.2589,0.1295,-0.49,CEME,0.2612,1.77,-2.515136928,86.44450749,-1.051995196,0.261492192,88.10810811,-2.784243642,84.19278907,-1.416447499,0.510411545,90.33494628
09.11.2020,5,0.2568,0.1295,-0.646,CEME,0.2612,3.36,-2.515136928,86.44450749,-1.051995196,0.261492192,88.10810811,-2.784243642,84.19278907,-1.416447499,0.510411545,90.33494628
09.11.2020,5,0.256,0.1295,-0.662,CEME,0.2612,3.97,-2.515136928,86.44450749,-1.051995196,0.261492192,88.10810811,-2.784243642,84.19278907,-1.416447499,0.510411545,90.33494628
09.11.2020,5,0.2559,0.1295,-0.851,CEME,0.2612,4.04,-2.515136928,86.44450749,-1.051995196,0.261492192,88.10810811,-2.784243642,84.19278907,-1.416447499,0.510411545,90.33494628
09.11.2020,5,0.2545,0.1295,-0.862,CEME,0.2612,5.11,-2.515136928,86.44450749,-1.051995196,0.261492192,88.10810811,-2.784243642,84.19278907,-1.416447499,0.510411545,90.33494628
09.11.2020,5,0.2538,0.1295,-1.073,CEME,0.2612,5.64,-2.515136928,86.44450749,-1.051995196,0.261492192,88.10810811,-2.784243642,84.19278907,-1.416447499,0.510411545,90.33494628
09.11.2020,5,0.2531,0.1295,-1.24,CEME,0.2612,6.17,-2.515136928,86.44450749,-1.051995196,0.261492192,88.10810811,-2.784243642,84.19278907,-1.416447499,0.510411545,90.33494628
09.11.2020,5,0.2527,0.1295,-1.342,CEME,0.2612,6.47,-2.515136928,86.44450749,-1.051995196,0.261492192,88.10810811,-2.784243642,84.19278907,-1.416447499,0.510411545,90.33494628
09.11.2020,5,0.2521,0.1295,-1.42,CEME,0.2612,6.93,-2.515136928,86.44450749,-1.051995196,0.261492192,88.10810811,-2.784243642,84.19278907,-1.416447499,0.510411545,90.33494628
09.11.2020,5,0.2512,0.1295,-1.561,CEME,0.2612,7.61,-2.515136928,86.44450749,-1.051995196,0.261492192,88.10810811,-2.784243642,84.19278907,-1.416447499,0.510411545,90.33494628
09.11.2020,5,0.251,0.1295,-1.577,CEME,0.2612,7.76,-2.515136928,86.44450749,-1.051995196,0.261492192,88.10810811,-2.784243642,84.19278907,-1.416447499,0.510411545,90.33494628
09.11.2020,5,0.2504,0.1295,-1.833,CEME,0.2612,8.22,-2.515136928,86.44450749,-1.051995196,0.261492192,88.10810811,-2.784243642,84.19278907,-1.416447499,0.510411545,90.33494628
09.11.2020,5,0.2496,0.1295,-1.997,CEME,0.2612,8.83,-2.515136928,86.44450749,-1.051995196,0.261492192,88.10810811,-2.784243642,84.19278907,-1.416447499,0.510411545,90.33494628
09.11.2020,5,0.2484,0.1295,-2,CEME,0.2612,9.74,-2.515136928,86.44450749,-1.051995196,0.261492192,88.10810811,-2.784243642,84.19278907,-1.416447499,0.510411545,90.33494628
09.11.2020,5,0.2487,0.1295,-2.081,CEME,0.2612,9.51,-2.515136928,86.44450749,-1.051995196,0.261492192,88.10810811,-2.784243642,84.19278907,-1.416447499,0.510411545,90.33494628
09.11.2020,5,0.2478,0.1295,-2.084,CEME,0.2612,10.19,-2.515136928,86.44450749,-1.051995196,0.261492192,88.10810811,-2.784243642,84.19278907,-1.416447499,0.510411545,90.33494628
09.11.2020,5,0.2467,0.1295,-2.148,CEME,0.2612,11.03,-2.515136928,86.44450749,-1.051995196,0.261492192,88.10810811,-2.784243642,84.19278907,-1.416447499,0.510411545,90.33494628
09.11.2020,5,0.2449,0.1295,-2.336,CEME,0.2612,12.39,-2.515136928,86.44450749,-1.051995196,0.261492192,88.10810811,-2.784243642,84.19278907,-1.416447499,0.510411545,90.33494628
09.11.2020,5,0.2456,0.1295,-2.384,CEME,0.2612,11.86,-2.515136928,86.44450749,-1.051995196,0.261492192,88.10810811,-2.784243642,84.19278907,-1.416447499,0.510411545,90.33494628
09.11.2020,5,0.246,0.1295,-2.402,CEME,0.2612,11.56,-2.515136928,86.44450749,-1.051995196,0.261492192,88.10810811,-2.784243642,84.19278907,-1.416447499,0.510411545,90.33494628
09.11.2020,5,0.2436,0.1295,-2.511,CEME,0.2612,13.38,-2.515136928,86.44450749,-1.051995196,0.261492192,88.10810811,-2.784243642,84.19278907,-1.416447499,0.510411545,90.33494628
09.11.2020,5,0.2429,0.1295,-2.668,CEME,0.2612,13.91,-2.515136928,86.44450749,-1.051995196,0.261492192,88.10810811,-2.784243642,84.19278907,-1.416447499,0.510411545,90.33494628
09.11.2020,5,0.2419,0.1295,-2.894,CEME,0.2612,14.67,-2.515136928,86.44450749,-1.051995196,0.261492192,88.10810811,-2.784243642,84.19278907,-1.416447499,0.510411545,90.33494628
09.11.2020,6,0.3159,0.148,-0.144,CEME,0.3168,0.52,-2.932173052,80.23039683,-1.960228732,0.316763966,91.48648649,-2.784243642,84.19278907,-1.416447499,0.510411545,90.33494628
09.11.2020,6,0.314,0.148,-0.298,CEME,0.3168,1.65,-2.932173052,80.23039683,-1.960228732,0.316763966,91.48648649,-2.784243642,84.19278907,-1.416447499,0.510411545,90.33494628
09.11.2020,6,0.3113,0.148,-0.596,CEME,0.3168,3.25,-2.932173052,80.23039683,-1.960228732,0.316763966,91.48648649,-2.784243642,84.19278907,-1.416447499,0.510411545,90.33494628
09.11.2020,6,0.3074,0.148,-0.725,CEME,0.3168,5.56,-2.932173052,80.23039683,-1.960228732,0.316763966,91.48648649,-2.784243642,84.19278907,-1.416447499,0.510411545,90.33494628
09.11.2020,6,0.309,0.148,-0.824,CEME,0.3168,4.61,-2.932173052,80.23039683,-1.960228732,0.316763966,91.48648649,-2.784243642,84.19278907,-1.416447499,0.510411545,90.33494628
09.11.2020,6,0.3053,0.148,-0.845,CEME,0.3168,6.8,-2.932173052,80.23039683,-1.960228732,0.316763966,91.48648649,-2.784243642,84.19278907,-1.416447499,0.510411545,90.33494628
09.11.2020,6,0.304,0.148,-1.086,CEME,0.3168,7.57,-2.932173052,80.23039683,-1.960228732,0.316763966,91.48648649,-2.784243642,84.19278907,-1.416447499,0.510411545,90.33494628
09.11.2020,6,0.3018,0.148,-1.38,CEME,0.3168,8.88,-2.932173052,80.23039683,-1.960228732,0.316763966,91.48648649,-2.784243642,84.19278907,-1.416447499,0.510411545,90.33494628
09.11.2020,6,0.2981,0.148,-1.508,CEME,0.3168,11.07,-2.932173052,80.23039683,-1.960228732,0.316763966,91.48648649,-2.784243642,84.19278907,-1.416447499,0.510411545,90.33494628
09.11.2020,6,0.2995,0.148,-1.631,CEME,0.3168,10.24,-2.932173052,80.23039683,-1.960228732,0.316763966,91.48648649,-2.784243642,84.19278907,-1.416447499,0.510411545,90.33494628
09.11.2020,6,0.3005,0.148,-1.711,CEME,0.3168,9.65,-2.932173052,80.23039683,-1.960228732,0.316763966,91.48648649,-2.784243642,84.19278907,-1.416447499,0.510411545,90.33494628
09.11.2020,6,0.2968,0.148,-1.962,CEME,0.3168,11.84,-2.932173052,80.23039683,-1.960228732,0.316763966,91.48648649,-2.784243642,84.19278907,-1.416447499,0.510411545,90.33494628
09.11.2020,6,0.2952,0.148,-2.113,CEME,0.3168,12.79,-2.932173052,80.23039683,-1.960228732,0.316763966,91.48648649,-2.784243642,84.19278907,-1.416447499,0.510411545,90.33494628
09.11.2020,6,0.2941,0.148,-2.135,CEME,0.3168,13.44,-2.932173052,80.23039683,-1.960228732,0.316763966,91.48648649,-2.784243642,84.19278907,-1.416447499,0.510411545,90.33494628
09.11.2020,6,0.2928,0.148,-2.171,CEME,0.3168,14.21,-2.932173052,80.23039683,-1.960228732,0.316763966,91.48648649,-2.784243642,84.19278907,-1.416447499,0.510411545,90.33494628
09.11.2020,6,0.2914,0.148,-2.492,CEME,0.3168,15.04,-2.932173052,80.23039683,-1.960228732,0.316763966,91.48648649,-2.784243642,84.19278907,-1.416447499,0.510411545,90.33494628
09.11.2020,6,0.2851,0.148,-2.611,CEME,0.3168,18.77,-2.932173052,80.23039683,-1.960228732,0.316763966,91.48648649,-2.784243642,84.19278907,-1.416447499,0.510411545,90.33494628
09.11.2020,6,0.2894,0.148,-2.614,CEME,0.3168,16.22,-2.932173052,80.23039683,-1.960228732,0.316763966,91.48648649,-2.784243642,84.19278907,-1.416447499,0.510411545,90.33494628
09.11.2020,6,0.2907,0.148,-2.671,CEME,0.3168,15.45,-2.932173052,80.23039683,-1.960228732,0.316763966,91.48648649,-2.784243642,84.19278907,-1.416447499,0.510411545,90.33494628
09.11.2020,6,0.2879,0.148,-2.709,CEME,0.3168,17.11,-2.932173052,80.23039683,-1.960228732,0.316763966,91.48648649,-2.784243642,84.19278907,-1.416447499,0.510411545,90.33494628
09.11.2020,6,0.2871,0.148,-2.831,CEME,0.3168,17.59,-2.932173052,80.23039683,-1.960228732,0.316763966,91.48648649,-2.784243642,84.19278907,-1.416447499,0.510411545,90.33494628
09.11.2020,6,0.2869,0.148,-2.915,CEME,0.3168,17.71,-2.932173052,80.23039683,-1.960228732,0.316763966,91.48648649,-2.784243642,84.19278907,-1.416447499,0.510411545,90.33494628
09.11.2020,6,0.2834,0.148,-2.932,CEME,0.3168,19.78,-2.932173052,80.23039683,-1.960228732,0.316763966,91.48648649,-2.784243642,84.19278907,-1.416447499,0.510411545,90.33494628
09.11.2020,6,0.2818,0.148,-3.004,CEME,0.3168,20.73,-2.932173052,80.23039683,-1.960228732,0.316763966,91.48648649,-2.784243642,84.19278907,-1.416447499,0.510411545,90.33494628
09.11.2020,6,0.2805,0.148,-3.064,CEME,0.3168,21.5,-2.932173052,80.23039683,-1.960228732,0.316763966,91.48648649,-2.784243642,84.19278907,-1.416447499,0.510411545,90.33494628
09.11.2020,1,0.4499,0.2404,-0.156,ADFA,0.4518,0.9,-2.981191758,87.36433505,-2.213831307,0.451470112,76.70549085,-3.213684823,80.06245951,-1.802845111,0.713344394,74.33457237
09.11.2020,1,0.4487,0.2404,-0.232,ADFA,0.4518,1.46,-2.981191758,87.36433505,-2.213831307,0.451470112,76.70549085,-3.213684823,80.06245951,-1.802845111,0.713344394,74.33457237
09.11.2020,1,0.445,0.2404,-0.836,ADFA,0.4518,3.5,-2.981191758,87.36433505,-2.213831307,0.451470112,76.70549085,-3.213684823,80.06245951,-1.802845111,0.713344394,74.33457237
09.11.2020,1,0.4444,0.2404,-0.84,ADFA,0.4518,3.21,-2.981191758,87.36433505,-2.213831307,0.451470112,76.70549085,-3.213684823,80.06245951,-1.802845111,0.713344394,74.33457237
09.11.2020,1,0.4418,0.2404,-1.111,ADFA,0.4518,4.73,-2.981191758,87.36433505,-2.213831307,0.451470112,76.70549085,-3.213684823,80.06245951,-1.802845111,0.713344394,74.33457237
09.11.2020,1,0.4411,0.2404,-1.286,ADFA,0.4518,5.06,-2.981191758,87.36433505,-2.213831307,0.451470112,76.70549085,-3.213684823,80.06245951,-1.802845111,0.713344394,74.33457237
09.11.2020,1,0.4387,0.2404,-1.289,ADFA,0.4518,6.19,-2.981191758,87.36433505,-2.213831307,0.451470112,76.70549085,-3.213684823,80.06245951,-1.802845111,0.713344394,74.33457237
09.11.2020,1,0.4367,0.2404,-1.308,ADFA,0.4518,8.99,-2.981191758,87.36433505,-2.213831307,0.451470112,76.70549085,-3.213684823,80.06245951,-1.802845111,0.713344394,74.33457237
09.11.2020,1,0.4345,0.2404,-1.383,ADFA,0.4518,7.14,-2.981191758,87.36433505,-2.213831307,0.451470112,76.70549085,-3.213684823,80.06245951,-1.802845111,0.713344394,74.33457237
09.11.2020,1,0.4337,0.2404,-1.414,ADFA,0.4518,8.18,-2.981191758,87.36433505,-2.213831307,0.451470112,76.70549085,-3.213684823,80.06245951,-1.802845111,0.713344394,74.33457237
09.11.2020,1,0.4328,0.2404,-1.477,ADFA,0.4518,8.56,-2.981191758,87.36433505,-2.213831307,0.451470112,76.70549085,-3.213684823,80.06245951,-1.802845111,0.713344394,74.33457237
09.11.2020,1,0.4309,0.2404,-2.003,ADFA,0.4518,9.88,-2.981191758,87.36433505,-2.213831307,0.451470112,76.70549085,-3.213684823,80.06245951,-1.802845111,0.713344394,74.33457237
09.11.2020,1,0.4318,0.2404,-2.055,ADFA,0.4518,9.46,-2.981191758,87.36433505,-2.213831307,0.451470112,76.70549085,-3.213684823,80.06245951,-1.802845111,0.713344394,74.33457237
09.11.2020,1,0.4294,0.2404,-2.124,ADFA,0.4518,10.59,-2.981191758,87.36433505,-2.213831307,0.451470112,76.70549085,-3.213684823,80.06245951,-1.802845111,0.713344394,74.33457237
09.11.2020,1,0.4283,0.2404,-2.27,ADFA,0.4518,11.11,-2.981191758,87.36433505,-2.213831307,0.451470112,76.70549085,-3.213684823,80.06245951,-1.802845111,0.713344394,74.33457237
09.11.2020,1,0.4255,0.2404,-2.345,ADFA,0.4518,12.44,-2.981191758,87.36433505,-2.213831307,0.451470112,76.70549085,-3.213684823,80.06245951,-1.802845111,0.713344394,74.33457237
09.11.2020,1,0.4255,0.2404,-2.431,ADFA,0.4518,12.44,-2.981191758,87.36433505,-2.213831307,0.451470112,76.70549085,-3.213684823,80.06245951,-1.802845111,0.713344394,74.33457237
09.11.2020,1,0.4271,0.2404,-2.543,ADFA,0.4518,11.68,-2.981191758,87.36433505,-2.213831307,0.451470112,76.70549085,-3.213684823,80.06245951,-1.802845111,0.713344394,74.33457237
09.11.2020,1,0.4276,0.2404,-2.691,ADFA,0.4518,11.45,-2.981191758,87.36433505,-2.213831307,0.451470112,76.70549085,-3.213684823,80.06245951,-1.802845111,0.713344394,74.33457237
09.11.2020,1,0.4248,0.2404,-2.883,ADFA,0.4518,12.77,-2.981191758,87.36433505,-2.213831307,0.451470112,76.70549085,-3.213684823,80.06245951,-1.802845111,0.713344394,74.33457237
09.11.2020,1,0.4241,0.2404,-2.928,ADFA,0.4518,13.1,-2.981191758,87.36433505,-2.213831307,0.451470112,76.70549085,-3.213684823,80.06245951,-1.802845111,0.713344394,74.33457237
09.11.2020,1,0.4231,0.2404,-3.145,ADFA,0.4518,14.85,-2.981191758,87.36433505,-2.213831307,0.451470112,76.70549085,-3.213684823,80.06245951,-1.802845111,0.713344394,74.33457237
09.11.2020,1,0.4188,0.2404,-3.162,ADFA,0.4518,13.57,-2.981191758,87.36433505,-2.213831307,0.451470112,76.70549085,-3.213684823,80.06245951,-1.802845111,0.713344394,74.33457237
09.11.2020,1,0.4204,0.2404,-3.226,ADFA,0.4518,15.61,-2.981191758,87.36433505,-2.213831307,0.451470112,76.70549085,-3.213684823,80.06245951,-1.802845111,0.713344394,74.33457237
09.11.2020,1,0.4223,0.2404,-3.315,ADFA,0.4518,13.95,-2.981191758,87.36433505,-2.213831307,0.451470112,76.70549085,-3.213684823,80.06245951,-1.802845111,0.713344394,74.33457237
09.11.2020,1,0.4162,0.2404,-3.324,ADFA,0.4518,19.01,-2.981191758,87.36433505,-2.213831307,0.451470112,76.70549085,-3.213684823,80.06245951,-1.802845111,0.713344394,74.33457237
09.11.2020,1,0.4116,0.2404,-3.335,ADFA,0.4518,16.84,-2.981191758,87.36433505,-2.213831307,0.451470112,76.70549085,-3.213684823,80.06245951,-1.802845111,0.713344394,74.33457237
09.11.2020,1,0.4081,0.2404,-3.866,ADFA,0.4518,18.97,-2.981191758,87.36433505,-2.213831307,0.451470112,76.70549085,-3.213684823,80.06245951,-1.802845111,0.713344394,74.33457237
09.11.2020,1,0.4117,0.2404,-3.892,ADFA,0.4518,20.67,-2.981191758,87.36433505,-2.213831307,0.451470112,76.70549085,-3.213684823,80.06245951,-1.802845111,0.713344394,74.33457237
09.11.2020,1,0.4037,0.2404,-4.162,ADFA,0.4518,22.75,-2.981191758,87.36433505,-2.213831307,0.451470112,76.70549085,-3.213684823,80.06245951,-1.802845111,0.713344394,74.33457237
09.11.2020,1,0.3989,0.2404,-4.204,ADFA,0.4518,25.02,-2.981191758,87.36433505,-2.213831307,0.451470112,76.70549085,-3.213684823,80.06245951,-1.802845111,0.713344394,74.33457237
09.11.2020,2,0.83,0.4252,-0.33,ADFA,0.8388,2.13,-3.493620543,80.18631724,-2.12753676,0.839111016,78.05738476,-3.213684823,80.06245951,-1.802845111,0.713344394,74.33457237
09.11.2020,2,0.8265,0.4252,-0.514,ADFA,0.8388,2.97,-3.493620543,80.18631724,-2.12753676,0.839111016,78.05738476,-3.213684823,80.06245951,-1.802845111,0.713344394,74.33457237
09.11.2020,2,0.8231,0.4252,-0.586,ADFA,0.8388,3.8,-3.493620543,80.18631724,-2.12753676,0.839111016,78.05738476,-3.213684823,80.06245951,-1.802845111,0.713344394,74.33457237
09.11.2020,2,0.8174,0.4252,-1.089,ADFA,0.8388,5.17,-3.493620543,80.18631724,-2.12753676,0.839111016,78.05738476,-3.213684823,80.06245951,-1.802845111,0.713344394,74.33457237
09.11.2020,2,0.7971,0.4252,-1.411,ADFA,0.8388,10.08,-3.493620543,80.18631724,-2.12753676,0.839111016,78.05738476,-3.213684823,80.06245951,-1.802845111,0.713344394,74.33457237
09.11.2020,2,0.8123,0.4252,-1.415,ADFA,0.8388,6.41,-3.493620543,80.18631724,-2.12753676,0.839111016,78.05738476,-3.213684823,80.06245951,-1.802845111,0.713344394,74.33457237
09.11.2020,2,0.8098,0.4252,-1.443,ADFA,0.8388,7.01,-3.493620543,80.18631724,-2.12753676,0.839111016,78.05738476,-3.213684823,80.06245951,-1.802845111,0.713344394,74.33457237
09.11.2020,2,0.8064,0.4252,-1.461,ADFA,0.8388,7.83,-3.493620543,80.18631724,-2.12753676,0.839111016,78.05738476,-3.213684823,80.06245951,-1.802845111,0.713344394,74.33457237
09.11.2020,2,0.8036,0.4252,-1.524,ADFA,0.8388,8.51,-3.493620543,80.18631724,-2.12753676,0.839111016,78.05738476,-3.213684823,80.06245951,-1.802845111,0.713344394,74.33457237
09.11.2020,2,0.7954,0.4252,-1.734,ADFA,0.8388,10.49,-3.493620543,80.18631724,-2.12753676,0.839111016,78.05738476,-3.213684823,80.06245951,-1.802845111,0.713344394,74.33457237
09.11.2020,2,0.7921,0.4252,-1.953,ADFA,0.8388,11.29,-3.493620543,80.18631724,-2.12753676,0.839111016,78.05738476,-3.213684823,80.06245951,-1.802845111,0.713344394,74.33457237
09.11.2020,2,0.8002,0.4252,-2.045,ADFA,0.8388,9.33,-3.493620543,80.18631724,-2.12753676,0.839111016,78.05738476,-3.213684823,80.06245951,-1.802845111,0.713344394,74.33457237
09.11.2020,2,0.7898,0.4252,-2.061,ADFA,0.8388,11.85,-3.493620543,80.18631724,-2.12753676,0.839111016,78.05738476,-3.213684823,80.06245951,-1.802845111,0.713344394,74.33457237
09.11.2020,2,0.7861,0.4252,-2.109,ADFA,0.8388,12.74,-3.493620543,80.18631724,-2.12753676,0.839111016,78.05738476,-3.213684823,80.06245951,-1.802845111,0.713344394,74.33457237
09.11.2020,2,0.7874,0.4252,-2.122,ADFA,0.8388,12.43,-3.493620543,80.18631724,-2.12753676,0.839111016,78.05738476,-3.213684823,80.06245951,-1.802845111,0.713344394,74.33457237
09.11.2020,2,0.7846,0.4252,-2.263,ADFA,0.8388,13.11,-3.493620543,80.18631724,-2.12753676,0.839111016,78.05738476,-3.213684823,80.06245951,-1.802845111,0.713344394,74.33457237
09.11.2020,2,0.7828,0.4252,-2.344,ADFA,0.8388,13.54,-3.493620543,80.18631724,-2.12753676,0.839111016,78.05738476,-3.213684823,80.06245951,-1.802845111,0.713344394,74.33457237
09.11.2020,2,0.781,0.4252,-2.386,ADFA,0.8388,13.98,-3.493620543,80.18631724,-2.12753676,0.839111016,78.05738476,-3.213684823,80.06245951,-1.802845111,0.713344394,74.33457237
09.11.2020,2,0.776,0.4252,-2.544,ADFA,0.8388,15.18,-3.493620543,80.18631724,-2.12753676,0.839111016,78.05738476,-3.213684823,80.06245951,-1.802845111,0.713344394,74.33457237
09.11.2020,2,0.7731,0.4252,-2.742,ADFA,0.8388,15.89,-3.493620543,80.18631724,-2.12753676,0.839111016,78.05738476,-3.213684823,80.06245951,-1.802845111,0.713344394,74.33457237
09.11.2020,2,0.7739,0.4252,-2.955,ADFA,0.8388,15.69,-3.493620543,80.18631724,-2.12753676,0.839111016,78.05738476,-3.213684823,80.06245951,-1.802845111,0.713344394,74.33457237
09.11.2020,2,0.758,0.4252,-3.314,ADFA,0.8388,19.54,-3.493620543,80.18631724,-2.12753676,0.839111016,78.05738476,-3.213684823,80.06245951,-1.802845111,0.713344394,74.33457237
09.11.2020,2,0.7571,0.4252,-3.545,ADFA,0.8388,19.75,-3.493620543,80.18631724,-2.12753676,0.839111016,78.05738476,-3.213684823,80.06245951,-1.802845111,0.713344394,74.33457237
09.11.2020,2,0.7537,0.4252,-3.551,ADFA,0.8388,20.58,-3.493620543,80.18631724,-2.12753676,0.839111016,78.05738476,-3.213684823,80.06245951,-1.802845111,0.713344394,74.33457237
09.11.2020,2,0.7655,0.4252,-3.552,ADFA,0.8388,17.72,-3.493620543,80.18631724,-2.12753676,0.839111016,78.05738476,-3.213684823,80.06245951,-1.802845111,0.713344394,74.33457237
09.11.2020,2,0.7457,0.4252,-3.788,ADFA,0.8388,22.51,-3.493620543,80.18631724,-2.12753676,0.839111016,78.05738476,-3.213684823,80.06245951,-1.802845111,0.713344394,74.33457237
09.11.2020,2,0.7356,0.4252,-4.109,ADFA,0.8388,24.95,-3.493620543,80.18631724,-2.12753676,0.839111016,78.05738476,-3.213684823,80.06245951,-1.802845111,0.713344394,74.33457237
09.11.2020,2,0.739,0.4252,-4.198,ADFA,0.8388,24.13,-3.493620543,80.18631724,-2.12753676,0.839111016,78.05738476,-3.213684823,80.06245951,-1.802845111,0.713344394,74.33457237
09.11.2020,3,0.5036,0.2588,-0.264,ADFA,0.5087,1.565224089,-3.152506373,76.68101212,-1.30729615,0.507492596,73.6862442,-3.213684823,80.06245951,-1.802845111,0.713344394,74.33457237
09.11.2020,3,0.4991,0.2588,-0.376,ADFA,0.5087,2.530270911,-3.152506373,76.68101212,-1.30729615,0.507492596,73.6862442,-3.213684823,80.06245951,-1.802845111,0.713344394,74.33457237
09.11.2020,3,0.5012,0.2588,-0.408,ADFA,0.5087,3.374686881,-3.152506373,76.68101212,-1.30729615,0.507492596,73.6862442,-3.213684823,80.06245951,-1.802845111,0.713344394,74.33457237
09.11.2020,3,0.4969,0.2588,-0.448,ADFA,0.5087,4.259313135,-3.152506373,76.68101212,-1.30729615,0.507492596,73.6862442,-3.213684823,80.06245951,-1.802845111,0.713344394,74.33457237
09.11.2020,3,0.4956,0.2588,-0.546,ADFA,0.5087,4.782046831,-3.152506373,76.68101212,-1.30729615,0.507492596,73.6862442,-3.213684823,80.06245951,-1.802845111,0.713344394,74.33457237
09.11.2020,3,0.4953,0.2588,-0.619,ADFA,0.5087,4.902677684,-3.152506373,76.68101212,-1.30729615,0.507492596,73.6862442,-3.213684823,80.06245951,-1.802845111,0.713344394,74.33457237
09.11.2020,3,0.489,0.2588,-0.852,ADFA,0.5087,6.913191898,-3.152506373,76.68101212,-1.30729615,0.507492596,73.6862442,-3.213684823,80.06245951,-1.802845111,0.713344394,74.33457237
09.11.2020,3,0.4903,0.2588,-0.866,ADFA,0.5087,7.435925593,-3.152506373,76.68101212,-1.30729615,0.507492596,73.6862442,-3.213684823,80.06245951,-1.802845111,0.713344394,74.33457237
09.11.2020,3,0.4873,0.2588,-0.903,ADFA,0.5087,8.119500426,-3.152506373,76.68101212,-1.30729615,0.507492596,73.6862442,-3.213684823,80.06245951,-1.802845111,0.713344394,74.33457237
09.11.2020,3,0.4809,0.2588,-1.231,ADFA,0.5087,8.481392984,-3.152506373,76.68101212,-1.30729615,0.507492596,73.6862442,-3.213684823,80.06245951,-1.802845111,0.713344394,74.33457237
09.11.2020,3,0.4783,0.2588,-1.254,ADFA,0.5087,10.69295862,-3.152506373,76.68101212,-1.30729615,0.507492596,73.6862442,-3.213684823,80.06245951,-1.802845111,0.713344394,74.33457237
09.11.2020,3,0.4864,0.2588,-1.273,ADFA,0.5087,11.73842601,-3.152506373,76.68101212,-1.30729615,0.507492596,73.6862442,-3.213684823,80.06245951,-1.802845111,0.713344394,74.33457237
09.11.2020,3,0.4737,0.2588,-1.317,ADFA,0.5087,13.58809909,-3.152506373,76.68101212,-1.30729615,0.507492596,73.6862442,-3.213684823,80.06245951,-1.802845111,0.713344394,74.33457237
09.11.2020,3,0.4665,0.2588,-1.489,ADFA,0.5087,16.48323956,-3.152506373,76.68101212,-1.30729615,0.507492596,73.6862442,-3.213684823,80.06245951,-1.802845111,0.713344394,74.33457237
09.11.2020,3,0.463,0.2588,-1.654,ADFA,0.5087,17.89059951,-3.152506373,76.68101212,-1.30729615,0.507492596,73.6862442,-3.213684823,80.06245951,-1.802845111,0.713344394,74.33457237
09.11.2020,3,0.4612,0.2588,-1.761,ADFA,0.5087,18.61438462,-3.152506373,76.68101212,-1.30729615,0.507492596,73.6862442,-3.213684823,80.06245951,-1.802845111,0.713344394,74.33457237
09.11.2020,3,0.46,0.2588,-1.861,ADFA,0.5087,19.09690803,-3.152506373,76.68101212,-1.30729615,0.507492596,73.6862442,-3.213684823,80.06245951,-1.802845111,0.713344394,74.33457237
09.11.2020,3,0.4582,0.2588,-2.024,ADFA,0.5087,19.82069315,-3.152506373,76.68101212,-1.30729615,0.507492596,73.6862442,-3.213684823,80.06245951,-1.802845111,0.713344394,74.33457237
09.11.2020,3,0.4555,0.2588,-2.221,ADFA,0.5087,20.90637083,-3.152506373,76.68101212,-1.30729615,0.507492596,73.6862442,-3.213684823,80.06245951,-1.802845111,0.713344394,74.33457237
09.11.2020,3,0.4537,0.2588,-2.411,ADFA,0.5087,21.63015594,-3.152506373,76.68101212,-1.30729615,0.507492596,73.6862442,-3.213684823,80.06245951,-1.802845111,0.713344394,74.33457237
09.11.2020,3,0.4511,0.2588,-2.467,ADFA,0.5087,22.67562333,-3.152506373,76.68101212,-1.30729615,0.507492596,73.6862442,-3.213684823,80.06245951,-1.802845111,0.713344394,74.33457237
09.11.2020,3,0.4525,0.2588,-2.812,ADFA,0.5087,22.11267935,-3.152506373,76.68101212,-1.30729615,0.507492596,73.6862442,-3.213684823,80.06245951,-1.802845111,0.713344394,74.33457237
09.11.2020,3,0.4495,0.2588,-3.099,ADFA,0.5087,23.31898788,-3.152506373,76.68101212,-1.30729615,0.507492596,73.6862442,-3.213684823,80.06245951,-1.802845111,0.713344394,74.33457237
09.11.2020,3,0.4467,0.2588,-3.491,ADFA,0.5087,24.44487584,-3.152506373,76.68101212,-1.30729615,0.507492596,73.6862442,-3.213684823,80.06245951,-1.802845111,0.713344394,74.33457237
09.11.2020,3,0.4435,0.2588,-3.66,ADFA,0.5087,25.73160494,-3.152506373,76.68101212,-1.30729615,0.507492596,73.6862442,-3.213684823,80.06245951,-1.802845111,0.713344394,74.33457237
09.11.2020,3,0.4378,0.2588,-4.232,ADFA,0.5087,27.34001631,-3.152506373,76.68101212,-1.30729615,0.507492596,73.6862442,-3.213684823,80.06245951,-1.802845111,0.713344394,74.33457237
09.11.2020,3,0.4395,0.2588,-4.312,ADFA,0.5087,28.02359114,-3.152506373,76.68101212,-1.30729615,0.507492596,73.6862442,-3.213684823,80.06245951,-1.802845111,0.713344394,74.33457237
09.11.2020,4,0.8932,0.4657,-0.182,ADFA,0.8976,1.02,-3.203293589,79.64863386,-1.892136704,0.889938287,72.55744041,-3.213684823,80.06245951,-1.802845111,0.713344394,74.33457237
09.11.2020,4,0.8966,0.4657,-0.204,ADFA,0.8976,0.23,-3.203293589,79.64863386,-1.892136704,0.889938287,72.55744041,-3.213684823,80.06245951,-1.802845111,0.713344394,74.33457237
09.11.2020,4,0.888,0.4657,-0.247,ADFA,0.8976,2.22,-3.203293589,79.64863386,-1.892136704,0.889938287,72.55744041,-3.213684823,80.06245951,-1.802845111,0.713344394,74.33457237
09.11.2020,4,0.8797,0.4657,-0.32,ADFA,0.8976,4.14,-3.203293589,79.64863386,-1.892136704,0.889938287,72.55744041,-3.213684823,80.06245951,-1.802845111,0.713344394,74.33457237
09.11.2020,4,0.8836,0.4657,-0.413,ADFA,0.8976,3.24,-3.203293589,79.64863386,-1.892136704,0.889938287,72.55744041,-3.213684823,80.06245951,-1.802845111,0.713344394,74.33457237
09.11.2020,4,0.8773,0.4657,-0.461,ADFA,0.8976,4.7,-3.203293589,79.64863386,-1.892136704,0.889938287,72.55744041,-3.213684823,80.06245951,-1.802845111,0.713344394,74.33457237
09.11.2020,4,0.875,0.4657,-0.61,ADFA,0.8976,5.23,-3.203293589,79.64863386,-1.892136704,0.889938287,72.55744041,-3.213684823,80.06245951,-1.802845111,0.713344394,74.33457237
09.11.2020,4,0.8658,0.4657,-0.737,ADFA,0.8976,7.36,-3.203293589,79.64863386,-1.892136704,0.889938287,72.55744041,-3.213684823,80.06245951,-1.802845111,0.713344394,74.33457237
09.11.2020,4,0.8712,0.4657,-0.742,ADFA,0.8976,6.11,-3.203293589,79.64863386,-1.892136704,0.889938287,72.55744041,-3.213684823,80.06245951,-1.802845111,0.713344394,74.33457237
09.11.2020,4,0.8565,0.4657,-1.031,ADFA,0.8976,9.51,-3.203293589,79.64863386,-1.892136704,0.889938287,72.55744041,-3.213684823,80.06245951,-1.802845111,0.713344394,74.33457237
09.11.2020,4,0.8606,0.4657,-1.052,ADFA,0.8976,8.57,-3.203293589,79.64863386,-1.892136704,0.889938287,72.55744041,-3.213684823,80.06245951,-1.802845111,0.713344394,74.33457237
09.11.2020,4,0.8534,0.4657,-1.126,ADFA,0.8976,10.23,-3.203293589,79.64863386,-1.892136704,0.889938287,72.55744041,-3.213684823,80.06245951,-1.802845111,0.713344394,74.33457237
09.11.2020,4,0.8515,0.4657,-1.227,ADFA,0.8976,10.67,-3.203293589,79.64863386,-1.892136704,0.889938287,72.55744041,-3.213684823,80.06245951,-1.802845111,0.713344394,74.33457237
09.11.2020,4,0.8468,0.4657,-1.301,ADFA,0.8976,11.76,-3.203293589,79.64863386,-1.892136704,0.889938287,72.55744041,-3.213684823,80.06245951,-1.802845111,0.713344394,74.33457237
09.11.2020,4,0.844,0.4657,-1.374,ADFA,0.8976,12.41,-3.203293589,79.64863386,-1.892136704,0.889938287,72.55744041,-3.213684823,80.06245951,-1.802845111,0.713344394,74.33457237
09.11.2020,4,0.8394,0.4657,-1.444,ADFA,0.8976,13.47,-3.203293589,79.64863386,-1.892136704,0.889938287,72.55744041,-3.213684823,80.06245951,-1.802845111,0.713344394,74.33457237
09.11.2020,4,0.8371,0.4657,-1.588,ADFA,0.8976,14.01,-3.203293589,79.64863386,-1.892136704,0.889938287,72.55744041,-3.213684823,80.06245951,-1.802845111,0.713344394,74.33457237
09.11.2020,4,0.8344,0.4657,-1.677,ADFA,0.8976,14.63,-3.203293589,79.64863386,-1.892136704,0.889938287,72.55744041,-3.213684823,80.06245951,-1.802845111,0.713344394,74.33457237
09.11.2020,4,0.8315,0.4657,-1.8,ADFA,0.8976,15.3,-3.203293589,79.64863386,-1.892136704,0.889938287,72.55744041,-3.213684823,80.06245951,-1.802845111,0.713344394,74.33457237
09.11.2020,4,0.8291,0.4657,-1.932,ADFA,0.8976,15.86,-3.203293589,79.64863386,-1.892136704,0.889938287,72.55744041,-3.213684823,80.06245951,-1.802845111,0.713344394,74.33457237
09.11.2020,4,0.8225,0.4657,-2.322,ADFA,0.8976,17.39,-3.203293589,79.64863386,-1.892136704,0.889938287,72.55744041,-3.213684823,80.06245951,-1.802845111,0.713344394,74.33457237
09.11.2020,4,0.8199,0.4657,-2.391,ADFA,0.8976,17.99,-3.203293589,79.64863386,-1.892136704,0.889938287,72.55744041,-3.213684823,80.06245951,-1.802845111,0.713344394,74.33457237
09.11.2020,4,0.8154,0.4657,-2.573,ADFA,0.8976,19.03,-3.203293589,79.64863386,-1.892136704,0.889938287,72.55744041,-3.213684823,80.06245951,-1.802845111,0.713344394,74.33457237
09.11.2020,4,0.8086,0.4657,-2.828,ADFA,0.8976,20.61,-3.203293589,79.64863386,-1.892136704,0.889938287,72.55744041,-3.213684823,80.06245951,-1.802845111,0.713344394,74.33457237
09.11.2020,4,0.8036,0.4657,-3.159,ADFA,0.8976,21.76,-3.203293589,79.64863386,-1.892136704,0.889938287,72.55744041,-3.213684823,80.06245951,-1.802845111,0.713344394,74.33457237
09.11.2020,4,0.7934,0.4657,-3.612,ADFA,0.8976,24.12,-3.203293589,79.64863386,-1.892136704,0.889938287,72.55744041,-3.213684823,80.06245951,-1.802845111,0.713344394,74.33457237
09.11.2020,4,0.7886,0.4657,-3.618,ADFA,0.8976,25.24,-3.203293589,79.64863386,-1.892136704,0.889938287,72.55744041,-3.213684823,80.06245951,-1.802845111,0.713344394,74.33457237
09.11.2020,4,0.783,0.4657,-3.873,ADFA,0.8976,26.53,-3.203293589,79.64863386,-1.892136704,0.889938287,72.55744041,-3.213684823,80.06245951,-1.802845111,0.713344394,74.33457237
09.11.2020,4,0.7779,0.4657,-3.941,ADFA,0.8976,27.71,-3.203293589,79.64863386,-1.892136704,0.889938287,72.55744041,-3.213684823,80.06245951,-1.802845111,0.713344394,74.33457237
09.11.2020,5,0.3519,0.1907,-0.185,ADFA,0.3521,0.1,-3.209293031,72.66394505,-1.66057124,0.352540924,61.66754064,-3.213684823,80.06245951,-1.802845111,0.713344394,74.33457237
09.11.2020,5,0.3506,0.1907,-0.462,ADFA,0.3521,0.91,-3.209293031,72.66394505,-1.66057124,0.352540924,61.66754064,-3.213684823,80.06245951,-1.802845111,0.713344394,74.33457237
09.11.2020,5,0.3461,0.1907,-0.668,ADFA,0.3521,3.7,-3.209293031,72.66394505,-1.66057124,0.352540924,61.66754064,-3.213684823,80.06245951,-1.802845111,0.713344394,74.33457237
09.11.2020,5,0.3399,0.1907,-0.812,ADFA,0.3521,7.54,-3.209293031,72.66394505,-1.66057124,0.352540924,61.66754064,-3.213684823,80.06245951,-1.802845111,0.713344394,74.33457237
09.11.2020,5,0.3377,0.1907,-1.026,ADFA,0.3521,8.9,-3.209293031,72.66394505,-1.66057124,0.352540924,61.66754064,-3.213684823,80.06245951,-1.802845111,0.713344394,74.33457237
09.11.2020,5,0.3351,0.1907,-1.028,ADFA,0.3521,10.51,-3.209293031,72.66394505,-1.66057124,0.352540924,61.66754064,-3.213684823,80.06245951,-1.802845111,0.713344394,74.33457237
09.11.2020,5,0.3345,0.1907,-1.304,ADFA,0.3521,10.89,-3.209293031,72.66394505,-1.66057124,0.352540924,61.66754064,-3.213684823,80.06245951,-1.802845111,0.713344394,74.33457237
09.11.2020,5,0.3327,0.1907,-1.412,ADFA,0.3521,12,-3.209293031,72.66394505,-1.66057124,0.352540924,61.66754064,-3.213684823,80.06245951,-1.802845111,0.713344394,74.33457237
09.11.2020,5,0.3339,0.1907,-1.426,ADFA,0.3521,11.26,-3.209293031,72.66394505,-1.66057124,0.352540924,61.66754064,-3.213684823,80.06245951,-1.802845111,0.713344394,74.33457237
09.11.2020,5,0.3314,0.1907,-1.63,ADFA,0.3521,12.81,-3.209293031,72.66394505,-1.66057124,0.352540924,61.66754064,-3.213684823,80.06245951,-1.802845111,0.713344394,74.33457237
09.11.2020,5,0.3299,0.1907,-1.746,ADFA,0.3521,13.74,-3.209293031,72.66394505,-1.66057124,0.352540924,61.66754064,-3.213684823,80.06245951,-1.802845111,0.713344394,74.33457237
09.11.2020,5,0.3291,0.1907,-1.763,ADFA,0.3521,14.23,-3.209293031,72.66394505,-1.66057124,0.352540924,61.66754064,-3.213684823,80.06245951,-1.802845111,0.713344394,74.33457237
09.11.2020,5,0.3283,0.1907,-1.983,ADFA,0.3521,14.73,-3.209293031,72.66394505,-1.66057124,0.352540924,61.66754064,-3.213684823,80.06245951,-1.802845111,0.713344394,74.33457237
09.11.2020,5,0.326,0.1907,-2.213,ADFA,0.3521,16.15,-3.209293031,72.66394505,-1.66057124,0.352540924,61.66754064,-3.213684823,80.06245951,-1.802845111,0.713344394,74.33457237
09.11.2020,5,0.3248,0.1907,-2.372,ADFA,0.3521,16.9,-3.209293031,72.66394505,-1.66057124,0.352540924,61.66754064,-3.213684823,80.06245951,-1.802845111,0.713344394,74.33457237
09.11.2020,5,0.3184,0.1907,-2.545,ADFA,0.3521,20.86,-3.209293031,72.66394505,-1.66057124,0.352540924,61.66754064,-3.213684823,80.06245951,-1.802845111,0.713344394,74.33457237
09.11.2020,5,0.3239,0.1907,-2.554,ADFA,0.3521,17.46,-3.209293031,72.66394505,-1.66057124,0.352540924,61.66754064,-3.213684823,80.06245951,-1.802845111,0.713344394,74.33457237
09.11.2020,5,0.3201,0.1907,-2.598,ADFA,0.3521,19.81,-3.209293031,72.66394505,-1.66057124,0.352540924,61.66754064,-3.213684823,80.06245951,-1.802845111,0.713344394,74.33457237
09.11.2020,5,0.3228,0.1907,-2.725,ADFA,0.3521,18.14,-3.209293031,72.66394505,-1.66057124,0.352540924,61.66754064,-3.213684823,80.06245951,-1.802845111,0.713344394,74.33457237
09.11.2020,5,0.3169,0.1907,-2.888,ADFA,0.3521,21.79,-3.209293031,72.66394505,-1.66057124,0.352540924,61.66754064,-3.213684823,80.06245951,-1.802845111,0.713344394,74.33457237
09.11.2020,5,0.3212,0.1907,-2.961,ADFA,0.3521,19.13,-3.209293031,72.66394505,-1.66057124,0.352540924,61.66754064,-3.213684823,80.06245951,-1.802845111,0.713344394,74.33457237
09.11.2020,5,0.3169,0.1907,-3.009,ADFA,0.3521,21.79,-3.209293031,72.66394505,-1.66057124,0.352540924,61.66754064,-3.213684823,80.06245951,-1.802845111,0.713344394,74.33457237
09.11.2020,5,0.3134,0.1907,-3.032,ADFA,0.3521,23.96,-3.209293031,72.66394505,-1.66057124,0.352540924,61.66754064,-3.213684823,80.06245951,-1.802845111,0.713344394,74.33457237
09.11.2020,5,0.3083,0.1907,-3.204,ADFA,0.3521,27.12,-3.209293031,72.66394505,-1.66057124,0.352540924,61.66754064,-3.213684823,80.06245951,-1.802845111,0.713344394,74.33457237
09.11.2020,5,0.3103,0.1907,-3.324,ADFA,0.3521,25.88,-3.209293031,72.66394505,-1.66057124,0.352540924,61.66754064,-3.213684823,80.06245951,-1.802845111,0.713344394,74.33457237
09.11.2020,5,0.3009,0.1907,-3.647,ADFA,0.3521,31.71,-3.209293031,72.66394505,-1.66057124,0.352540924,61.66754064,-3.213684823,80.06245951,-1.802845111,0.713344394,74.33457237
09.11.2020,5,0.3032,0.1907,-3.738,ADFA,0.3521,30.28,-3.209293031,72.66394505,-1.66057124,0.352540924,61.66754064,-3.213684823,80.06245951,-1.802845111,0.713344394,74.33457237
09.11.2020,5,0.297,0.1907,-3.829,ADFA,0.3521,34.13,-3.209293031,72.66394505,-1.66057124,0.352540924,61.66754064,-3.213684823,80.06245951,-1.802845111,0.713344394,74.33457237
09.11.2020,5,0.2989,0.1907,-4.021,ADFA,0.3521,32.95,-3.209293031,72.66394505,-1.66057124,0.352540924,61.66754064,-3.213684823,80.06245951,-1.802845111,0.713344394,74.33457237
09.11.2020,6,1.2293,0.6216,-0.132,ADFA,1.2395,1.65,-3.242203644,83.83051373,-1.615698504,1.239513427,83.33333333,-3.213684823,80.06245951,-1.802845111,0.713344394,74.33457237
09.11.2020,6,1.2283,0.6216,-0.327,ADFA,1.2395,1.81,-3.242203644,83.83051373,-1.615698504,1.239513427,83.33333333,-3.213684823,80.06245951,-1.802845111,0.713344394,74.33457237
09.11.2020,6,1.2218,0.6216,-0.579,ADFA,1.2395,2.87,-3.242203644,83.83051373,-1.615698504,1.239513427,83.33333333,-3.213684823,80.06245951,-1.802845111,0.713344394,74.33457237
09.11.2020,6,1.2126,0.6216,-0.799,ADFA,1.2395,4.36,-3.242203644,83.83051373,-1.615698504,1.239513427,83.33333333,-3.213684823,80.06245951,-1.802845111,0.713344394,74.33457237
09.11.2020,6,1.2188,0.6216,-0.842,ADFA,1.2395,3.35,-3.242203644,83.83051373,-1.615698504,1.239513427,83.33333333,-3.213684823,80.06245951,-1.802845111,0.713344394,74.33457237
09.11.2020,6,1.2168,0.6216,-0.901,ADFA,1.2395,3.68,-3.242203644,83.83051373,-1.615698504,1.239513427,83.33333333,-3.213684823,80.06245951,-1.802845111,0.713344394,74.33457237
09.11.2020,6,1.2099,0.6216,-0.943,ADFA,1.2395,4.79,-3.242203644,83.83051373,-1.615698504,1.239513427,83.33333333,-3.213684823,80.06245951,-1.802845111,0.713344394,74.33457237
09.11.2020,6,1.2068,0.6216,-0.943,ADFA,1.2395,5.29,-3.242203644,83.83051373,-1.615698504,1.239513427,83.33333333,-3.213684823,80.06245951,-1.802845111,0.713344394,74.33457237
09.11.2020,6,1.2018,0.6216,-0.968,ADFA,1.2395,6.1,-3.242203644,83.83051373,-1.615698504,1.239513427,83.33333333,-3.213684823,80.06245951,-1.802845111,0.713344394,74.33457237
09.11.2020,6,1.2006,0.6216,-1.055,ADFA,1.2395,6.3,-3.242203644,83.83051373,-1.615698504,1.239513427,83.33333333,-3.213684823,80.06245951,-1.802845111,0.713344394,74.33457237
09.11.2020,6,1.1948,0.6216,-1.227,ADFA,1.2395,7.24,-3.242203644,83.83051373,-1.615698504,1.239513427,83.33333333,-3.213684823,80.06245951,-1.802845111,0.713344394,74.33457237
09.11.2020,6,1.1924,0.6216,-1.254,ADFA,1.2395,7.62,-3.242203644,83.83051373,-1.615698504,1.239513427,83.33333333,-3.213684823,80.06245951,-1.802845111,0.713344394,74.33457237
09.11.2020,6,1.1979,0.6216,-1.267,ADFA,1.2395,6.73,-3.242203644,83.83051373,-1.615698504,1.239513427,83.33333333,-3.213684823,80.06245951,-1.802845111,0.713344394,74.33457237
09.11.2020,6,1.1892,0.6216,-1.396,ADFA,1.2395,8.14,-3.242203644,83.83051373,-1.615698504,1.239513427,83.33333333,-3.213684823,80.06245951,-1.802845111,0.713344394,74.33457237
09.11.2020,6,1.1861,0.6216,-1.422,ADFA,1.2395,8.64,-3.242203644,83.83051373,-1.615698504,1.239513427,83.33333333,-3.213684823,80.06245951,-1.802845111,0.713344394,74.33457237
09.11.2020,6,1.1837,0.6216,-1.457,ADFA,1.2395,9.03,-3.242203644,83.83051373,-1.615698504,1.239513427,83.33333333,-3.213684823,80.06245951,-1.802845111,0.713344394,74.33457237
09.11.2020,6,1.1811,0.6216,-1.562,ADFA,1.2395,9.45,-3.242203644,83.83051373,-1.615698504,1.239513427,83.33333333,-3.213684823,80.06245951,-1.802845111,0.713344394,74.33457237
09.11.2020,6,1.1782,0.6216,-1.723,ADFA,1.2395,9.92,-3.242203644,83.83051373,-1.615698504,1.239513427,83.33333333,-3.213684823,80.06245951,-1.802845111,0.713344394,74.33457237
09.11.2020,6,1.1732,0.6216,-1.812,ADFA,1.2395,10.73,-3.242203644,83.83051373,-1.615698504,1.239513427,83.33333333,-3.213684823,80.06245951,-1.802845111,0.713344394,74.33457237
09.11.2020,6,1.1669,0.6216,-1.963,ADFA,1.2395,11.75,-3.242203644,83.83051373,-1.615698504,1.239513427,83.33333333,-3.213684823,80.06245951,-1.802845111,0.713344394,74.33457237
09.11.2020,6,1.1622,0.6216,-2.131,ADFA,1.2395,12.51,-3.242203644,83.83051373,-1.615698504,1.239513427,83.33333333,-3.213684823,80.06245951,-1.802845111,0.713344394,74.33457237
09.11.2020,6,1.1591,0.6216,-2.489,ADFA,1.2395,13.01,-3.242203644,83.83051373,-1.615698504,1.239513427,83.33333333,-3.213684823,80.06245951,-1.802845111,0.713344394,74.33457237
09.11.2020,6,1.1589,0.6216,-2.562,ADFA,1.2395,13.05,-3.242203644,83.83051373,-1.615698504,1.239513427,83.33333333,-3.213684823,80.06245951,-1.802845111,0.713344394,74.33457237
09.11.2020,6,1.1519,0.6216,-2.757,ADFA,1.2395,14.18,-3.242203644,83.83051373,-1.615698504,1.239513427,83.33333333,-3.213684823,80.06245951,-1.802845111,0.713344394,74.33457237
09.11.2020,6,1.1438,0.6216,-3.017,ADFA,1.2395,15.49,-3.242203644,83.83051373,-1.615698504,1.239513427,83.33333333,-3.213684823,80.06245951,-1.802845111,0.713344394,74.33457237
09.11.2020,6,1.1396,0.6216,-3.253,ADFA,1.2395,16.17,-3.242203644,83.83051373,-1.615698504,1.239513427,83.33333333,-3.213684823,80.06245951,-1.802845111,0.713344394,74.33457237
09.11.2020,6,1.1289,0.6216,-3.581,ADFA,1.2395,17.9,-3.242203644,83.83051373,-1.615698504,1.239513427,83.33333333,-3.213684823,80.06245951,-1.802845111,0.713344394,74.33457237
09.11.2020,6,1.1247,0.6216,-3.881,ADFA,1.2395,18.58,-3.242203644,83.83051373,-1.615698504,1.239513427,83.33333333,-3.213684823,80.06245951,-1.802845111,0.713344394,74.33457237
09.11.2020,6,1.1134,0.6216,-4.013,ADFA,1.2395,20.41,-3.242203644,83.83051373,-1.615698504,1.239513427,83.33333333,-3.213684823,80.06245951,-1.802845111,0.713344394,74.33457237
09.11.2020,6,1.1189,0.6216,-4.073,ADFA,1.2395,19.52,-3.242203644,83.83051373,-1.615698504,1.239513427,83.33333333,-3.213684823,80.06245951,-1.802845111,0.713344394,74.33457237