station id,water year,year,month,day,daily rain
321,1945,1944,11,5,0.37
321,1945,1944,11,10,0.04
321,1945,1944,11,11,0.57
321,1945,1944,11,12,2.00
321,1945,1944,11,13,0.03
321,1945,1944,11,14,0.30
321,1945,1944,11,15,0.06
321,1945,1944,12,2,0.13
321,1945,1944,12,23,0.11
321,1945,1944,12,28,0.45
321,1945,1944,12,29,0.37
321,1945,1945,1,31,0.40
321,1945,1945,2,1,1.99
321,1945,1945,2,2,4.60
321,1945,1945,2,3,0.79
321,1945,1945,2,15,0.15
321,1945,1945,2,27,0.01
321,1945,1945,2,28,0.02
321,1945,1945,3,1,0.10
321,1945,1945,3,2,1.29
321,1945,1945,3,4,0.40
321,1945,1945,3,5,0.04
321,1945,1945,3,15,0.98
321,1945,1945,3,16,0.01
321,1945,1945,3,17,0.80
321,1945,1945,3,21,0.54
321,1945,1945,3,22,0.08
321,1945,1945,3,23,0.47
321,1945,1945,3,24,0.07
321,1945,1945,3,25,0.05
321,1945,1945,3,26,0.54
321,1945,1945,5,8,0.06
321,1945,1945,6,4,0.02
321,1945,1945,6,22,0.01
321,1946,1945,9,2,0.02
321,1946,1945,9,18,0.01
321,1946,1945,9,21,0.01
321,1946,1945,10,15,0.14
321,1946,1945,10,16,0.01
321,1946,1945,10,29,0.04
321,1946,1945,10,30,0.76
321,1946,1945,11,6,0.16
321,1946,1945,11,24,0.04
321,1946,1945,11,29,0.28
321,1946,1945,12,4,0.72
321,1946,1945,12,5,0.07
321,1946,1945,12,20,0.02
321,1946,1945,12,21,2.79
321,1946,1945,12,22,4.19
321,1946,1945,12,23,0.88
321,1946,1945,12,25,0.50
321,1946,1946,1,3,0.34
321,1946,1946,1,5,0.01
321,1946,1946,2,3,1.20
321,1946,1946,2,4,0.01
321,1946,1946,2,15,0.09
321,1946,1946,3,3,0.06
321,1946,1946,3,13,0.14
321,1946,1946,3,19,0.57
321,1946,1946,3,20,0.49
321,1946,1946,3,21,0.03
321,1946,1946,3,28,0.65
321,1946,1946,3,29,0.25
321,1946,1946,3,30,1.59
321,1946,1946,3,31,0.10
321,1946,1946,5,9,0.06
321,1946,1946,5,26,0.05
321,1947,1946,9,16,0.23
321,1947,1946,9,27,0.35
321,1947,1946,9,28,0.05
321,1947,1946,10,1,0.63
321,1947,1946,10,3,0.02
321,1947,1946,10,16,0.22
321,1947,1946,10,27,0.01
321,1947,1946,10,28,0.05
321,1947,1946,11,11,0.55
321,1947,1946,11,12,0.27
321,1947,1946,11,13,1.62
321,1947,1946,11,14,0.42
321,1947,1946,11,19,0.08
321,1947,1946,11,20,3.16
321,1947,1946,11,23,1.33
321,1947,1946,12,6,0.50
321,1947,1946,12,24,0.91
321,1947,1946,12,25,1.73
321,1947,1946,12,26,0.35
321,1947,1946,12,27,1.15
321,1947,1947,1,28,0.58
321,1947,1947,2,9,0.70
321,1947,1947,2,10,0.02
321,1947,1947,3,3,0.31
321,1947,1947,3,20,0.29
321,1947,1947,3,21,0.16
321,1947,1947,3,27,0.29
321,1947,1947,3,28,1.21
321,1947,1947,3,29,0.12
321,1947,1947,4,3,0.01
321,1947,1947,4,20,0.04
321,1947,1947,5,27,0.04
321,1947,1947,6,5,0.02
321,1947,1947,6,20,0.02
321,1947,1947,6,24,0.01
321,1947,1947,8,8,0.01
321,1948,1947,9,21,0.01
321,1948,1947,10,10,0.07
321,1948,1947,10,29,0.23
321,1948,1947,10,30,0.01
321,1948,1947,12,5,0.26
321,1948,1947,12,20,0.23
321,1948,1948,2,5,1.22
321,1948,1948,2,6,0.49
321,1948,1948,2,28,0.01
321,1948,1948,3,13,1.21
321,1948,1948,3,14,0.23
321,1948,1948,3,15,0.10
321,1948,1948,3,17,0.45
321,1948,1948,3,19,0.13
321,1948,1948,3,24,2.46
321,1948,1948,3,29,0.02
321,1948,1948,4,2,0.11
321,1948,1948,4,3,0.74
321,1948,1948,4,6,0.23
321,1948,1948,4,10,0.52
321,1948,1948,4,28,0.16
321,1948,1948,4,29,0.57
321,1948,1948,5,1,0.08
321,1948,1948,5,2,0.13
321,1948,1948,5,19,0.21
321,1948,1948,5,29,0.76
321,1949,1948,10,11,0.06
321,1949,1948,10,18,0.01
321,1949,1948,12,3,0.25
321,1949,1948,12,14,0.18
321,1949,1948,12,17,1.14
321,1949,1948,12,26,0.28
321,1949,1948,12,27,1.29
321,1949,1948,12,28,0.01
321,1949,1949,1,11,0.18
321,1949,1949,1,12,0.18
321,1949,1949,1,14,0.02
321,1949,1949,1,19,0.49
321,1949,1949,1,20,0.38
321,1949,1949,1,22,0.44
321,1949,1949,1,23,0.03
321,1949,1949,1,24,0.01
321,1949,1949,2,3,0.21
321,1949,1949,2,6,0.32
321,1949,1949,2,11,0.19
321,1949,1949,2,24,0.84
321,1949,1949,2,25,0.09
321,1949,1949,2,26,0.26
321,1949,1949,2,27,0.04
321,1949,1949,3,2,0.78
321,1949,1949,3,3,0.21
321,1949,1949,3,4,0.91
321,1949,1949,3,10,1.06
321,1949,1949,3,11,0.42
321,1949,1949,3,19,0.44
321,1949,1949,3,23,0.06
321,1949,1949,3,24,0.38
321,1949,1949,4,2,0.04
321,1949,1949,4,17,0.15
321,1949,1949,5,13,0.09
321,1949,1949,5,14,0.19
321,1949,1949,5,17,0.08
321,1949,1949,5,18,2.16
321,1949,1949,5,19,0.72
321,1949,1949,6,18,0.02
321,1949,1949,6,19,0.06
321,1950,1949,10,19,0.03
321,1950,1949,11,8,0.03
321,1950,1949,11,10,1.94
321,1950,1949,11,11,0.06
321,1950,1949,12,8,2.86
321,1950,1949,12,9,0.40
321,1950,1949,12,15,0.04
321,1950,1949,12,18,0.65
321,1950,1949,12,19,0.19
321,1950,1950,1,9,0.97
321,1950,1950,1,11,0.97
321,1950,1950,1,12,0.14
321,1950,1950,1,13,0.09
321,1950,1950,1,14,0.09
321,1950,1950,1,15,0.23
321,1950,1950,1,28,0.09
321,1950,1950,1,29,0.36
321,1950,1950,2,5,0.28
321,1950,1950,2,6,1.88
321,1950,1950,2,7,0.05
321,1950,1950,2,10,0.41
321,1950,1950,2,11,0.21
321,1950,1950,3,25,1.47
321,1950,1950,4,8,0.19
321,1950,1950,4,9,0.58
321,1950,1950,4,26,0.05
321,1950,1950,5,17,0.02
321,1950,1950,5,22,0.01
321,1950,1950,5,23,0.02
321,1950,1950,6,6,0.02
321,1950,1950,6,23,0.07
321,1950,1950,6,24,0.10
321,1950,1950,7,9,0.01
321,1950,1950,7,10,0.56
321,1950,1950,7,11,0.01
321,1950,1950,7,17,0.01
321,1951,1950,9,6,0.01
321,1951,1950,9,7,0.01
321,1951,1950,9,8,0.12
321,1951,1950,9,17,0.40
321,1951,1950,10,26,0.08
321,1951,1950,10,27,1.23
321,1951,1950,10,31,0.01
321,1951,1950,11,13,0.05
321,1951,1950,11,14,0.57
321,1951,1950,11,15,0.11
321,1951,1950,11,18,0.06
321,1951,1950,11,19,1.30
321,1951,1950,11,20,0.16
321,1951,1950,12,4,0.12
321,1951,1950,12,15,0.30
321,1951,1951,1,5,0.22
321,1951,1951,1,10,0.27
321,1951,1951,1,11,0.23
321,1951,1951,1,12,1.02
321,1951,1951,1,16,0.03
321,1951,1951,1,18,0.08
321,1951,1951,1,19,0.67
321,1951,1951,1,29,0.11
321,1951,1951,1,30,0.25
321,1951,1951,2,12,0.05
321,1951,1951,2,23,0.40
321,1951,1951,2,24,0.23
321,1951,1951,2,27,0.63
321,1951,1951,3,1,1.23
321,1951,1951,3,2,0.05
321,1951,1951,3,6,0.03
321,1951,1951,4,4,0.13
321,1951,1951,4,11,0.02
321,1951,1951,4,16,0.03
321,1951,1951,4,23,0.03
321,1951,1951,4,25,0.60
321,1951,1951,4,26,0.21
321,1951,1951,4,29,0.55
321,1951,1951,4,30,0.15
321,1951,1951,5,3,0.01
321,1951,1951,8,29,0.03
321,1951,1951,8,30,0.18
321,1952,1951,10,25,0.73
321,1952,1951,10,26,0.18
321,1952,1951,11,20,2.15
321,1952,1951,11,21,0.33
321,1952,1951,11,22,0.09
321,1952,1951,12,2,0.76
321,1952,1951,12,4,0.47
321,1952,1951,12,5,0.77
321,1952,1951,12,12,0.59
321,1952,1951,12,13,0.06
321,1952,1951,12,19,0.09
321,1952,1951,12,29,1.01
321,1952,1951,12,30,1.68
321,1952,1951,12,31,0.38
321,1952,1952,1,7,1.30
321,1952,1952,1,8,0.08
321,1952,1952,1,12,0.08
321,1952,1952,1,13,2.67
321,1952,1952,1,14,0.02
321,1952,1952,1,15,3.39
321,1952,1952,1,16,4.85
321,1952,1952,1,18,2.20
321,1952,1952,1,21,0.04
321,1952,1952,1,25,1.07
321,1952,1952,2,12,0.18
321,1952,1952,2,29,0.04
321,1952,1952,3,1,0.06
321,1952,1952,3,2,0.06
321,1952,1952,3,4,0.05
321,1952,1952,3,7,1.93
321,1952,1952,3,8,0.33
321,1952,1952,3,9,0.08
321,1952,1952,3,11,0.24
321,1952,1952,3,13,0.19
321,1952,1952,3,14,0.22
321,1952,1952,3,15,4.02
321,1952,1952,3,16,1.35
321,1952,1952,3,17,0.69
321,1952,1952,3,19,0.33
321,1952,1952,4,7,0.25
321,1952,1952,4,8,0.89
321,1952,1952,4,9,0.04
321,1952,1952,4,10,0.21
321,1952,1952,4,11,0.19
321,1952,1952,4,25,0.14
321,1952,1952,4,26,0.56
321,1952,1952,4,27,0.04
321,1952,1952,5,8,0.03
321,1952,1952,5,31,0.02
321,1952,1952,6,6,0.16
321,1952,1952,7,30,0.01
321,1953,1952,10,18,0.07
321,1953,1952,11,8,0.03
321,1953,1952,11,14,0.62
321,1953,1952,11,15,1.90
321,1953,1952,11,16,0.58
321,1953,1952,11,30,1.26
321,1953,1952,12,1,0.04
321,1953,1952,12,2,1.28
321,1953,1952,12,6,0.08
321,1953,1952,12,7,0.09
321,1953,1952,12,8,0.31
321,1953,1952,12,20,1.85
321,1953,1952,12,27,0.29
321,1953,1952,12,28,1.23
321,1953,1952,12,31,0.88
321,1953,1953,1,6,0.19
321,1953,1953,1,7,0.26
321,1953,1953,1,8,0.42
321,1953,1953,1,9,0.01
321,1953,1953,1,13,0.08
321,1953,1953,1,14,0.92
321,1953,1953,3,2,0.01
321,1953,1953,3,10,0.08
321,1953,1953,3,11,0.09
321,1953,1953,3,20,0.59
321,1953,1953,4,19,0.01
321,1953,1953,4,20,0.48
321,1953,1953,4,21,0.07
321,1953,1953,4,22,0.01
321,1953,1953,4,23,0.01
321,1953,1953,4,27,0.10
321,1953,1953,4,28,0.80
321,1953,1953,5,28,0.06
321,1954,1953,11,5,0.16
321,1954,1953,11,14,1.65
321,1954,1953,11,15,0.52
321,1954,1953,11,20,0.02
321,1954,1953,12,4,0.16
321,1954,1954,1,12,1.03
321,1954,1954,1,13,1.40
321,1954,1954,1,18,0.46
321,1954,1954,1,19,0.62
321,1954,1954,1,20,1.49
321,1954,1954,1,24,0.69
321,1954,1954,1,25,2.12
321,1954,1954,2,13,1.05
321,1954,1954,2,14,1.92
321,1954,1954,2,15,0.05
321,1954,1954,2,17,0.01
321,1954,1954,2,18,0.11
321,1954,1954,3,9,0.02
321,1954,1954,3,17,1.59
321,1954,1954,3,18,0.02
321,1954,1954,3,20,1.96
321,1954,1954,3,21,0.13
321,1954,1954,3,25,0.16
321,1954,1954,3,30,1.20
321,1954,1954,3,31,0.13
321,1954,1954,4,27,0.59
321,1955,1954,11,10,1.21
321,1955,1954,11,12,0.85
321,1955,1954,11,15,0.61
321,1955,1954,12,4,2.30
321,1955,1955,1,1,0.06
321,1955,1955,1,2,0.68
321,1955,1955,1,3,0.19
321,1955,1955,1,5,0.04
321,1955,1955,1,7,0.04
321,1955,1955,1,9,0.95
321,1955,1955,1,10,0.39
321,1955,1955,1,16,0.53
321,1955,1955,1,17,0.03
321,1955,1955,1,18,1.37
321,1955,1955,1,19,0.16
321,1955,1955,1,30,0.48
321,1955,1955,2,15,0.04
321,1955,1955,2,16,1.49
321,1955,1955,2,17,0.10
321,1955,1955,2,26,0.06
321,1955,1955,2,27,0.74
321,1955,1955,2,28,0.03
321,1955,1955,3,10,0.06
321,1955,1955,3,11,0.80
321,1955,1955,4,5,0.03
321,1955,1955,4,22,1.62
321,1955,1955,4,25,0.14
321,1955,1955,4,30,1.25
321,1955,1955,5,1,1.10
321,1955,1955,5,2,0.04
321,1955,1955,5,5,0.03
321,1955,1955,5,7,0.46
321,1955,1955,5,8,0.11
321,1955,1955,5,30,0.11
321,1955,1955,6,14,0.04
321,1955,1955,8,4,0.05
321,1956,1955,11,13,0.82
321,1956,1955,11,17,0.25
321,1956,1955,11,21,0.55
321,1956,1955,12,2,0.25
321,1956,1955,12,4,0.43
321,1956,1955,12,5,0.08
321,1956,1955,12,6,0.05
321,1956,1955,12,7,0.15
321,1956,1955,12,23,0.18
321,1956,1955,12,24,1.91
321,1956,1955,12,25,3.18
321,1956,1955,12,26,0.84
321,1956,1955,12,27,0.80
321,1956,1955,12,31,0.27
321,1956,1956,1,21,0.03
321,1956,1956,1,22,0.06
321,1956,1956,1,24,0.62
321,1956,1956,1,25,4.10
321,1956,1956,1,26,1.48
321,1956,1956,1,31,0.48
321,1956,1956,2,23,0.73
321,1956,1956,2,24,0.56
321,1956,1956,4,2,0.28
321,1956,1956,4,10,0.02
321,1956,1956,4,11,0.24
321,1956,1956,4,12,1.67
321,1956,1956,4,13,0.13
321,1956,1956,4,14,0.13
321,1956,1956,4,25,0.05
321,1956,1956,4,26,0.61
321,1956,1956,4,27,0.66
321,1956,1956,4,28,0.05
321,1956,1956,5,3,0.03
321,1956,1956,5,9,1.63
321,1956,1956,5,10,0.09
321,1956,1956,5,25,0.02
321,1957,1956,10,3,0.01
321,1957,1956,10,4,0.06
321,1957,1956,10,6,0.05
321,1957,1956,10,7,0.02
321,1957,1956,12,5,0.02
321,1957,1956,12,6,0.28
321,1957,1957,1,5,0.85
321,1957,1957,1,6,0.12
321,1957,1957,1,7,0.04
321,1957,1957,1,8,0.10
321,1957,1957,1,12,0.22
321,1957,1957,1,13,3.55
321,1957,1957,1,14,0.04
321,1957,1957,1,21,0.55
321,1957,1957,1,24,0.27
321,1957,1957,1,25,0.01
321,1957,1957,1,26,0.40
321,1957,1957,1,27,0.04
321,1957,1957,1,28,0.15
321,1957,1957,1,29,0.34
321,1957,1957,2,8,0.25
321,1957,1957,2,9,0.32
321,1957,1957,2,10,0.02
321,1957,1957,2,16,0.11
321,1957,1957,2,17,0.08
321,1957,1957,2,18,0.01
321,1957,1957,2,19,0.01
321,1957,1957,2,22,1.87
321,1957,1957,2,23,0.05
321,1957,1957,2,28,0.50
321,1957,1957,3,1,1.22
321,1957,1957,3,9,0.16
321,1957,1957,3,10,0.28
321,1957,1957,3,16,0.07
321,1957,1957,3,17,0.16
321,1957,1957,3,19,0.16
321,1957,1957,4,17,0.04
321,1957,1957,4,18,2.54
321,1957,1957,4,19,0.12
321,1957,1957,4,21,0.55
321,1957,1957,4,22,0.06
321,1957,1957,4,30,0.04
321,1957,1957,5,6,0.02
321,1957,1957,5,8,0.54
321,1957,1957,5,11,0.06
321,1957,1957,5,19,1.36
321,1957,1957,5,20,0.10
321,1957,1957,5,27,0.01
321,1957,1957,5,28,0.02
321,1957,1957,6,10,0.10
321,1958,1957,10,11,0.40
321,1958,1957,10,12,0.03
321,1958,1957,10,13,0.05
321,1958,1957,10,14,0.60
321,1958,1957,10,18,0.01
321,1958,1957,10,21,0.30
321,1958,1957,10,22,0.01
321,1958,1957,11,3,0.48
321,1958,1957,11,4,0.09
321,1958,1957,11,17,0.03
321,1958,1957,12,5,0.95
321,1958,1957,12,6,0.91
321,1958,1957,12,15,1.00
321,1958,1957,12,16,1.55
321,1958,1957,12,17,1.86
321,1958,1957,12,19,0.03
321,1958,1958,1,10,0.35
321,1958,1958,1,25,0.25
321,1958,1958,1,26,2.60
321,1958,1958,1,27,0.22
321,1958,1958,1,30,0.10
321,1958,1958,2,2,1.74
321,1958,1958,2,4,1.63
321,1958,1958,2,5,1.10
321,1958,1958,2,8,0.34
321,1958,1958,2,13,0.28
321,1958,1958,2,19,2.55
321,1958,1958,2,20,0.12
321,1958,1958,2,25,2.22
321,1958,1958,2,26,0.06
321,1958,1958,3,6,0.05
321,1958,1958,3,11,0.38
321,1958,1958,3,12,0.02
321,1958,1958,3,13,0.11
321,1958,1958,3,14,0.25
321,1958,1958,3,15,1.50
321,1958,1958,3,16,1.22
321,1958,1958,3,17,0.13
321,1958,1958,3,21,0.86
321,1958,1958,3,22,0.61
321,1958,1958,3,24,0.16
321,1958,1958,3,27,0.86
321,1958,1958,3,28,0.18
321,1958,1958,3,31,0.42
321,1958,1958,4,1,1.96
321,1958,1958,4,2,0.72
321,1958,1958,4,3,1.86
321,1958,1958,4,4,0.30
321,1958,1958,4,6,1.20
321,1958,1958,4,7,1.12
321,1958,1958,5,11,0.02
321,1958,1958,5,22,0.20
321,1958,1958,5,23,0.18
321,1959,1958,9,8,0.23
321,1959,1958,9,28,0.11
321,1959,1958,9,29,0.03
321,1959,1958,10,25,0.01
321,1959,1958,10,26,0.04
321,1959,1958,11,10,0.03
321,1959,1958,11,11,0.03
321,1959,1958,12,27,0.01
321,1959,1958,12,28,0.06
321,1959,1959,1,6,2.89
321,1959,1959,1,7,0.39
321,1959,1959,1,8,0.01
321,1959,1959,1,10,0.02
321,1959,1959,1,13,0.05
321,1959,1959,2,7,0.02
321,1959,1959,2,8,0.27
321,1959,1959,2,9,0.49
321,1959,1959,2,10,1.75
321,1959,1959,2,11,0.40
321,1959,1959,2,16,1.03
321,1959,1959,2,17,0.90
321,1959,1959,2,18,0.10
321,1959,1959,2,19,0.09
321,1959,1959,2,21,1.52
321,1959,1959,2,22,0.10
321,1959,1959,4,24,0.02
321,1959,1959,4,25,1.07
321,1959,1959,4,26,0.08
321,1959,1959,5,1,0.01
321,1959,1959,5,12,0.01
321,1959,1959,5,13,0.04
321,1959,1959,5,22,0.04
321,1959,1959,6,6,0.04
321,1959,1959,8,26,0.01
321,1960,1959,9,19,0.04
321,1960,1959,10,25,0.04
321,1960,1959,12,9,0.03
321,1960,1959,12,21,0.30
321,1960,1959,12,24,0.67
321,1960,1959,12,25,0.22
321,1960,1960,1,10,1.78
321,1960,1960,1,11,0.30
321,1960,1960,1,12,0.50
321,1960,1960,1,14,0.22
321,1960,1960,1,15,0.34
321,1960,1960,1,22,0.65
321,1960,1960,1,23,0.10
321,1960,1960,1,25,0.20
321,1960,1960,1,26,0.09
321,1960,1960,2,2,1.71
321,1960,1960,2,3,0.02
321,1960,1960,2,4,0.10
321,1960,1960,2,9,0.42
321,1960,1960,2,10,0.41
321,1960,1960,2,19,0.02
321,1960,1960,2,29,1.03
321,1960,1960,3,1,0.21
321,1960,1960,3,11,0.03
321,1960,1960,3,28,0.44
321,1960,1960,4,24,0.27
321,1960,1960,4,27,2.36
321,1960,1960,4,28,0.49
321,1960,1960,6,5,0.02
321,1960,1960,6,6,0.02
321,1961,1960,10,6,0.06
321,1961,1960,10,23,0.01
321,1961,1960,11,3,0.30
321,1961,1960,11,4,1.25
321,1961,1960,11,5,0.07
321,1961,1960,11,6,3.42
321,1961,1960,11,7,0.01
321,1961,1960,11,13,1.42
321,1961,1960,11,14,0.05
321,1961,1960,11,26,0.38
321,1961,1960,11,27,0.65
321,1961,1960,12,2,0.40
321,1961,1960,12,11,0.03
321,1961,1961,1,25,0.07
321,1961,1961,1,26,1.96
321,1961,1961,1,27,0.07
321,1961,1961,2,1,0.04
321,1961,1961,2,11,0.06
321,1961,1961,3,15,0.53
321,1961,1961,3,17,0.05
321,1961,1961,3,26,0.14
321,1961,1961,4,6,0.07
321,1961,1961,4,22,0.36
321,1961,1961,5,19,0.02
321,1961,1961,5,31,0.02
321,1961,1961,7,3,0.02
321,1961,1961,8,11,0.02
321,1962,1961,9,17,0.19
321,1962,1961,10,30,0.01
321,1962,1961,11,20,2.99
321,1962,1961,11,21,0.92
321,1962,1961,11,24,0.80
321,1962,1961,11,25,1.13
321,1962,1961,11,30,0.22
321,1962,1961,12,1,0.01
321,1962,1961,12,2,1.81
321,1962,1961,12,3,0.57
321,1962,1961,12,14,0.07
321,1962,1962,1,13,0.11
321,1962,1962,1,20,1.30
321,1962,1962,1,21,0.26
321,1962,1962,1,22,0.57
321,1962,1962,1,23,0.41
321,1962,1962,2,7,0.12
321,1962,1962,2,8,3.27
321,1962,1962,2,9,2.14
321,1962,1962,2,10,4.26
321,1962,1962,2,11,3.13
321,1962,1962,2,12,0.67
321,1962,1962,2,14,0.12
321,1962,1962,2,15,2.06
321,1962,1962,2,16,0.22
321,1962,1962,2,19,3.66
321,1962,1962,2,20,0.60
321,1962,1962,2,21,0.41
321,1962,1962,2,24,0.07
321,1962,1962,3,3,0.03
321,1962,1962,3,6,0.99
321,1962,1962,3,7,0.24
321,1962,1962,3,8,0.06
321,1962,1962,3,10,0.04
321,1962,1962,3,19,0.07
321,1962,1962,3,21,0.12
321,1962,1962,3,23,0.41
321,1962,1962,3,28,0.01
321,1962,1962,3,29,0.07
321,1962,1962,5,15,0.13
321,1962,1962,6,14,0.02
321,1963,1962,10,13,0.41
321,1963,1962,12,15,0.02
321,1963,1962,12,16,0.03
321,1963,1962,12,17,0.16
321,1963,1963,1,30,0.27
321,1963,1963,1,31,1.15
321,1963,1963,2,1,0.82
321,1963,1963,2,2,0.05
321,1963,1963,2,9,0.36
321,1963,1963,2,10,4.67
321,1963,1963,2,11,0.90
321,1963,1963,2,13,0.14
321,1963,1963,2,14,0.11
321,1963,1963,3,11,0.01
321,1963,1963,3,17,2.20
321,1963,1963,3,18,0.07
321,1963,1963,3,23,0.64
321,1963,1963,3,25,0.12
321,1963,1963,3,28,1.31
321,1963,1963,4,8,0.09
321,1963,1963,4,14,0.92
321,1963,1963,4,15,0.25
321,1963,1963,4,17,0.07
321,1963,1963,4,21,0.33
321,1963,1963,4,26,1.06
321,1963,1963,5,9,0.28
321,1963,1963,5,18,0.03
321,1963,1963,5,19,0.02
321,1963,1963,5,20,0.01
321,1963,1963,6,10,0.12
321,1963,1963,6,11,0.83
321,1963,1963,6,12,0.18
321,1963,1963,6,13,0.06
321,1963,1963,6,19,0.01
321,1963,1963,6,20,0.02
321,1963,1963,6,21,0.01
321,1963,1963,8,7,0.01
321,1963,1963,8,8,0.06
321,1964,1963,9,5,0.40
321,1964,1963,9,18,0.07
321,1964,1963,9,19,0.64
321,1964,1963,10,4,0.11
321,1964,1963,10,5,0.10
321,1964,1963,10,12,0.17
321,1964,1963,10,16,0.63
321,1964,1963,11,3,0.02
321,1964,1963,11,4,0.05
321,1964,1963,11,6,0.87
321,1964,1963,11,15,0.50
321,1964,1963,11,16,0.04
321,1964,1963,11,20,2.28
321,1964,1964,1,19,0.02
321,1964,1964,1,20,0.09
321,1964,1964,1,21,1.44
321,1964,1964,1,22,0.53
321,1964,1964,1,23,0.03
321,1964,1964,1,25,0.02
321,1964,1964,3,2,0.19
321,1964,1964,3,13,0.31
321,1964,1964,3,23,1.39
321,1964,1964,3,24,0.07
321,1964,1964,3,25,0.10
321,1964,1964,4,1,2.16
321,1964,1964,4,17,0.04
321,1964,1964,4,28,0.01
321,1964,1964,4,29,0.04
321,1964,1964,5,5,0.20
321,1964,1964,5,7,0.03
321,1964,1964,6,9,0.04
321,1965,1964,10,28,0.71
321,1965,1964,10,29,0.29
321,1965,1964,11,1,0.05
321,1965,1964,11,8,0.72
321,1965,1964,11,9,0.94
321,1965,1964,11,10,0.38
321,1965,1964,11,11,0.53
321,1965,1964,11,12,0.34
321,1965,1964,11,17,0.02
321,1965,1964,11,18,0.31
321,1965,1964,12,19,0.87
321,1965,1964,12,20,3.23
321,1965,1964,12,21,0.40
321,1965,1964,12,27,0.45
321,1965,1964,12,28,0.49
321,1965,1964,12,30,0.10
321,1965,1964,12,31,0.10
321,1965,1965,1,1,0.10
321,1965,1965,1,6,0.03
321,1965,1965,1,7,0.77
321,1965,1965,1,24,0.30
321,1965,1965,2,5,0.20
321,1965,1965,2,6,0.33
321,1965,1965,2,7,0.02
321,1965,1965,3,5,0.23
321,1965,1965,3,6,0.07
321,1965,1965,3,7,0.26
321,1965,1965,3,11,0.26
321,1965,1965,3,12,0.01
321,1965,1965,3,13,0.44
321,1965,1965,3,31,0.98
321,1965,1965,4,1,0.94
321,1965,1965,4,2,0.59
321,1965,1965,4,3,0.75
321,1965,1965,4,4,1.00
321,1965,1965,4,5,0.10
321,1965,1965,4,7,0.04
321,1965,1965,4,8,1.78
321,1965,1965,4,9,1.05
321,1965,1965,4,10,1.89
321,1965,1965,4,12,0.01
321,1965,1965,4,13,0.10
321,1965,1965,5,31,0.10
321,1965,1965,6,19,0.02
321,1965,1965,6,22,0.02
321,1966,1965,9,5,0.20
321,1966,1965,11,14,0.50
321,1966,1965,11,15,0.99
321,1966,1965,11,16,0.98
321,1966,1965,11,17,4.65
321,1966,1965,11,18,0.64
321,1966,1965,11,19,0.52
321,1966,1965,11,21,0.01
321,1966,1965,11,22,0.03
321,1966,1965,11,23,1.31
321,1966,1965,11,24,0.45
321,1966,1965,11,25,0.23
321,1966,1965,12,9,0.46
321,1966,1965,12,10,0.01
321,1966,1965,12,11,0.31
321,1966,1965,12,12,0.26
321,1966,1965,12,13,0.03
321,1966,1965,12,26,0.04
321,1966,1965,12,29,3.41
321,1966,1965,12,30,0.63
321,1966,1965,12,31,0.47
321,1966,1966,1,1,0.16
321,1966,1966,1,20,0.02
321,1966,1966,1,30,1.75
321,1966,1966,1,31,0.09
321,1966,1966,2,2,0.05
321,1966,1966,2,5,0.02
321,1966,1966,2,6,0.70
321,1966,1966,3,2,0.14
321,1966,1966,3,3,0.02
321,1966,1966,5,8,0.06
321,1966,1966,5,9,0.12
321,1966,1966,5,10,0.14
321,1966,1966,5,22,0.04
321,1966,1966,5,26,0.02
321,1966,1966,6,16,0.03
321,1967,1966,9,30,0.06
321,1967,1966,10,5,0.12
321,1967,1966,11,7,2.96
321,1967,1966,11,8,1.12
321,1967,1966,11,20,0.11
321,1967,1966,11,21,0.18
321,1967,1966,11,24,0.06
321,1967,1966,11,29,0.20
321,1967,1966,12,3,3.05
321,1967,1966,12,5,0.96
321,1967,1966,12,6,3.07
321,1967,1966,12,7,1.15
321,1967,1967,1,22,3.23
321,1967,1967,1,23,0.21
321,1967,1967,1,24,1.34
321,1967,1967,1,25,3.32
321,1967,1967,1,30,0.01
321,1967,1967,1,31,0.28
321,1967,1967,2,25,0.46
321,1967,1967,3,11,0.22
321,1967,1967,3,12,0.72
321,1967,1967,3,13,1.15
321,1967,1967,3,14,0.19
321,1967,1967,3,16,0.08
321,1967,1967,3,17,0.21
321,1967,1967,3,31,0.80
321,1967,1967,4,2,0.60
321,1967,1967,4,4,0.10
321,1967,1967,4,5,0.64
321,1967,1967,4,7,0.57
321,1967,1967,4,8,0.07
321,1967,1967,4,11,1.03
321,1967,1967,4,18,0.73
321,1967,1967,4,19,0.37
321,1967,1967,4,20,0.16
321,1967,1967,4,21,0.22
321,1967,1967,4,22,0.41
321,1967,1967,4,24,0.15
321,1967,1967,4,29,0.10
321,1967,1967,6,18,0.05
321,1967,1967,7,6,0.01
321,1968,1967,9,24,0.03
321,1968,1967,9,28,0.05
321,1968,1967,9,29,0.07
321,1968,1967,9,30,0.06
321,1968,1967,10,2,0.02
321,1968,1967,11,18,0.01
321,1968,1967,11,19,1.10
321,1968,1967,11,20,0.66
321,1968,1967,11,21,0.87
321,1968,1967,11,22,0.67
321,1968,1967,12,1,0.03
321,1968,1967,12,5,0.03
321,1968,1967,12,6,0.15
321,1968,1967,12,8,0.06
321,1968,1967,12,18,0.44
321,1968,1967,12,19,0.40
321,1968,1968,1,11,0.59
321,1968,1968,1,27,1.00
321,1968,1968,1,28,0.80
321,1968,1968,1,31,0.44
321,1968,1968,2,9,0.10
321,1968,1968,2,12,0.04
321,1968,1968,2,13,0.66
321,1968,1968,2,14,0.16
321,1968,1968,2,17,1.14
321,1968,1968,2,27,0.06
321,1968,1968,2,28,0.02
321,1968,1968,3,8,3.05
321,1968,1968,3,13,0.84
321,1968,1968,3,14,0.08
321,1968,1968,3,17,0.12
321,1968,1968,3,31,0.02
321,1968,1968,4,1,0.02
321,1968,1968,4,2,1.13
321,1968,1968,7,29,0.02
321,1968,1968,8,7,0.02
321,1969,1968,9,29,0.03
321,1969,1968,10,3,0.03
321,1969,1968,10,14,0.99
321,1969,1968,10,30,0.19
321,1969,1968,11,3,0.02
321,1969,1968,11,4,0.09
321,1969,1968,11,15,0.74
321,1969,1968,12,11,0.42
321,1969,1968,12,15,0.70
321,1969,1968,12,16,0.30
321,1969,1968,12,25,0.35
321,1969,1968,12,26,0.38
321,1969,1968,12,29,0.15
321,1969,1969,1,13,0.01
321,1969,1969,1,14,1.28
321,1969,1969,1,17,0.03
321,1969,1969,1,19,2.50
321,1969,1969,1,20,4.44
321,1969,1969,1,21,3.27
321,1969,1969,1,22,0.41
321,1969,1969,1,24,1.03
321,1969,1969,1,25,5.50
321,1969,1969,1,26,1.50
321,1969,1969,1,28,0.30
321,1969,1969,1,29,0.29
321,1969,1969,1,31,0.03
321,1969,1969,2,5,0.73
321,1969,1969,2,6,1.35
321,1969,1969,2,12,0.21
321,1969,1969,2,16,1.28
321,1969,1969,2,18,0.38
321,1969,1969,2,19,0.04
321,1969,1969,2,20,0.02
321,1969,1969,2,22,0.95
321,1969,1969,2,23,0.71
321,1969,1969,2,24,2.50
321,1969,1969,2,25,2.29
321,1969,1969,2,26,0.15
321,1969,1969,2,28,0.15
321,1969,1969,3,1,0.62
321,1969,1969,3,10,0.07
321,1969,1969,3,11,0.03
321,1969,1969,3,21,0.10
321,1969,1969,3,23,0.13
321,1969,1969,4,3,1.09
321,1969,1969,4,5,1.65
321,1969,1969,4,24,0.06
321,1969,1969,6,1,0.05
321,1969,1969,6,17,0.16
321,1969,1969,6,18,0.03
321,1969,1969,7,12,0.03
321,1970,1969,9,15,0.04
321,1970,1969,9,16,0.04
321,1970,1969,10,17,0.02
321,1970,1969,11,6,1.88
321,1970,1969,11,7,0.99
321,1970,1969,11,9,0.18
321,1970,1969,11,10,0.01
321,1970,1969,12,9,0.33
321,1970,1969,12,21,0.02
321,1970,1969,12,22,0.02
321,1970,1970,1,9,0.04
321,1970,1970,1,11,2.70
321,1970,1970,1,12,0.33
321,1970,1970,1,14,0.02
321,1970,1970,1,15,0.07
321,1970,1970,1,16,0.73
321,1970,1970,1,17,0.37
321,1970,1970,1,24,0.10
321,1970,1970,2,10,1.00
321,1970,1970,2,11,0.50
321,1970,1970,2,12,0.01
321,1970,1970,2,13,0.11
321,1970,1970,2,28,1.30
321,1970,1970,3,1,2.39
321,1970,1970,3,2,0.53
321,1970,1970,3,5,1.73
321,1971,1970,10,21,0.09
321,1971,1970,11,5,0.35
321,1971,1970,11,6,0.30
321,1971,1970,11,26,1.10
321,1971,1970,11,28,0.33
321,1971,1970,11,29,3.10
321,1971,1970,11,30,0.81
321,1971,1970,12,1,0.02
321,1971,1970,12,2,0.48
321,1971,1970,12,7,0.07
321,1971,1970,12,14,0.01
321,1971,1970,12,16,0.07
321,1971,1970,12,17,0.37
321,1971,1970,12,18,0.27
321,1971,1970,12,19,2.10
321,1971,1970,12,20,0.15
321,1971,1970,12,21,2.02
321,1971,1970,12,22,0.14
321,1971,1970,12,23,0.02
321,1971,1970,12,26,0.15
321,1971,1970,12,27,0.14
321,1971,1970,12,28,0.10
321,1971,1971,1,2,0.06
321,1971,1971,1,12,0.32
321,1971,1971,1,13,0.28
321,1971,1971,1,14,0.52
321,1971,1971,2,17,0.81
321,1971,1971,2,18,0.01
321,1971,1971,3,13,1.00
321,1971,1971,4,14,0.70
321,1971,1971,4,17,0.05
321,1971,1971,4,18,0.02
321,1971,1971,5,4,0.07
321,1971,1971,5,6,0.02
321,1971,1971,5,7,0.29
321,1971,1971,5,8,0.02
321,1975,1974,9,26,0.04
321,1975,1974,10,2,0.04
321,1975,1974,10,8,0.12
321,1975,1974,10,28,0.51
321,1975,1974,10,29,0.37
321,1975,1974,11,22,0.10
321,1975,1974,12,4,6.23
321,1975,1974,12,26,2.33
321,1975,1974,12,27,0.89
321,1975,1975,1,31,0.15
321,1975,1975,2,1,0.85
321,1975,1975,2,2,2.60
321,1975,1975,2,3,0.19
321,1975,1975,2,4,0.30
321,1975,1975,2,9,2.18
321,1975,1975,2,10,0.65
321,1975,1975,3,5,0.05
321,1975,1975,3,6,1.72
321,1975,1975,3,7,0.77
321,1975,1975,3,8,1.83
321,1975,1975,3,9,0.04
321,1975,1975,3,10,0.23
321,1975,1975,3,11,0.27
321,1975,1975,3,14,0.45
321,1975,1975,3,16,0.11
321,1975,1975,3,22,0.36
321,1975,1975,4,5,1.05
321,1975,1975,4,6,0.19
321,1975,1975,4,7,0.28
321,1975,1975,4,15,0.06
321,1975,1975,4,25,0.09
321,1975,1975,5,14,0.02
321,1975,1975,5,19,0.01
321,1975,1975,5,20,0.07
321,1975,1975,5,21,0.02
321,1976,1975,9,10,0.05
321,1976,1975,9,11,0.03
321,1976,1975,10,11,0.20
321,1976,1975,10,31,0.29
321,1976,1975,11,27,0.04
321,1976,1975,11,28,0.08
321,1976,1975,11,29,0.03
321,1976,1975,12,12,0.04
321,1976,1976,2,5,0.26
321,1976,1976,2,6,1.12
321,1976,1976,2,7,0.73
321,1976,1976,2,8,1.18
321,1976,1976,2,9,2.60
321,1976,1976,2,10,2.05
321,1976,1976,2,24,0.04
321,1976,1976,3,1,2.01
321,1976,1976,3,2,0.03
321,1976,1976,3,3,0.77
321,1976,1976,3,10,0.05
321,1976,1976,4,4,0.13
321,1976,1976,4,5,0.14
321,1976,1976,4,8,0.32
321,1976,1976,4,9,0.13
321,1976,1976,4,11,0.11
321,1976,1976,4,13,0.60
321,1976,1976,4,14,0.13
321,1976,1976,4,16,0.04
321,1976,1976,5,7,0.07
321,1976,1976,6,9,0.02
321,1976,1976,6,10,0.14
321,1976,1976,7,15,0.02
321,1976,1976,8,1,0.01
321,1977,1976,9,6,0.05
321,1977,1976,9,10,0.22
321,1977,1976,9,11,2.61
321,1977,1976,9,12,0.03
321,1977,1976,9,15,0.07
321,1977,1976,9,16,0.04
321,1977,1976,9,29,1.92
321,1977,1976,9,30,0.04
321,1977,1976,10,2,0.29
321,1977,1976,10,21,0.03
321,1977,1976,11,12,0.88
321,1977,1976,11,13,0.06
321,1977,1976,11,14,0.03
321,1977,1976,12,30,0.34
321,1977,1976,12,31,0.28
321,1977,1977,1,1,0.08
321,1977,1977,1,2,0.02
321,1977,1977,1,3,2.89
321,1977,1977,1,6,0.67
321,1977,1977,1,7,0.67
321,1977,1977,1,8,0.02
321,1977,1977,1,21,0.13
321,1977,1977,1,29,0.07
321,1977,1977,2,23,0.16
321,1977,1977,2,24,0.10
321,1977,1977,3,16,1.12
321,1977,1977,3,17,0.31
321,1977,1977,3,25,0.54
321,1977,1977,5,7,0.06
321,1977,1977,5,8,1.47
321,1977,1977,5,9,1.89
321,1977,1977,5,10,0.51
321,1977,1977,5,12,0.02
321,1977,1977,5,13,0.07
321,1977,1977,6,8,0.01
321,1977,1977,6,9,0.06
321,1977,1977,8,1,0.11
321,1977,1977,8,16,0.14
321,1977,1977,8,17,0.40
321,1977,1977,8,31,0.02
321,1978,1977,9,28,0.04
321,1978,1977,10,20,0.05
321,1978,1977,11,6,0.17
321,1978,1977,12,17,0.05
321,1978,1977,12,18,1.07
321,1978,1977,12,22,0.12
321,1978,1977,12,23,0.06
321,1978,1977,12,24,0.04
321,1978,1977,12,25,0.01
321,1978,1977,12,26,0.35
321,1978,1977,12,27,0.62
321,1978,1977,12,28,5.08
321,1978,1977,12,29,0.13
321,1978,1978,1,1,0.02
321,1978,1978,1,3,0.14
321,1978,1978,1,4,0.32
321,1978,1978,1,5,0.56
321,1978,1978,1,6,0.65
321,1978,1978,1,7,0.01
321,1978,1978,1,9,0.12
321,1978,1978,1,10,2.12
321,1978,1978,1,11,1.53
321,1978,1978,1,12,0.01
321,1978,1978,1,13,0.03
321,1978,1978,1,14,0.12
321,1978,1978,1,15,3.62
321,1978,1978,1,16,0.11
321,1978,1978,1,17,3.52
321,1978,1978,1,19,0.57
321,1978,1978,1,20,0.01
321,1978,1978,2,5,0.75
321,1978,1978,2,6,0.53
321,1978,1978,2,8,1.25
321,1978,1978,2,9,2.59
321,1978,1978,2,10,4.20
321,1978,1978,2,11,0.06
321,1978,1978,2,13,1.64
321,1978,1978,2,14,0.02
321,1978,1978,2,27,0.08
321,1978,1978,2,28,0.03
321,1978,1978,3,1,2.60
321,1978,1978,3,2,0.67
321,1978,1978,3,3,0.77
321,1978,1978,3,4,5.50
321,1978,1978,3,5,0.98
321,1978,1978,3,6,0.45
321,1978,1978,3,7,0.01
321,1978,1978,3,9,0.15
321,1978,1978,3,10,0.49
321,1978,1978,3,21,0.02
321,1978,1978,3,22,2.09
321,1978,1978,3,23,0.60
321,1978,1978,3,29,0.17
321,1978,1978,3,30,0.36
321,1978,1978,3,31,2.00
321,1978,1978,4,4,0.38
321,1978,1978,4,5,0.25
321,1978,1978,4,7,0.39
321,1978,1978,4,8,0.09
321,1978,1978,4,12,0.03
321,1978,1978,4,15,0.50
321,1978,1978,4,16,1.37
321,1978,1978,4,25,0.10
321,1978,1978,4,26,0.15
321,1978,1978,6,1,0.13
321,1979,1978,9,4,0.13
321,1979,1978,9,5,0.42
321,1979,1978,9,6,0.71
321,1979,1978,9,17,0.02
321,1979,1978,11,11,0.28
321,1979,1978,11,12,0.28
321,1979,1978,11,13,0.32
321,1979,1978,11,14,0.06
321,1979,1978,11,21,0.09
321,1979,1978,11,22,0.94
321,1979,1978,11,23,0.78
321,1979,1978,12,17,0.15
321,1979,1978,12,18,0.79
321,1979,1978,12,19,0.92
321,1979,1979,1,5,0.66
321,1979,1979,1,6,1.73
321,1979,1979,1,7,0.02
321,1979,1979,1,9,0.15
321,1979,1979,1,15,1.01
321,1979,1979,1,17,0.34
321,1979,1979,1,18,0.31
321,1979,1979,1,19,0.01
321,1979,1979,1,31,0.54
321,1979,1979,2,1,0.88
321,1979,1979,2,2,0.53
321,1979,1979,2,3,0.06
321,1979,1979,2,14,1.35
321,1979,1979,2,16,0.24
321,1979,1979,2,21,1.33
321,1979,1979,2,22,0.18
321,1979,1979,2,23,0.73
321,1979,1979,3,1,0.48
321,1979,1979,3,13,0.06
321,1979,1979,3,14,0.01
321,1979,1979,3,16,0.22
321,1979,1979,3,17,0.99
321,1979,1979,3,19,0.03
321,1979,1979,3,20,0.46
321,1979,1979,3,21,0.10
321,1979,1979,3,27,2.94
321,1979,1979,3,28,1.02
321,1979,1979,3,29,0.76
321,1980,1979,9,29,0.90
321,1980,1979,9,30,0.04
321,1980,1979,10,14,0.01
321,1980,1979,10,20,0.52
321,1980,1979,11,3,0.12
321,1980,1979,11,7,0.60
321,1980,1979,11,17,0.03
321,1980,1979,12,21,0.02
321,1980,1979,12,24,0.27
321,1980,1979,12,25,1.45
321,1980,1980,1,8,0.01
321,1980,1980,1,9,2.49
321,1980,1980,1,10,0.40
321,1980,1980,1,11,1.69
321,1980,1980,1,12,0.50
321,1980,1980,1,13,0.09
321,1980,1980,1,14,1.01
321,1980,1980,1,15,0.18
321,1980,1980,1,16,0.02
321,1980,1980,1,17,0.10
321,1980,1980,1,18,0.31
321,1980,1980,1,29,1.01
321,1980,1980,2,13,0.15
321,1980,1980,2,14,0.45
321,1980,1980,2,15,0.83
321,1980,1980,2,16,3.22
321,1980,1980,2,17,2.87
321,1980,1980,2,18,2.70
321,1980,1980,2,19,0.43
321,1980,1980,2,20,0.52
321,1980,1980,2,21,0.92
321,1980,1980,2,22,0.02
321,1980,1980,3,3,1.43
321,1980,1980,3,4,0.02
321,1980,1980,3,5,0.28
321,1980,1980,3,6,1.94
321,1980,1980,3,11,0.06
321,1980,1980,3,26,0.16
321,1980,1980,4,5,0.01
321,1980,1980,4,6,0.11
321,1980,1980,4,22,0.18
321,1980,1980,4,23,0.06
321,1980,1980,4,29,0.42
321,1980,1980,5,1,0.17
321,1980,1980,5,2,0.02
321,1980,1980,5,10,0.23
321,1980,1980,5,21,0.18
321,1980,1980,7,2,0.32
321,1980,1980,7,3,0.26
321,1981,1980,9,15,0.02
321,1981,1980,12,4,1.84
321,1981,1980,12,5,0.27
321,1981,1981,1,12,0.01
321,1981,1981,1,23,0.90
321,1981,1981,1,28,2.80
321,1981,1981,1,29,0.85
321,1981,1981,1,30,0.20
321,1981,1981,2,9,1.66
321,1981,1981,2,26,1.05
321,1981,1981,3,2,3.33
321,1981,1981,3,3,0.18
321,1981,1981,3,5,2.79
321,1981,1981,3,14,0.02
321,1981,1981,3,19,0.18
321,1981,1981,3,20,1.46
321,1981,1981,3,23,0.52
321,1981,1981,3,27,0.06
321,1981,1981,4,19,0.71
321,1981,1981,5,11,0.06
321,1981,1981,5,12,0.05
321,1981,1981,6,1,0.02
321,1982,1981,10,1,0.24
321,1982,1981,10,29,0.73
321,1982,1981,11,6,0.02
321,1982,1981,11,16,0.73
321,1982,1981,11,17,0.03
321,1982,1981,11,27,1.27
321,1982,1981,11,28,0.89
321,1982,1981,11,29,0.36
321,1982,1981,12,21,0.03
321,1982,1981,12,30,0.57
321,1982,1982,1,1,0.18
321,1982,1982,1,2,0.20
321,1982,1982,1,3,0.10
321,1982,1982,1,5,0.97
321,1982,1982,1,6,0.02
321,1982,1982,1,20,1.11
321,1982,1982,1,21,1.10
321,1982,1982,1,22,0.01
321,1982,1982,1,27,0.02
321,1982,1982,1,28,0.13
321,1982,1982,2,11,0.43
321,1982,1982,2,16,0.11
321,1982,1982,3,2,0.74
321,1982,1982,3,3,0.24
321,1982,1982,3,11,0.38
321,1982,1982,3,12,1.00
321,1982,1982,3,14,1.13
321,1982,1982,3,15,0.85
321,1982,1982,3,16,0.50
321,1982,1982,3,17,1.17
321,1982,1982,3,18,0.69
321,1982,1982,3,19,0.14
321,1982,1982,3,26,0.43
321,1982,1982,3,29,0.18
321,1982,1982,3,30,0.52
321,1982,1982,3,31,0.05
321,1982,1982,4,1,1.16
321,1982,1982,4,2,0.09
321,1982,1982,4,10,1.27
321,1982,1982,4,11,0.55
321,1982,1982,5,26,0.12
321,1982,1982,6,17,0.05
321,1982,1982,6,18,0.05
321,1982,1982,6,21,0.01
321,1982,1982,6,22,0.02
321,1982,1982,6,23,0.01
321,1983,1982,9,9,0.79
321,1983,1982,9,10,0.05
321,1983,1982,9,15,0.02
321,1983,1982,9,16,0.43
321,1983,1982,9,26,1.35
321,1983,1982,10,24,0.01
321,1983,1982,10,27,0.27
321,1983,1982,10,31,0.46
321,1983,1982,11,9,0.11
321,1983,1982,11,10,2.24
321,1983,1982,11,11,0.02
321,1983,1982,11,19,1.31
321,1983,1982,11,23,0.14
321,1983,1982,11,24,0.02
321,1983,1982,11,29,0.60
321,1983,1982,11,30,2.40
321,1983,1982,12,1,0.60
321,1983,1982,12,22,1.17
321,1983,1982,12,23,1.84
321,1983,1983,1,19,0.98
321,1983,1983,1,22,0.38
321,1983,1983,1,23,3.14
321,1983,1983,1,24,2.18
321,1983,1983,1,25,0.03
321,1983,1983,1,27,3.28
321,1983,1983,1,28,0.28
321,1983,1983,1,29,1.39
321,1983,1983,2,3,0.21
321,1983,1983,2,6,0.46
321,1983,1983,2,7,0.15
321,1983,1983,2,8,1.59
321,1983,1983,2,13,0.69
321,1983,1983,2,24,0.45
321,1983,1983,2,25,0.03
321,1983,1983,2,26,1.47
321,1983,1983,2,27,2.36
321,1983,1983,2,28,0.77
321,1983,1983,3,1,1.33
321,1983,1983,3,2,1.46
321,1983,1983,3,3,0.28
321,1983,1983,3,4,0.09
321,1983,1983,3,6,0.12
321,1983,1983,3,7,0.05
321,1983,1983,3,14,0.35
321,1983,1983,3,17,0.28
321,1983,1983,3,18,0.66
321,1983,1983,3,19,0.86
321,1983,1983,3,20,0.20
321,1983,1983,3,21,0.87
321,1983,1983,3,23,0.15
321,1983,1983,3,24,0.69
321,1983,1983,3,25,0.08
321,1983,1983,3,28,0.13
321,1983,1983,4,18,1.72
321,1983,1983,4,19,0.67
321,1983,1983,4,20,1.28
321,1983,1983,4,21,0.88
321,1983,1983,4,24,0.04
321,1983,1983,4,28,0.57
321,1983,1983,4,29,0.21
321,1983,1983,4,30,0.20
321,1983,1983,5,1,0.10
321,1983,1983,5,2,0.03
321,1983,1983,6,7,0.01
321,1983,1983,6,8,0.07
321,1983,1983,6,9,0.02
321,1983,1983,6,26,0.02
321,1983,1983,8,14,0.02
321,1983,1983,8,15,0.07
321,1983,1983,8,18,0.05
321,1983,1983,8,19,1.63
321,1983,1983,8,20,0.06
321,1983,1983,8,21,0.02
321,1984,1983,9,29,0.09
321,1984,1983,9,30,0.71
321,1984,1983,10,1,5.80
321,1984,1983,10,7,0.29
321,1984,1983,10,31,0.20
321,1984,1983,11,1,0.50
321,1984,1983,11,2,0.59
321,1984,1983,11,11,0.78
321,1984,1983,11,12,0.42
321,1984,1983,11,13,0.22
321,1984,1983,11,18,0.02
321,1984,1983,11,20,0.03
321,1984,1983,11,21,0.04
321,1984,1983,11,23,0.12
321,1984,1983,11,25,1.12
321,1984,1983,12,1,0.01
321,1984,1983,12,3,1.36
321,1984,1983,12,9,1.07
321,1984,1983,12,12,0.20
321,1984,1983,12,25,4.02
321,1984,1983,12,26,0.52
321,1984,1984,1,16,0.01
321,1984,1984,1,17,0.05
321,1984,1984,2,2,0.18
321,1984,1984,2,17,0.02
321,1984,1984,3,14,0.83
321,1984,1984,4,6,0.01
321,1984,1984,4,19,0.13
321,1984,1984,6,3,0.01
321,1984,1984,7,23,0.11
321,1984,1984,8,16,0.12
321,1984,1984,8,18,0.01
321,1984,1984,8,26,0.18
321,1984,1984,8,27,0.11
321,1985,1984,9,11,0.05
321,1985,1984,9,12,0.58
321,1985,1984,9,23,0.10
321,1985,1984,9,24,0.01
321,1985,1984,10,17,0.35
321,1985,1984,11,8,0.60
321,1985,1984,11,13,1.33
321,1985,1984,11,15,0.16
321,1985,1984,11,16,0.03
321,1985,1984,11,17,0.03
321,1985,1984,11,25,0.54
321,1985,1984,11,28,0.22
321,1985,1984,12,3,0.23
321,1985,1984,12,6,0.01
321,1985,1984,12,8,1.14
321,1985,1984,12,10,0.25
321,1985,1984,12,11,0.26
321,1985,1984,12,16,1.56
321,1985,1984,12,18,0.02
321,1985,1984,12,19,0.70
321,1985,1984,12,20,0.94
321,1985,1985,1,7,0.14
321,1985,1985,1,8,0.10
321,1985,1985,1,10,0.23
321,1985,1985,1,28,0.05
321,1985,1985,1,29,0.32
321,1985,1985,2,1,0.11
321,1985,1985,2,8,0.03
321,1985,1985,2,9,2.55
321,1985,1985,3,1,0.03
321,1985,1985,3,3,0.16
321,1985,1985,3,6,0.17
321,1985,1985,3,7,0.63
321,1985,1985,3,10,0.03
321,1985,1985,3,11,0.07
321,1985,1985,3,18,0.13
321,1985,1985,3,27,0.67
321,1985,1985,3,28,0.11
321,1985,1985,4,6,0.02
321,1985,1985,4,18,0.24
321,1986,1985,9,4,0.03
321,1986,1985,9,5,0.01
321,1986,1985,9,26,0.22
321,1986,1985,9,27,0.01
321,1986,1985,10,6,0.05
321,1986,1985,10,10,0.12
321,1986,1985,10,21,0.09
321,1986,1985,10,22,0.34
321,1986,1985,11,11,0.84
321,1986,1985,11,12,0.02
321,1986,1985,11,25,1.73
321,1986,1985,11,26,0.60
321,1986,1985,11,29,0.87
321,1986,1985,11,30,0.40
321,1986,1985,12,2,0.61
321,1986,1985,12,3,0.14
321,1986,1985,12,29,0.05
321,1986,1985,12,30,0.08
321,1986,1986,1,4,0.22
321,1986,1986,1,5,0.33
321,1986,1986,1,6,0.01
321,1986,1986,1,30,1.24
321,1986,1986,1,31,0.18
321,1986,1986,2,1,0.40
321,1986,1986,2,3,0.08
321,1986,1986,2,8,0.02
321,1986,1986,2,12,0.09
321,1986,1986,2,13,2.29
321,1986,1986,2,14,1.18
321,1986,1986,2,15,2.19
321,1986,1986,2,16,0.14
321,1986,1986,2,18,0.36
321,1986,1986,2,19,1.48
321,1986,1986,3,1,0.01
321,1986,1986,3,7,0.01
321,1986,1986,3,8,0.35
321,1986,1986,3,9,1.63
321,1986,1986,3,10,1.08
321,1986,1986,3,11,0.33
321,1986,1986,3,12,0.21
321,1986,1986,3,14,0.38
321,1986,1986,3,16,2.07
321,1986,1986,3,17,0.42
321,1986,1986,3,29,0.10
321,1986,1986,4,1,0.04
321,1986,1986,4,6,0.60
321,1986,1986,4,7,0.23
321,1986,1986,4,8,0.40
321,1986,1986,4,12,0.03
321,1986,1986,5,15,0.01
321,1986,1986,5,31,0.01
321,1987,1986,9,24,0.19
321,1987,1986,9,25,1.21
321,1987,1986,11,18,1.38
321,1987,1986,11,19,0.03
321,1987,1986,12,5,0.30
321,1987,1986,12,20,0.03
321,1987,1987,1,4,1.10
321,1987,1987,1,5,0.59
321,1987,1987,1,7,0.74
321,1987,1987,1,30,0.06
321,1987,1987,1,31,0.03
321,1987,1987,2,9,0.11
321,1987,1987,2,10,0.64
321,1987,1987,2,13,0.17
321,1987,1987,2,14,0.64
321,1987,1987,2,15,0.20
321,1987,1987,2,16,0.01
321,1987,1987,2,22,0.25
321,1987,1987,2,24,0.16
321,1987,1987,2,25,0.08
321,1987,1987,2,26,0.18
321,1987,1987,3,5,1.10
321,1987,1987,3,6,2.49
321,1987,1987,3,7,0.02
321,1987,1987,3,13,0.13
321,1987,1987,3,15,0.13
321,1987,1987,3,21,0.40
321,1987,1987,3,22,0.19
321,1987,1987,4,2,0.02
321,1987,1987,4,29,0.02
321,1987,1987,4,30,0.20
321,1987,1987,5,9,0.01
321,1987,1987,5,16,0.05
321,1987,1987,5,17,0.01
321,1987,1987,6,6,0.04
321,1988,1987,10,18,0.02
321,1988,1987,10,19,0.02
321,1988,1987,10,22,0.05
321,1988,1987,10,23,1.40
321,1988,1987,10,24,0.14
321,1988,1987,10,28,0.23
321,1988,1987,10,29,0.02
321,1988,1987,10,30,0.12
321,1988,1987,11,1,0.07
321,1988,1987,11,4,0.05
321,1988,1987,11,5,1.04
321,1988,1987,11,6,0.05
321,1988,1987,11,17,0.15
321,1988,1987,11,18,0.09
321,1988,1987,12,4,0.90
321,1988,1987,12,6,0.23
321,1988,1987,12,16,0.41
321,1988,1987,12,17,0.04
321,1988,1987,12,28,0.28
321,1988,1987,12,29,0.51
321,1988,1987,12,30,0.51
321,1988,1988,1,5,1.29
321,1988,1988,1,6,0.08
321,1988,1988,1,16,1.15
321,1988,1988,1,18,0.62
321,1988,1988,2,2,0.25
321,1988,1988,2,26,0.07
321,1988,1988,2,27,0.83
321,1988,1988,2,29,0.88
321,1988,1988,3,1,0.85
321,1988,1988,4,14,0.08
321,1988,1988,4,15,1.18
321,1988,1988,4,19,0.14
321,1988,1988,4,20,2.17
321,1988,1988,4,21,0.05
321,1988,1988,4,22,0.05
321,1988,1988,4,23,0.52
321,1988,1988,4,24,0.05
321,1988,1988,5,7,0.20
321,1988,1988,6,21,0.01
321,1988,1988,6,24,0.05
321,1988,1988,7,3,0.02
321,1988,1988,7,18,0.03
321,1988,1988,7,19,0.01
321,1988,1988,7,30,0.01
321,1989,1988,9,3,0.04
321,1989,1988,9,19,0.01
321,1989,1988,9,20,0.06
321,1989,1988,9,23,0.02
321,1989,1988,10,2,0.13
321,1989,1988,10,7,0.04
321,1989,1988,10,14,0.01
321,1989,1988,10,22,0.02
321,1989,1988,11,14,0.32
321,1989,1988,11,23,0.29
321,1989,1988,11,25,0.55
321,1989,1988,11,26,0.06
321,1989,1988,12,16,0.53
321,1989,1988,12,17,1.72
321,1989,1988,12,18,0.36
321,1989,1988,12,20,0.07
321,1989,1988,12,21,0.96
321,1989,1988,12,22,0.25
321,1989,1988,12,23,0.03
321,1989,1988,12,24,0.51
321,1989,1988,12,28,0.01
321,1989,1988,12,30,0.11
321,1989,1989,1,4,0.03
321,1989,1989,1,5,0.03
321,1989,1989,1,6,0.14
321,1989,1989,1,7,0.01
321,1989,1989,1,24,0.19
321,1989,1989,2,3,1.20
321,1989,1989,2,4,0.16
321,1989,1989,2,8,1.04
321,1989,1989,2,9,1.16
321,1989,1989,3,2,0.54
321,1989,1989,3,3,0.15
321,1989,1989,3,24,0.32
321,1989,1989,3,25,0.03
321,1989,1989,4,11,0.02
321,1989,1989,4,17,0.03
321,1989,1989,4,25,0.30
321,1989,1989,5,9,0.36
321,1989,1989,6,24,0.04
321,1990,1989,9,16,0.02
321,1990,1989,9,18,0.01
321,1990,1989,9,19,0.05
321,1990,1989,9,29,0.02
321,1990,1989,10,3,0.01
321,1990,1989,10,21,0.46
321,1990,1989,10,23,0.08
321,1990,1989,10,24,0.26
321,1990,1989,10,25,0.03
321,1990,1989,11,25,0.72
321,1990,1990,1,2,0.14
321,1990,1990,1,12,1.70
321,1990,1990,1,13,1.03
321,1990,1990,1,15,0.44
321,1990,1990,1,16,0.04
321,1990,1990,1,17,0.23
321,1990,1990,2,3,0.47
321,1990,1990,2,16,2.12
321,1990,1990,2,17,0.19
321,1990,1990,2,18,0.02
321,1990,1990,3,2,0.03
321,1990,1990,3,27,0.04
321,1990,1990,3,29,0.04
321,1990,1990,4,17,0.19
321,1990,1990,5,27,0.82
321,1991,1990,9,21,0.15
321,1991,1990,11,20,0.11
321,1991,1990,11,26,0.03
321,1991,1990,12,12,0.04
321,1991,1990,12,15,0.02
321,1991,1990,12,20,0.12
321,1991,1991,1,4,1.10
321,1991,1991,1,5,0.40
321,1991,1991,1,9,0.20
321,1991,1991,1,10,0.22
321,1991,1991,2,2,0.02
321,1991,1991,2,27,0.04
321,1991,1991,2,28,3.75
321,1991,1991,3,1,2.00
321,1991,1991,3,2,0.24
321,1991,1991,3,5,0.65
321,1991,1991,3,11,0.10
321,1991,1991,3,13,0.12
321,1991,1991,3,14,0.15
321,1991,1991,3,15,0.28
321,1991,1991,3,18,3.00
321,1991,1991,3,19,3.20
321,1991,1991,3,20,1.08
321,1991,1991,3,21,0.02
321,1991,1991,3,25,1.00
321,1991,1991,3,26,0.55
321,1991,1991,3,27,1.14
321,1991,1991,4,20,0.08
321,1991,1991,6,28,0.25
321,1991,1991,6,29,0.50
321,1991,1991,7,8,0.02
321,1991,1991,7,25,0.03
321,1991,1991,7,26,0.02
321,1991,1991,8,14,0.21
321,1991,1991,8,15,0.54
321,1992,1991,9,9,0.08
321,1992,1991,9,14,0.07
321,1992,1991,9,15,0.02
321,1992,1991,10,26,0.05
321,1992,1991,10,27,0.56
321,1992,1991,11,18,0.22
321,1992,1991,12,8,0.11
321,1992,1991,12,28,1.59
321,1992,1991,12,29,2.38
321,1992,1991,12,30,0.95
321,1992,1992,1,3,0.50
321,1992,1992,1,4,0.23
321,1992,1992,1,5,0.61
321,1992,1992,1,6,0.58
321,1992,1992,1,8,0.32
321,1992,1992,2,6,0.44
321,1992,1992,2,7,0.20
321,1992,1992,2,8,0.06
321,1992,1992,2,10,2.10
321,1992,1992,2,11,0.69
321,1992,1992,2,12,2.45
321,1992,1992,2,13,1.50
321,1992,1992,2,14,0.08
321,1992,1992,2,15,2.12
321,1992,1992,2,16,0.01
321,1992,1992,2,17,0.21
321,1992,1992,2,20,0.05
321,1992,1992,2,21,0.05
321,1992,1992,3,2,0.30
321,1992,1992,3,3,0.25
321,1992,1992,3,6,1.00
321,1992,1992,3,7,0.01
321,1992,1992,3,8,0.51
321,1992,1992,3,9,0.03
321,1992,1992,3,20,0.39
321,1992,1992,3,21,0.52
321,1992,1992,3,22,0.04
321,1992,1992,3,23,1.33
321,1992,1992,3,24,0.06
321,1992,1992,3,27,0.19
321,1992,1992,3,28,0.01
321,1992,1992,3,30,0.01
321,1992,1992,3,31,0.07
321,1992,1992,4,1,0.04
321,1992,1992,4,2,0.04
321,1992,1992,5,6,0.05
321,1992,1992,5,7,0.11
321,1992,1992,5,25,0.01
321,1992,1992,6,1,0.01
321,1992,1992,6,5,0.03
321,1992,1992,6,6,0.04
321,1992,1992,7,11,0.10
321,1992,1992,7,12,0.30
321,1992,1992,7,13,0.44
321,1992,1992,7,14,0.01
321,1993,1992,10,22,0.04
321,1993,1992,10,23,0.02
321,1993,1992,10,30,1.55
321,1993,1992,10,31,0.24
321,1993,1992,12,3,0.02
321,1993,1992,12,4,0.39
321,1993,1992,12,7,3.04
321,1993,1992,12,8,0.23
321,1993,1992,12,11,0.29
321,1993,1992,12,17,0.25
321,1993,1992,12,28,0.04
321,1993,1992,12,29,1.49
321,1993,1992,12,30,0.37
321,1993,1993,1,1,0.66
321,1993,1993,1,6,0.12
321,1993,1993,1,7,3.20
321,1993,1993,1,8,0.90
321,1993,1993,1,9,0.05
321,1993,1993,1,10,0.09
321,1993,1993,1,11,0.19
321,1993,1993,1,13,3.08
321,1993,1993,1,14,0.72
321,1993,1993,1,15,0.54
321,1993,1993,1,16,1.20
321,1993,1993,1,17,0.20
321,1993,1993,1,18,1.45
321,1993,1993,1,19,0.04
321,1993,1993,2,8,2.59
321,1993,1993,2,9,0.33
321,1993,1993,2,10,0.35
321,1993,1993,2,18,1.30
321,1993,1993,2,19,0.91
321,1993,1993,2,20,0.35
321,1993,1993,2,23,1.50
321,1993,1993,2,26,1.07
321,1993,1993,2,27,0.04
321,1993,1993,2,28,0.08
321,1993,1993,3,14,0.01
321,1993,1993,3,17,0.02
321,1993,1993,3,25,2.28
321,1993,1993,3,26,3.55
321,1993,1993,3,27,0.08
321,1993,1993,3,28,0.83
321,1993,1993,3,29,0.01
321,1993,1993,5,26,0.22
321,1993,1993,6,4,0.75
321,1993,1993,6,21,0.01
321,1993,1993,7,8,0.02
321,1993,1993,7,10,0.02
321,1993,1993,7,14,0.01
321,1993,1993,7,24,0.01
321,1993,1993,7,26,0.02
321,1993,1993,7,27,0.01
321,1993,1993,7,28,0.09
321,1994,1993,10,11,0.17
321,1994,1993,11,11,0.54
321,1994,1993,11,22,0.07
321,1994,1993,11,29,0.01
321,1994,1993,11,30,1.18
321,1994,1993,12,11,0.02
321,1994,1993,12,12,1.57
321,1994,1993,12,15,0.32
321,1994,1993,12,19,0.08
321,1994,1994,1,23,0.35
321,1994,1994,1,24,1.04
321,1994,1994,2,4,0.61
321,1994,1994,2,8,2.41
321,1994,1994,2,17,1.72
321,1994,1994,2,19,0.50
321,1994,1994,2,20,1.97
321,1994,1994,3,6,0.22
321,1994,1994,3,7,0.03
321,1994,1994,3,19,0.29
321,1994,1994,3,20,0.65
321,1994,1994,3,25,1.20
321,1994,1994,3,26,0.02
321,1994,1994,4,9,0.18
321,1994,1994,4,23,0.04
321,1994,1994,4,25,0.27
321,1994,1994,4,26,0.22
321,1994,1994,4,27,0.07
321,1994,1994,5,7,0.10
321,1994,1994,5,8,0.10
321,1994,1994,5,18,0.16
321,1994,1994,5,19,0.18
321,1995,1994,9,23,0.06
321,1995,1994,10,3,0.03
321,1995,1994,10,4,0.44
321,1995,1994,10,5,0.67
321,1995,1994,11,8,0.50
321,1995,1994,11,9,0.03
321,1995,1994,11,10,1.10
321,1995,1994,11,16,0.05
321,1995,1994,11,18,0.02
321,1995,1994,12,12,0.12
321,1995,1994,12,14,0.03
321,1995,1994,12,25,0.92
321,1995,1994,12,29,0.03
321,1995,1995,1,3,1.95
321,1995,1995,1,4,0.82
321,1995,1995,1,5,2.57
321,1995,1995,1,7,0.75
321,1995,1995,1,8,0.06
321,1995,1995,1,9,2.60
321,1995,1995,1,11,7.50
321,1995,1995,1,12,0.50
321,1995,1995,1,14,0.03
321,1995,1995,1,15,0.48
321,1995,1995,1,16,0.03
321,1995,1995,1,17,0.02
321,1995,1995,1,21,0.68
321,1995,1995,1,23,0.43
321,1995,1995,1,24,3.05
321,1995,1995,1,25,1.87
321,1995,1995,1,26,0.13
321,1995,1995,2,8,0.61
321,1995,1995,2,9,0.36
321,1995,1995,2,14,1.28
321,1995,1995,2,27,0.02
321,1995,1995,3,1,0.02
321,1995,1995,3,2,0.28
321,1995,1995,3,3,0.69
321,1995,1995,3,4,0.06
321,1995,1995,3,5,0.80
321,1995,1995,3,6,1.50
321,1995,1995,3,10,0.18
321,1995,1995,3,11,5.00
321,1995,1995,3,13,0.50
321,1995,1995,3,21,0.71
321,1995,1995,3,22,0.06
321,1995,1995,3,23,1.74
321,1995,1995,3,24,0.02
321,1995,1995,4,16,0.18
321,1995,1995,5,14,0.17
321,1995,1995,5,15,0.49
321,1995,1995,5,16,0.17
321,1995,1995,5,21,0.02
321,1995,1995,6,2,0.05
321,1995,1995,6,16,0.25
321,1995,1995,6,17,0.07
321,1995,1995,6,27,0.02
321,1996,1995,10,31,0.04
321,1996,1995,11,1,0.15
321,1996,1995,12,12,0.03
321,1996,1995,12,13,2.10
321,1996,1995,12,14,0.50
321,1996,1995,12,23,0.88
321,1996,1995,12,24,0.02
321,1996,1996,1,17,0.57
321,1996,1996,1,19,0.27
321,1996,1996,1,22,0.07
321,1996,1996,1,25,0.16
321,1996,1996,1,28,0.22
321,1996,1996,1,31,0.98
321,1996,1996,2,1,1.12
321,1996,1996,2,3,0.72
321,1996,1996,2,4,0.29
321,1996,1996,2,5,0.03
321,1996,1996,2,6,0.29
321,1996,1996,2,16,0.11
321,1996,1996,2,19,0.04
321,1996,1996,2,20,4.14
321,1996,1996,2,21,1.80
321,1996,1996,2,22,0.35
321,1996,1996,2,25,0.12
321,1996,1996,2,28,0.50
321,1996,1996,3,4,0.27
321,1996,1996,3,5,0.21
321,1996,1996,3,13,0.16
321,1996,1996,3,14,0.58
321,1996,1996,3,21,0.01
321,1996,1996,3,22,0.02
321,1996,1996,3,28,0.08
321,1996,1996,4,2,0.50
321,1996,1996,4,16,0.23
321,1996,1996,4,17,0.27
321,1996,1996,5,16,0.49
321,1996,1996,5,17,0.30
321,1996,1996,6,25,0.01
321,1997,1996,10,30,3.88
321,1997,1996,11,17,0.01
321,1997,1996,11,18,0.03
321,1997,1996,11,20,0.04
321,1997,1996,11,21,1.28
321,1997,1996,11,22,1.32
321,1997,1996,11,23,0.06
321,1997,1996,12,9,0.28
321,1997,1996,12,10,2.07
321,1997,1996,12,11,2.65
321,1997,1996,12,12,0.21
321,1997,1996,12,13,0.01
321,1997,1996,12,22,0.89
321,1997,1996,12,23,0.01
321,1997,1996,12,27,0.32
321,1997,1996,12,28,0.18
321,1997,1996,12,30,0.03
321,1997,1997,1,1,0.10
321,1997,1997,1,2,0.53
321,1997,1997,1,3,0.69
321,1997,1997,1,5,0.66
321,1997,1997,1,12,0.04
321,1997,1997,1,13,0.28
321,1997,1997,1,15,0.50
321,1997,1997,1,16,0.02
321,1997,1997,1,20,0.32
321,1997,1997,1,21,0.13
321,1997,1997,1,22,0.21
321,1997,1997,1,23,1.12
321,1997,1997,1,24,0.02
321,1997,1997,1,25,0.20
321,1997,1997,1,26,1.04
321,1997,1997,1,27,0.52
321,1997,1997,2,12,0.04
321,1997,1997,2,28,0.02
321,1997,1997,8,9,0.04
321,1997,1997,8,16,0.02
321,1997,1997,8,17,0.03
321,1997,1997,8,20,0.05
321,1998,1997,9,26,0.10
321,1998,1997,10,6,0.20
321,1998,1997,11,10,0.07
321,1998,1997,11,11,0.65
321,1998,1997,11,12,0.03
321,1998,1997,11,13,0.26
321,1998,1997,11,14,0.07
321,1998,1997,11,16,0.52
321,1998,1997,11,17,0.06
321,1998,1997,11,20,0.04
321,1998,1997,11,26,1.28
321,1998,1997,11,27,0.22
321,1998,1997,11,30,1.28
321,1998,1997,12,5,0.90
321,1998,1997,12,6,4.21
321,1998,1997,12,7,0.05
321,1998,1997,12,8,0.31
321,1998,1997,12,9,0.03
321,1998,1997,12,15,0.04
321,1998,1997,12,18,0.13
321,1998,1997,12,19,0.73
321,1998,1998,1,3,0.32
321,1998,1998,1,4,0.16
321,1998,1998,1,5,0.57
321,1998,1998,1,9,0.08
321,1998,1998,1,10,2.04
321,1998,1998,1,11,0.01
321,1998,1998,1,13,0.22
321,1998,1998,1,15,0.03
321,1998,1998,1,16,0.17
321,1998,1998,1,19,0.73
321,1998,1998,1,29,0.93
321,1998,1998,1,30,0.09
321,1998,1998,1,31,0.46
321,1998,1998,2,1,0.03
321,1998,1998,2,2,3.55
321,1998,1998,2,3,2.75
321,1998,1998,2,4,0.19
321,1998,1998,2,6,1.63
321,1998,1998,2,7,0.74
321,1998,1998,2,8,3.07
321,1998,1998,2,9,0.50
321,1998,1998,2,11,0.03
321,1998,1998,2,14,1.12
321,1998,1998,2,15,0.49
321,1998,1998,2,16,0.05
321,1998,1998,2,17,1.01
321,1998,1998,2,20,0.96
321,1998,1998,2,22,2.24
321,1998,1998,2,23,2.35
321,1998,1998,2,24,1.72
321,1998,1998,3,6,0.50
321,1998,1998,3,14,0.29
321,1998,1998,3,17,0.01
321,1998,1998,3,25,2.75
321,1998,1998,3,28,0.25
321,1998,1998,3,29,0.01
321,1998,1998,4,1,1.22
321,1998,1998,4,2,0.08
321,1998,1998,4,3,0.02
321,1998,1998,4,4,0.41
321,1998,1998,4,5,0.02
321,1998,1998,4,11,0.34
321,1998,1998,4,12,0.73
321,1998,1998,4,14,0.18
321,1998,1998,4,23,0.05
321,1998,1998,5,2,0.59
321,1998,1998,5,3,0.93
321,1998,1998,5,4,0.06
321,1998,1998,5,5,0.50
321,1998,1998,5,6,0.50
321,1998,1998,5,12,0.15
321,1998,1998,5,13,1.15
321,1998,1998,5,29,0.16
321,1998,1998,6,17,0.02
321,1999,1998,9,3,0.03
321,1999,1998,9,4,0.04
321,1999,1998,9,5,0.10
321,1999,1998,9,9,0.04
321,1999,1998,11,8,0.18
321,1999,1998,11,11,0.03
321,1999,1998,11,12,0.01
321,1999,1998,11,28,0.44
321,1999,1998,11,29,0.15
321,1999,1998,12,1,0.40
321,1999,1998,12,2,0.09
321,1999,1998,12,4,0.05
321,1999,1998,12,6,0.25
321,1999,1998,12,19,0.05
321,1999,1999,1,20,0.38
321,1999,1999,1,21,0.07
321,1999,1999,1,24,0.26
321,1999,1999,1,25,0.38
321,1999,1999,1,26,0.28
321,1999,1999,1,27,0.43
321,1999,1999,1,31,0.97
321,1999,1999,2,1,0.03
321,1999,1999,2,5,0.03
321,1999,1999,2,6,0.23
321,1999,1999,2,7,0.01
321,1999,1999,2,8,0.04
321,1999,1999,2,9,0.52
321,1999,1999,2,10,0.52
321,1999,1999,3,9,0.25
321,1999,1999,3,11,0.24
321,1999,1999,3,15,0.65
321,1999,1999,3,16,0.65
321,1999,1999,3,20,0.70
321,1999,1999,3,21,0.05
321,1999,1999,3,23,0.08
321,1999,1999,3,24,0.01
321,1999,1999,3,25,0.67
321,1999,1999,3,26,0.85
321,1999,1999,3,31,0.01
321,1999,1999,4,6,0.40
321,1999,1999,4,7,0.11
321,1999,1999,4,8,0.01
321,1999,1999,4,9,0.21
321,1999,1999,4,11,0.25
321,1999,1999,4,12,1.13
321,1999,1999,6,3,0.08
321,2000,1999,11,8,1.44
321,2000,1999,11,20,0.17
321,2000,2000,1,17,0.03
321,2000,2000,1,18,0.38
321,2000,2000,1,24,0.11
321,2000,2000,1,25,0.95
321,2000,2000,1,26,0.62
321,2000,2000,1,30,0.05
321,2000,2000,1,31,0.17
321,2000,2000,2,4,0.19
321,2000,2000,2,10,0.75
321,2000,2000,2,11,0.83
321,2000,2000,2,12,1.72
321,2000,2000,2,13,0.55
321,2000,2000,2,14,0.74
321,2000,2000,2,15,0.32
321,2000,2000,2,16,0.09
321,2000,2000,2,17,0.41
321,2000,2000,2,20,0.87
321,2000,2000,2,22,2.50
321,2000,2000,2,23,2.70
321,2000,2000,2,24,0.19
321,2000,2000,2,25,0.06
321,2000,2000,2,27,0.80
321,2000,2000,2,28,0.10
321,2000,2000,2,29,0.01
321,2000,2000,3,3,0.01
321,2000,2000,3,4,0.62
321,2000,2000,3,5,1.04
321,2000,2000,3,6,1.00
321,2000,2000,3,7,0.05
321,2000,2000,3,8,1.00
321,2000,2000,3,9,0.05
321,2000,2000,4,17,1.70
321,2000,2000,4,18,2.78
321,2000,2000,4,19,0.04
321,2000,2000,5,25,0.06
321,2000,2000,6,9,0.10
321,2000,2000,6,17,0.08
321,2000,2000,6,18,0.15
321,2000,2000,6,24,0.02
321,2001,2000,9,21,0.08
321,2001,2000,9,22,0.07
321,2001,2000,9,23,0.03
321,2001,2000,10,11,0.43
321,2001,2000,10,12,0.37
321,2001,2000,10,26,0.05
321,2001,2000,10,27,3.95
321,2001,2000,10,28,0.18
321,2001,2000,10,29,0.50
321,2001,2000,10,30,0.38
321,2001,2000,12,7,0.12
321,2001,2001,1,8,0.39
321,2001,2001,1,9,0.01
321,2001,2001,1,11,4.20
321,2001,2001,1,12,1.30
321,2001,2001,1,13,0.03
321,2001,2001,1,24,1.08
321,2001,2001,1,25,0.04
321,2001,2001,1,26,0.62
321,2001,2001,1,27,0.03
321,2001,2001,2,10,0.78
321,2001,2001,2,11,0.32
321,2001,2001,2,12,1.40
321,2001,2001,2,13,1.29
321,2001,2001,2,14,0.24
321,2001,2001,2,18,0.03
321,2001,2001,2,19,0.13
321,2001,2001,2,20,0.50
321,2001,2001,2,21,0.04
321,2001,2001,2,23,0.10
321,2001,2001,2,24,0.12
321,2001,2001,2,25,0.52
321,2001,2001,2,26,1.20
321,2001,2001,2,27,0.01
321,2001,2001,2,28,0.10
321,2001,2001,3,2,0.01
321,2001,2001,3,4,0.06
321,2001,2001,3,5,4.27
321,2001,2001,3,6,2.10
321,2001,2001,3,7,0.03
321,2001,2001,4,2,0.03
321,2001,2001,4,5,0.09
321,2001,2001,4,6,1.41
321,2001,2001,4,8,0.05
321,2001,2001,4,10,0.05
321,2001,2001,4,21,0.68
321,2001,2001,5,12,0.02
321,2001,2001,5,14,0.03
321,2001,2001,5,18,0.01
321,2001,2001,5,21,0.01
321,2001,2001,5,22,0.01
321,2001,2001,5,25,0.03
321,2001,2001,5,26,0.05
321,2001,2001,6,2,0.02
321,2001,2001,7,7,0.04
321,2002,2001,10,30,0.18
321,2002,2001,10,31,0.47
321,2002,2001,11,11,0.81
321,2002,2001,11,12,0.14
321,2002,2001,11,13,1.28
321,2002,2001,11,24,0.09
321,2002,2001,11,25,1.16
321,2002,2001,11,29,0.40
321,2002,2001,11,30,0.08
321,2002,2001,12,2,0.05
321,2002,2001,12,3,0.54
321,2002,2001,12,14,0.07
321,2002,2001,12,15,0.07
321,2002,2001,12,20,0.04
321,2002,2001,12,21,0.45
321,2002,2001,12,29,0.26
321,2002,2001,12,30,0.32
321,2002,2002,1,3,0.07
321,2002,2002,1,16,0.13
321,2002,2002,1,28,0.83
321,2002,2002,3,5,0.30
321,2002,2002,3,8,0.04
321,2002,2002,3,18,0.24
321,2002,2002,3,23,0.07
321,2002,2002,3,24,0.06
321,2002,2002,4,1,0.02
321,2002,2002,4,15,0.02
321,2002,2002,4,26,0.04
321,2002,2002,4,27,0.01
321,2002,2002,5,19,0.14
321,2002,2002,5,20,0.01
321,2002,2002,5,27,0.01
321,2002,2002,6,3,0.03
321,2002,2002,8,19,0.02
321,2002,2002,8,20,0.01
321,2002,2002,8,21,0.01
321,2003,2002,9,6,0.04
321,2003,2002,9,29,0.36
321,2003,2002,10,16,0.01
321,2003,2002,10,17,0.03
321,2003,2002,10,28,0.01
321,2003,2002,11,7,0.11
321,2003,2002,11,8,3.50
321,2003,2002,11,9,2.50
321,2003,2002,11,10,0.25
321,2003,2002,11,30,0.06
321,2003,2002,12,7,0.03
321,2003,2002,12,16,0.26
321,2003,2002,12,17,2.60
321,2003,2002,12,18,0.07
321,2003,2002,12,20,2.23
321,2003,2002,12,21,0.05
321,2003,2002,12,22,0.91
321,2003,2002,12,23,0.50
321,2003,2002,12,29,0.51
321,2003,2003,1,1,0.10
321,2003,2003,1,11,0.01
321,2003,2003,2,11,0.60
321,2003,2003,2,12,0.69
321,2003,2003,2,13,1.80
321,2003,2003,2,14,0.15
321,2003,2003,2,20,0.05
321,2003,2003,2,25,0.31
321,2003,2003,2,27,0.10
321,2003,2003,3,5,0.11
321,2003,2003,3,15,3.81
321,2003,2003,3,16,0.70
321,2003,2003,4,3,0.05
321,2003,2003,4,5,0.22
321,2003,2003,4,12,0.03
321,2003,2003,4,13,0.44
321,2003,2003,4,14,1.33
321,2003,2003,4,15,0.06
321,2003,2003,4,18,0.06
321,2003,2003,4,27,0.08
321,2003,2003,4,28,0.01
321,2003,2003,5,3,1.93
321,2003,2003,5,4,0.16
321,2003,2003,5,7,0.02
321,2003,2003,6,2,0.01
321,2003,2003,6,3,0.02
321,2003,2003,6,4,0.04
321,2003,2003,6,5,0.01
321,2003,2003,6,6,0.03
321,2003,2003,6,9,0.02
321,2003,2003,6,10,0.22
321,2003,2003,6,11,0.06
321,2003,2003,6,19,0.02
321,2003,2003,7,19,0.01
321,2004,2003,9,15,0.01
321,2004,2003,9,21,0.01
321,2004,2003,9,23,0.01
321,2004,2003,9,30,0.02
321,2004,2003,10,3,0.01
321,2004,2003,10,5,0.01
321,2004,2003,10,7,0.01
321,2004,2003,10,8,0.01
321,2004,2003,10,31,0.82
321,2004,2003,11,1,0.01
321,2004,2003,11,3,0.10
321,2004,2003,11,8,0.31
321,2004,2003,11,9,0.23
321,2004,2003,11,11,0.02
321,2004,2003,11,12,0.10
321,2004,2003,11,15,0.01
321,2004,2003,12,7,0.02
321,2004,2003,12,14,0.14
321,2004,2003,12,23,0.48
321,2004,2003,12,24,0.37
321,2004,2003,12,25,1.04
321,2004,2004,1,2,0.36
321,2004,2004,1,27,0.01
321,2004,2004,2,2,0.62
321,2004,2004,2,18,0.65
321,2004,2004,2,20,0.03
321,2004,2004,2,21,0.15
321,2004,2004,2,22,0.35
321,2004,2004,2,25,3.56
321,2004,2004,2,26,0.07
321,2004,2004,3,1,0.43
321,2004,2004,3,14,0.01
321,2004,2004,3,16,0.01
321,2004,2004,3,24,0.01
321,2004,2004,4,10,0.02
321,2004,2004,5,5,0.65
321,2004,2004,5,6,0.01
321,2004,2004,5,9,0.21
321,2004,2004,5,24,0.01
321,2004,2004,5,25,0.01
321,2004,2004,6,16,0.01
321,2004,2004,6,17,0.01
321,2004,2004,6,21,0.01
321,2004,2004,7,7,0.01
321,2004,2004,7,8,0.01
321,2004,2004,8,19,0.01
321,2004,2004,8,29,0.01
321,2005,2004,9,17,0.01
321,2005,2004,10,11,0.01
321,2005,2004,10,14,0.01
321,2005,2004,10,16,0.29
321,2005,2004,10,17,0.31
321,2005,2004,10,18,0.42
321,2005,2004,10,19,2.29
321,2005,2004,10,20,0.43
321,2005,2004,10,26,1.02
321,2005,2004,10,27,0.08
321,2005,2004,11,4,0.32
321,2005,2004,11,27,0.09
321,2005,2004,12,4,0.02
321,2005,2004,12,5,0.24
321,2005,2004,12,7,0.16
321,2005,2004,12,9,0.01
321,2005,2004,12,26,0.07
321,2005,2004,12,27,2.93
321,2005,2004,12,28,1.93
321,2005,2004,12,29,0.22
321,2005,2004,12,30,1.00
321,2005,2004,12,31,1.62
321,2005,2005,1,1,0.05
321,2005,2005,1,2,1.17
321,2005,2005,1,3,0.91
321,2005,2005,1,7,1.36
321,2005,2005,1,8,2.36
321,2005,2005,1,9,4.22
321,2005,2005,1,10,2.68
321,2005,2005,1,11,0.15
321,2005,2005,1,26,0.05
321,2005,2005,1,27,0.01
321,2005,2005,1,28,0.43
321,2005,2005,2,11,0.46
321,2005,2005,2,12,0.01
321,2005,2005,2,13,0.11
321,2005,2005,2,16,0.28
321,2005,2005,2,17,0.21
321,2005,2005,2,18,0.68
321,2005,2005,2,19,1.36
321,2005,2005,2,20,1.43
321,2005,2005,2,21,1.10
321,2005,2005,2,22,1.11
321,2005,2005,2,28,0.11
321,2005,2005,3,2,0.10
321,2005,2005,3,3,0.07
321,2005,2005,3,4,0.60
321,2005,2005,3,5,0.01
321,2005,2005,3,11,0.01
321,2005,2005,3,18,0.17
321,2005,2005,3,19,0.20
321,2005,2005,3,22,2.02
321,2005,2005,3,23,0.01
321,2005,2005,3,28,0.10
321,2005,2005,4,8,0.03
321,2005,2005,4,27,0.12
321,2005,2005,4,28,0.63
321,2005,2005,4,30,0.01
321,2005,2005,5,5,0.65
321,2005,2005,5,6,0.01
321,2005,2005,5,9,0.21
321,2005,2005,5,24,0.01
321,2005,2005,5,25,0.01
321,2005,2005,6,2,0.01
321,2005,2005,6,3,0.01
321,2005,2005,6,11,0.01
321,2005,2005,6,14,0.01
321,2005,2005,6,15,0.01
321,2005,2005,6,16,0.02
321,2005,2005,7,1,0.01
321,2005,2005,7,4,0.01
321,2005,2005,7,13,0.01
321,2005,2005,8,4,0.01
321,2005,2005,8,13,0.01
321,2005,2005,8,15,0.01
321,2005,2005,8,17,0.01
321,2006,2005,9,26,0.06
321,2006,2005,9,27,0.03
321,2006,2005,10,17,0.06
321,2006,2005,10,18,0.60
321,2006,2005,10,22,0.02
321,2006,2005,10,23,0.04
321,2006,2005,10,24,0.02
321,2006,2005,10,25,0.20
321,2006,2005,11,9,1.21
321,2006,2005,11,10,0.91
321,2006,2005,12,2,0.22
321,2006,2005,12,3,0.20
321,2006,2005,12,19,0.02
321,2006,2005,12,26,0.14
321,2006,2005,12,31,0.11
321,2006,2006,1,1,1.62
321,2006,2006,1,2,2.68
321,2006,2006,1,3,0.54
321,2006,2006,1,14,0.14
321,2006,2006,1,15,0.15
321,2006,2006,2,18,0.43
321,2006,2006,2,19,0.31
321,2006,2006,2,27,0.02
321,2006,2006,2,28,3.57
321,2006,2006,3,3,0.55
321,2006,2006,3,4,0.02
321,2006,2006,3,6,0.07
321,2006,2006,3,7,0.46
321,2006,2006,3,10,0.04
321,2006,2006,3,11,0.15
321,2006,2006,3,12,0.35
321,2006,2006,3,13,0.14
321,2006,2006,3,15,0.03
321,2006,2006,3,18,0.39
321,2006,2006,3,21,0.27
321,2006,2006,3,26,0.06
321,2006,2006,3,28,0.53
321,2006,2006,3,29,1.71
321,2006,2006,3,30,0.11
321,2006,2006,3,31,0.05
321,2006,2006,4,1,0.28
321,2006,2006,4,3,0.02
321,2006,2006,4,4,3.81
321,2006,2006,4,5,0.77
321,2006,2006,4,6,0.15
321,2006,2006,4,11,0.32
321,2006,2006,4,14,0.05
321,2006,2006,4,15,0.77
321,2006,2006,4,23,0.04
321,2006,2006,4,26,0.18
321,2006,2006,4,28,0.01
321,2006,2006,5,3,0.07
321,2006,2006,5,9,0.01
321,2006,2006,5,13,0.01
321,2006,2006,5,16,0.02
321,2006,2006,5,17,0.02
321,2006,2006,5,19,0.01
321,2006,2006,5,21,0.04
321,2006,2006,5,22,1.47
321,2006,2006,5,23,0.01
321,2007,2006,10,2,0.16
321,2007,2006,10,5,0.04
321,2007,2006,10,14,0.02
321,2007,2006,11,27,0.29
321,2007,2006,12,9,0.02
321,2007,2006,12,10,0.81
321,2007,2006,12,11,0.07
321,2007,2006,12,27,0.23
321,2007,2007,1,18,0.01
321,2007,2007,1,27,0.11
321,2007,2007,1,28,1.50
321,2007,2007,1,29,0.30
321,2007,2007,1,31,1.81
321,2007,2007,2,11,1.01
321,2007,2007,2,19,0.55
321,2007,2007,2,23,0.65
321,2007,2007,2,27,0.12
321,2007,2007,2,28,0.02
321,2007,2007,3,21,0.24
321,2007,2007,3,22,0.01
321,2007,2007,3,27,0.02
321,2007,2007,3,28,0.01
321,2007,2007,4,20,0.51
321,2007,2007,4,21,0.22
321,2007,2007,4,23,0.11
321,2007,2007,7,11,0.01
321,2008,2007,9,19,0.01
321,2008,2007,9,22,0.31
321,2008,2007,10,13,0.35
321,2008,2007,10,14,0.01
321,2008,2007,11,12,0.01
321,2008,2007,12,7,0.49
321,2008,2007,12,8,0.01
321,2008,2007,12,18,0.20
321,2008,2007,12,19,3.80
321,2008,2008,1,5,5.53
321,2008,2008,1,6,0.54
321,2008,2008,1,7,0.83
321,2008,2008,1,22,0.15
321,2008,2008,1,23,2.25
321,2008,2008,1,24,2.84
321,2008,2008,1,25,0.99
321,2008,2008,1,26,0.01
321,2008,2008,1,27,1.87
321,2008,2008,1,28,0.98
321,2008,2008,2,3,0.16
321,2008,2008,2,4,0.18
321,2008,2008,2,20,0.33
321,2008,2008,2,22,0.09
321,2008,2008,4,3,0.14
321,2008,2008,5,12,0.02
321,2008,2008,5,24,0.06
321,2008,2008,7,20,0.01
321,2008,2008,7,24,0.01
321,2008,2008,8,1,0.01
321,2009,2008,9,10,0.01
321,2009,2008,10,5,0.08
321,2009,2008,11,1,0.18
321,2009,2008,11,2,0.27
321,2009,2008,11,3,0.01
321,2009,2008,11,4,0.46
321,2009,2008,11,26,0.82
321,2009,2008,11,27,0.64
321,2009,2008,12,15,1.85
321,2009,2008,12,16,0.04
321,2009,2008,12,17,0.07
321,2009,2008,12,22,0.28
321,2009,2008,12,25,0.12
321,2009,2008,12,26,0.07
321,2009,2009,1,22,0.11
321,2009,2009,1,23,0.49
321,2009,2009,1,24,0.96
321,2009,2009,1,25,0.01
321,2009,2009,2,5,0.01
321,2009,2009,2,6,1.09
321,2009,2009,2,7,1.55
321,2009,2009,2,8,0.13
321,2009,2009,2,9,0.34
321,2009,2009,2,10,0.09
321,2009,2009,2,12,0.01
321,2009,2009,2,14,0.71
321,2009,2009,2,16,0.71
321,2009,2009,2,17,1.06
321,2009,2009,2,18,0.06
321,2009,2009,2,22,0.04
321,2009,2009,3,4,0.60
321,2009,2009,3,5,0.02
321,2009,2009,4,8,0.18
321,2009,2009,6,1,0.01
321,2009,2009,6,5,0.16
321,2009,2009,6,6,0.21
321,2009,2009,8,11,0.01
321,2010,2009,10,13,0.13
321,2010,2009,10,14,5.19
321,2010,2009,10,15,0.09
321,2010,2009,10,29,0.01
321,2010,2009,12,7,0.69
321,2010,2009,12,8,0.78
321,2010,2009,12,11,0.56
321,2010,2009,12,12,0.30
321,2010,2009,12,13,1.24
321,2010,2009,12,30,0.05
321,2010,2009,12,31,0.05
321,2010,2010,1,13,0.45
321,2010,2010,1,18,1.19
321,2010,2010,1,19,1.21
321,2010,2010,1,20,0.71
321,2010,2010,1,21,0.95
321,2010,2010,1,22,1.64
321,2010,2010,1,23,0.59
321,2010,2010,1,27,0.22
321,2010,2010,1,28,0.01
321,2010,2010,2,5,0.62
321,2010,2010,2,6,0.96
321,2010,2010,2,7,0.44
321,2010,2010,2,10,0.40
321,2010,2010,2,20,0.25
321,2010,2010,2,22,0.07
321,2010,2010,2,25,0.32
321,2010,2010,2,27,3.07
321,2010,2010,2,28,0.72
321,2010,2010,3,2,0.01
321,2010,2010,3,3,0.01
321,2010,2010,3,4,0.25
321,2010,2010,3,7,0.50
321,2010,2010,4,1,0.02
321,2010,2010,4,5,0.45
321,2010,2010,4,6,0.01
321,2010,2010,4,12,1.38
321,2010,2010,4,13,0.07
321,2010,2010,4,21,0.58
321,2010,2010,4,22,0.01
321,2010,2010,4,28,0.03
321,2010,2010,5,17,0.02
321,2010,2010,5,18,0.19
321,2010,2010,6,29,0.02
321,2010,2010,6,30,0.01
321,2010,2010,7,1,0.01
321,2010,2010,7,5,0.01
321,2010,2010,7,6,0.01
321,2010,2010,7,7,0.01
321,2011,2010,10,4,0.08
321,2011,2010,10,5,0.01
321,2011,2010,10,6,0.70
321,2011,2010,10,16,0.04
321,2011,2010,10,17,0.15
321,2011,2010,10,18,0.13
321,2011,2010,10,19,0.47
321,2011,2010,10,20,0.25
321,2011,2010,10,21,0.09
321,2011,2010,10,22,0.08
321,2011,2010,10,23,0.01
321,2011,2010,10,27,0.01
321,2011,2010,10,30,0.82
321,2011,2010,11,8,0.15
321,2011,2010,11,9,0.01
321,2011,2010,11,11,0.01
321,2011,2010,11,20,0.86
321,2011,2010,11,21,0.52
321,2011,2010,11,24,0.02
321,2011,2010,12,6,0.57
321,2011,2010,12,17,0.09
321,2011,2010,12,18,0.96
321,2011,2010,12,19,3.55
321,2011,2010,12,20,4.35
321,2011,2010,12,21,0.48
321,2011,2010,12,22,1.73
321,2011,2010,12,23,0.19
321,2011,2010,12,26,0.85
321,2011,2010,12,29,0.89
321,2011,2010,12,30,0.02
321,2011,2011,1,2,0.11
321,2011,2011,1,3,1.02
321,2011,2011,1,31,0.42
321,2011,2011,2,15,0.12
321,2011,2011,2,16,0.36
321,2011,2011,2,17,0.28
321,2011,2011,2,18,0.03
321,2011,2011,2,19,0.94
321,2011,2011,2,20,0.66
321,2011,2011,2,25,0.06
321,2011,2011,2,26,2.02
321,2011,2011,2,27,0.04
321,2011,2011,3,2,0.05
321,2011,2011,3,3,0.21
321,2011,2011,3,4,0.01
321,2011,2011,3,7,0.01
321,2011,2011,3,8,0.01
321,2011,2011,3,19,0.14
321,2011,2011,3,20,3.46
321,2011,2011,3,21,2.85
321,2011,2011,3,22,0.43
321,2011,2011,3,24,0.30
321,2011,2011,3,25,0.99
321,2011,2011,3,27,0.04
321,2011,2011,4,3,0.08
321,2011,2011,4,8,0.02
321,2011,2011,4,23,0.01
321,2011,2011,5,15,0.16
321,2011,2011,5,17,0.23
321,2011,2011,5,18,0.37
321,2011,2011,6,5,0.10
321,2011,2011,6,6,0.56
321,2011,2011,6,16,0.01
321,2011,2011,6,17,0.04
321,2011,2011,6,22,0.01
321,2011,2011,6,24,0.01
321,2012,2011,10,4,0.04
321,2012,2011,10,5,0.40
321,2012,2011,10,6,0.51
321,2012,2011,11,6,0.23
321,2012,2011,11,12,0.49
321,2012,2011,11,13,0.06
321,2012,2011,11,20,0.27
321,2012,2011,11,21,0.89
321,2012,2011,12,12,0.45
321,2012,2011,12,13,0.05
321,2012,2012,1,21,1.39
321,2012,2012,1,23,0.28
321,2012,2012,1,24,0.27
321,2012,2012,2,8,0.03
321,2012,2012,2,16,0.04
321,2012,2012,3,17,1.62
321,2012,2012,3,18,0.14
321,2012,2012,3,25,1.06
321,2012,2012,3,26,0.43
321,2012,2012,4,1,0.26
321,2012,2012,4,2,0.01
321,2012,2012,4,11,1.44
321,2012,2012,4,12,0.01
321,2012,2012,4,13,0.64
321,2012,2012,4,14,0.64
321,2012,2012,4,23,0.09
321,2012,2012,4,24,0.02
321,2012,2012,4,25,0.01
321,2012,2012,4,26,0.27
321,2012,2012,4,27,0.03
321,2012,2012,5,1,0.02
321,2012,2012,5,13,0.01
321,2012,2012,6,15,0.02
321,2012,2012,8,4,0.02
321,2012,2012,8,5,0.01
321,2012,2012,8,25,0.01
321,2012,2012,8,26,0.01
321,2013,2012,9,8,0.01
321,2013,2012,10,10,0.04
321,2013,2012,10,12,0.11
321,2013,2012,10,21,0.02
321,2013,2012,10,22,0.01
321,2013,2012,10,23,0.01
321,2013,2012,11,17,0.78
321,2013,2012,11,18,0.79
321,2013,2012,11,19,0.01
321,2013,2012,11,29,0.45
321,2013,2012,11,30,0.34
321,2013,2012,12,1,0.21
321,2013,2012,12,2,0.22
321,2013,2012,12,3,0.83
321,2013,2012,12,4,0.01
321,2013,2012,12,13,0.09
321,2013,2012,12,14,0.01
321,2013,2012,12,15,0.02
321,2013,2012,12,16,0.04
321,2013,2012,12,17,0.03
321,2013,2012,12,18,0.22
321,2013,2012,12,23,0.05
321,2013,2012,12,24,0.72
321,2013,2012,12,26,0.26
321,2013,2012,12,27,0.04
321,2013,2012,12,29,0.11
321,2013,2012,12,30,0.08
321,2013,2013,1,6,0.06
321,2013,2013,1,7,0.11
321,2013,2013,1,24,0.91
321,2013,2013,1,25,0.18
321,2013,2013,1,26,0.15
321,2013,2013,2,20,0.16
321,2013,2013,2,21,0.01
321,2013,2013,3,7,0.06
321,2013,2013,3,8,0.63
321,2013,2013,3,31,0.05
321,2013,2013,4,1,0.26
321,2013,2013,4,6,0.01
321,2013,2013,4,16,0.01
321,2013,2013,4,25,0.06
321,2013,2013,5,1,0.02
321,2013,2013,5,2,0.01
321,2013,2013,5,6,0.19
321,2013,2013,5,7,0.01
321,2013,2013,6,3,0.06
321,2013,2013,6,4,0.01
321,2013,2013,6,9,0.04
321,2013,2013,6,10,0.01
321,2013,2013,6,15,0.01
321,2013,2013,6,16,0.01
321,2013,2013,7,22,0.01
321,2014,2013,10,10,0.02
321,2014,2013,10,29,0.23
321,2014,2013,10,30,0.01
321,2014,2013,11,21,0.50
321,2014,2013,11,23,0.07
321,2014,2013,11,29,0.27
321,2014,2013,12,7,0.21
321,2014,2013,12,8,0.03
321,2014,2014,2,3,0.12
321,2014,2014,2,4,0.01
321,2014,2014,2,7,0.23
321,2014,2014,2,27,1.26
321,2014,2014,2,28,1.38
321,2014,2014,3,1,0.62
321,2014,2014,3,2,1.57
321,2014,2014,3,3,0.03
321,2014,2014,3,27,0.02
321,2014,2014,4,1,0.28
321,2014,2014,4,2,0.27
321,2014,2014,4,3,0.05
321,2014,2014,4,4,0.01
321,2014,2014,4,26,0.07
321,2014,2014,5,23,0.05
321,2014,2014,5,24,0.01
321,2014,2014,6,11,0.03
321,2014,2014,6,12,0.01
321,2014,2014,8,3,0.02
321,2014,2014,8,4,0.01
321,2015,2014,9,4,0.01
321,2015,2014,11,1,1.01
321,2015,2014,11,2,0.13
321,2015,2014,12,1,0.04
321,2015,2014,12,2,0.32
321,2015,2014,12,3,1.85
321,2015,2014,12,4,0.03
321,2015,2014,12,5,0.02
321,2015,2014,12,12,2.25
321,2015,2014,12,13,0.13
321,2015,2014,12,16,0.37
321,2015,2014,12,17,0.43
321,2015,2014,12,18,0.03
321,2015,2014,12,31,0.03
321,2015,2015,1,11,1.12
321,2015,2015,1,12,0.03
321,2015,2015,1,21,0.01
321,2015,2015,1,27,0.10
321,2015,2015,1,28,0.01
321,2015,2015,2,6,0.01
321,2015,2015,2,7,0.03
321,2015,2015,2,8,0.45
321,2015,2015,2,9,0.05
321,2015,2015,2,23,0.09
321,2015,2015,3,1,0.18
321,2015,2015,3,2,0.03
321,2015,2015,3,3,0.45
321,2015,2015,4,8,0.20
321,2015,2015,4,26,0.02
321,2015,2015,5,8,0.09
321,2015,2015,5,9,0.01
321,2015,2015,5,15,0.25
321,2015,2015,6,9,0.02
321,2015,2015,6,10,0.75
321,2015,2015,6,12,0.02
321,2015,2015,6,16,0.01
321,2015,2015,7,6,0.01
321,2015,2015,7,19,0.01
321,2015,2015,7,20,0.03
321,2015,2015,8,19,0.01
321,2016,2015,9,15,0.15
321,2016,2015,9,16,0.07
321,2016,2015,10,4,0.01
321,2016,2015,10,5,0.18
321,2016,2015,10,6,0.01
321,2016,2015,11,3,0.02
321,2016,2015,11,16,0.19
321,2016,2015,12,14,0.19
321,2016,2015,12,20,0.20
321,2016,2015,12,23,0.01
321,2016,2016,1,5,0.50
321,2016,2016,1,6,1.17
321,2016,2016,1,7,1.74
321,2016,2016,1,11,0.04
321,2016,2016,1,12,0.01
321,2016,2016,1,19,0.09
321,2016,2016,1,20,0.54
321,2016,2016,1,22,0.01
321,2016,2016,1,31,0.19
321,2016,2016,2,1,1.30
321,2016,2016,2,18,0.53
321,2016,2016,3,6,2.10
321,2016,2016,3,7,0.58
321,2016,2016,3,8,0.23
321,2016,2016,3,12,0.81
321,2016,2016,3,13,0.01
321,2016,2016,3,21,0.01
321,2016,2016,3,23,0.01
321,2016,2016,4,8,0.04
321,2016,2016,4,9,0.33
321,2016,2016,4,10,0.11
321,2016,2016,4,11,0.02
321,2016,2016,5,6,0.01
321,2016,2016,5,7,0.01
321,2016,2016,5,29,0.04
321,2016,2016,5,30,0.02
321,2016,2016,6,1,0.01
321,2016,2016,6,8,0.01
321,2016,2016,6,12,0.06
321,2017,2016,9,3,0.01
321,2017,2016,9,5,0.01
321,2017,2016,10,17,0.20
321,2017,2016,10,18,0.01
321,2017,2016,10,28,0.35
321,2017,2016,10,29,0.02
321,2017,2016,10,30,0.11
321,2017,2016,10,31,0.18
321,2017,2016,11,1,0.01
321,2017,2016,11,21,0.38
321,2017,2016,11,27,0.40
321,2017,2016,12,9,0.03
321,2017,2016,12,11,0.01
321,2017,2016,12,16,1.12
321,2017,2016,12,17,0.01
321,2017,2016,12,22,0.05
321,2017,2016,12,24,1.29
321,2017,2016,12,25,0.01
321,2017,2016,12,30,0.04
321,2017,2016,12,31,0.14
321,2017,2017,1,1,0.08
321,2017,2017,1,5,0.34
321,2017,2017,1,7,0.25
321,2017,2017,1,8,0.17
321,2017,2017,1,9,0.91
321,2017,2017,1,11,1.12
321,2017,2017,1,12,0.12
321,2017,2017,1,13,0.25
321,2017,2017,1,19,0.73
321,2017,2017,1,20,0.56
321,2017,2017,1,21,1.98
321,2017,2017,1,22,0.35
321,2017,2017,1,23,1.58
321,2017,2017,1,24,0.07
321,2017,2017,2,3,0.18
321,2017,2017,2,4,0.17
321,2017,2017,2,5,0.01
321,2017,2017,2,6,1.03
321,2017,2017,2,7,0.18
321,2017,2017,2,8,0.38
321,2017,2017,2,10,0.05
321,2017,2017,2,11,0.73
321,2017,2017,2,12,0.01
321,2017,2017,2,17,1.15
321,2017,2017,2,18,5.16
321,2017,2017,2,19,0.17
321,2017,2017,2,20,0.67
321,2017,2017,2,21,0.14
321,2017,2017,2,22,0.01
321,2017,2017,2,23,0.01
321,2017,2017,2,26,0.16
321,2017,2017,3,6,0.23
321,2017,2017,3,21,0.20
321,2017,2017,3,22,0.69
321,2017,2017,3,25,0.01
321,2017,2017,4,8,0.14
321,2017,2017,4,18,0.01
321,2017,2017,4,19,0.21
321,2017,2017,5,5,0.01
321,2017,2017,5,6,0.02
321,2017,2017,5,7,0.20
321,2017,2017,5,8,0.04
321,2017,2017,5,25,0.03
321,2017,2017,6,7,0.02
321,2017,2017,8,2,0.01
321,2018,2017,9,4,0.20
321,2018,2017,9,11,0.13
321,2018,2017,11,16,0.06
321,2018,2017,11,17,0.03
321,2018,2018,1,5,0.13
321,2018,2018,1,7,0.01
321,2018,2018,1,9,1.53
321,2018,2018,1,10,0.89
321,2018,2018,2,13,0.04
321,2018,2018,2,14,0.04
321,2018,2018,3,2,0.69
321,2018,2018,3,3,0.45
321,2018,2018,3,11,0.88
321,2018,2018,3,12,0.01
321,2018,2018,3,13,0.11
321,2018,2018,3,14,0.74
321,2018,2018,3,15,0.51
321,2018,2018,3,17,0.35
321,2018,2018,3,18,0.03
321,2018,2018,3,21,0.71
321,2018,2018,3,22,1.74
321,2018,2018,3,23,0.88
321,2018,2018,4,3,0.08
321,2018,2018,4,19,0.02
321,2018,2018,5,2,0.27
321,2018,2018,5,3,0.01
321,2018,2018,5,12,0.02
321,2018,2018,5,13,0.01
321,2018,2018,5,24,0.01
321,2018,2018,5,25,0.01
321,2018,2018,5,30,0.07
321,2018,2018,5,31,0.02
321,2018,2018,6,17,0.04
321,2018,2018,6,18,0.12
321,2018,2018,6,26,0.01
321,2018,2018,7,3,0.01
321,2018,2018,8,23,0.01
321,2019,2018,10,3,0.07
321,2019,2018,10,4,0.21
321,2019,2018,10,5,0.01
321,2019,2018,10,11,0.02
321,2019,2018,11,22,0.38
321,2019,2018,11,29,2.21
321,2019,2018,11,30,0.26
321,2019,2018,12,2,0.01
321,2019,2018,12,5,0.03
321,2019,2018,12,6,0.27
321,2019,2018,12,7,0.01
321,2019,2018,12,18,0.07
321,2019,2018,12,25,0.12
321,2019,2019,1,6,0.82
321,2019,2019,1,7,1.12
321,2019,2019,1,8,0.06
321,2019,2019,1,10,0.06
321,2019,2019,1,12,1.01
321,2019,2019,1,13,0.06
321,2019,2019,1,14,0.01
321,2019,2019,1,15,0.05
321,2019,2019,1,16,1.09
321,2019,2019,1,17,1.76
321,2019,2019,1,18,0.01
321,2019,2019,1,31,1.08
321,2019,2019,2,1,0.87
321,2019,2019,2,2,0.90
321,2019,2019,2,3,2.08
321,2019,2019,2,4,1.37
321,2019,2019,2,5,0.39
321,2019,2019,2,6,0.02
321,2019,2019,2,9,0.52
321,2019,2019,2,10,0.10
321,2019,2019,2,11,0.20
321,2019,2019,2,14,0.82
321,2019,2019,2,15,0.29
321,2019,2019,2,16,0.25
321,2019,2019,2,18,0.09
321,2019,2019,2,21,0.01
321,2019,2019,2,28,0.48
321,2019,2019,3,1,0.01
321,2019,2019,3,2,1.15
321,2019,2019,3,3,0.33
321,2019,2019,3,5,0.01
321,2019,2019,3,6,1.43
321,2019,2019,3,7,0.30
321,2019,2019,3,8,0.01
321,2019,2019,3,11,0.06
321,2019,2019,3,12,0.02
321,2019,2019,3,20,0.09
321,2019,2019,3,21,0.20
321,2019,2019,3,22,0.01
321,2019,2019,3,24,0.01
321,2019,2019,3,28,0.06
321,2019,2019,4,16,0.01
321,2019,2019,4,17,0.01
321,2019,2019,4,21,0.02
321,2019,2019,4,27,0.02
321,2019,2019,4,28,0.05
321,2019,2019,4,29,0.16
321,2019,2019,4,30,0.03
321,2019,2019,5,1,0.01
321,2019,2019,5,6,0.04
321,2019,2019,5,7,0.10
321,2019,2019,5,10,0.02
321,2019,2019,5,11,0.05
321,2019,2019,5,12,0.01
321,2019,2019,5,15,0.01
321,2019,2019,5,16,0.80
321,2019,2019,5,19,0.98
321,2019,2019,5,20,0.28
321,2019,2019,6,1,0.01
321,2019,2019,6,2,0.03
321,2019,2019,6,3,0.01
321,2019,2019,6,6,0.01
321,2019,2019,6,7,0.01
321,2019,2019,6,8,0.01
321,2019,2019,6,17,0.02
321,2019,2019,6,18,0.01
321,2019,2019,6,20,0.03
321,2019,2019,6,21,0.11
321,2019,2019,6,22,0.04
321,2019,2019,6,24,0.01
321,2019,2019,6,25,0.03
321,2019,2019,6,26,0.03
321,2019,2019,6,27,0.01
321,2019,2019,7,20,0.01
321,2019,2019,8,19,0.01
321,2020,2019,11,27,0.75
321,2020,2019,11,28,0.46
321,2020,2019,11,29,0.25
321,2020,2019,12,1,0.31
321,2020,2019,12,2,0.01
321,2020,2019,12,4,0.97
321,2020,2019,12,5,0.21
321,2020,2019,12,7,0.20
321,2020,2019,12,8,0.43
321,2020,2019,12,9,0.10
321,2020,2019,12,23,2.13
321,2020,2019,12,24,0.05
321,2020,2019,12,26,1.41
321,2020,2020,1,17,0.40
321,2020,2020,1,23,0.01
321,2020,2020,2,22,0.10
321,2020,2020,2,23,0.03
321,2020,2020,3,2,0.09
321,2020,2020,3,7,0.12
321,2020,2020,3,10,0.20
321,2020,2020,3,11,0.77
321,2020,2020,3,13,0.34
321,2020,2020,3,14,0.17
321,2020,2020,3,15,0.22
321,2020,2020,3,16,1.20
321,2020,2020,3,17,1.61
321,2020,2020,3,23,1.09
321,2020,2020,3,24,0.13
321,2020,2020,4,6,2.33
321,2020,2020,4,7,0.02
321,2020,2020,4,8,0.39
321,2020,2020,4,9,0.53
321,2020,2020,4,10,0.22
321,2020,2020,4,13,0.03
321,2020,2020,4,14,0.01
321,2020,2020,4,18,0.03
321,2020,2020,4,20,0.01
321,2020,2020,5,10,0.01
321,2020,2020,5,12,0.01
321,2020,2020,5,18,0.17
321,2020,2020,5,19,0.01
321,2020,2020,5,31,0.01
321,2020,2020,6,5,0.13
321,2020,2020,6,7,0.01
321,2020,2020,6,19,0.01
321,2020,2020,6,20,0.01
321,2020,2020,6,21,0.01
321,2020,2020,6,22,0.01
321,2020,2020,6,25,0.02
321,2020,2020,6,28,0.02
321,2020,2020,6,29,0.01
321,2020,2020,7,23,0.01
321,2020,2020,8,31,0.00