individual,year_month,dry_wt,spp,model,lfm_NAs_imputed,RWC,max_mpa_sample,mpa,gww_gdw,gww_gdw_saturated,fresh_wt,site,sample
2021_August_CECO_1.1,2021_August,12.5213,CECO,HP,176.0012419,100,1,-0.27,1.760012419,1.760012419,13.0882,1,1.1
2021_August_PIJE_1.1,2021_August,13.8687,PIJE,HP,150.7646011,86.32366134416782,1,-0.62,1.5076460109999998,1.746503783,16.3236,1,1.1
2021_August_QUKE_1.1,2021_August,7.9631,QUKE,HP,144.9417707,100,1,-0.3,1.449417707,1.449417707,8.9961,1,1.1
2021_August_ABCO_1.1,2021_August,13.4989,ABCO,HP,88.40811966,55.9475981435877,1,-3.59,0.8840811966,1.580195086,14.6574,1,1.1
2021_August_ARPA_1.1,2021_August,14.3239,ARPA,HP,89.14839603,62.34412087366115,1,-3.96,0.8914839603,1.429940703,16.2553,1,1.1
2021_August_CADE_1.1,2021_August,14.3077,CADE,HP,55.67990052,48.2773966107596,1,-6.02,0.5567990051999999,1.153332707,15.5615,1,1.1
2021_August_CECO_1.1,2021_August,6.4786,CECO,HP,56.23048538,31.948913980930264,1,-5.85,0.5623048538,1.760012419,6.6767,1,1.1
2021_August_PIJE_1.1,2021_August,15.9035,PIJE,HP,90.65215116,51.90492688443263,1,-3.61,0.9065215116,1.746503783,19.3675,1,1.1
2021_August_QUKE_1.1,2021_August,14.0148,QUKE,HP,13.50324783,9.316325973379321,1,-10,0.13503247829999998,1.449417707,14.2601,1,1.1
2021_August_ABCO_1.1,2021_August,14.8906,ABCO,HP,111.6615772,70.66315937144991,1,-3.35,1.116615772,1.580195086,17.9987,1,1.1
2021_August_ARPA_1.1,2021_August,6.685,ARPA,HP,98.55302279,68.92105566562084,1,-3.61,0.9855302279,1.429940703,7.1822,1,1.1
2021_August_CADE_1.1,2021_August,9.3211,CADE,HP,66.3587888,57.53655332693172,1,-4.32,0.663587888,1.153332707,10.7149,1,1.1
2021_August_CECO_1.1,2021_August,7.6202,CECO,HP,76.69798658,43.57809396798354,1,-4.99,0.7669798658000001,1.760012419,7.9059,1,1.1
2021_August_PIJE_1.1,2021_August,16.0214,PIJE,HP,100.7793034,57.70345554413265,1,-3.47,1.007793034,1.746503783,19.8234,1,1.1
2021_August_QUKE_1.1,2021_August,13.2353,QUKE,HP,82.76104329,57.09951167996873,1,-4.28,0.8276104329,1.449417707,14.1777,1,1.1
2021_August_ARPA_1.1,2021_August,9.4192,ARPA,HP,61.64920883,43.11312259358772,1,-5.5,0.6164920883,1.429940703,10.8023,1,1.1
2021_August_CADE_1.1,2021_August,8.5888,CADE,HP,71.02744097,61.584519834483466,1,-3.62,0.7102744097,1.153332707,9.5905,1,1.1
2021_August_CECO_1.1,2021_August,7.7217,CECO,HP,142.9965661,81.24747561795472,1,-1.41,1.429965661,1.760012419,8.5129,1,1.1
2021_August_PIJE_1.1,2021_August,16.3011,PIJE,HP,94.2267651,53.95165244826726,1,-3.65,0.942267651,1.746503783,20.2835,1,1.1
2021_August_QUKE_1.1,2021_August,12.9851,QUKE,HP,65.15750389,44.95426237400038,1,-5.88,0.6515750389,1.449417707,13.5291,1,1.1
2021_August_ARPA_1.1,2021_August,14.6805,ARPA,HP,49.54109975,34.64556232720931,1,-8.58,0.4954109975,1.429940703,15.9112,1,1.1
2021_August_CADE_1.1,2021_August,15.7823,CADE,HP,70.46716935,61.09873492905288,1,-5.1,0.7046716935,1.153332707,18.4084,1,1.1
2021_August_PIJE_1.1,2021_August,15.6149,PIJE,HP,97.24174435,55.67794659051134,1,-3.66,0.9724174435,1.746503783,18.9218,1,1.1
2021_August_ARPA_1.1,2021_August,13.4267,ARPA,HP,57.41776874,40.15395087330415,1,-5.98,0.5741776874,1.429940703,14.104,1,1.1
2021_August_CADE_1.1,2021_August,15.8817,CADE,HP,56.77561813,49.22744129721451,1,-7.53,0.5677561812999999,1.153332707,17.9644,1,1.1
2021_August_ABCO_1.1,2021_August,14.5271,ABCO,HP,137.4386082,86.97572180654156,1,-0.9,1.374386082,1.580195086,17.8292,1,1.1
2021_August_CECO_1.1,2021_August,6.351,CECO,HP,141.2965799,80.28158118354733,1,-1.19,1.4129657990000002,1.760012419,6.6278,1,1.1
2021_August_PIJE_1.1,2021_August,14.2638,PIJE,HP,155.683879,89.14030448452797,1,-0.98,1.5568387899999998,1.746503783,17.526,1,1.1
2021_August_QUKE_1.1,2021_August,7.6947,QUKE,HP,119.0030592,82.10404676669236,1,-1.87,1.190030592,1.449417707,8.356,1,1.1
2021_August_ABCO_1.1,2021_August,8.0951,ABCO,HP,140.5642707,88.95374498082701,1,-0.93,1.4056427070000002,1.580195086,9.2958,1,1.1
2021_August_CECO_1.1,2021_August,8.0002,CECO,HP,94.66228181,53.78500787158366,1,-3.54,0.9466228180999999,1.760012419,8.7486,1,1.1
2021_August_PIJE_1.1,2021_August,15.2406,PIJE,HP,174.6503783,100,1,-0.26,1.746503783,1.746503783,20.5732,1,1.1
2021_August_QUKE_1.1,2021_August,7.7326,QUKE,HP,111.3126649,76.79819582885777,1,-3.14,1.113126649,1.449417707,8.4076,1,1.1
2021_August_ABCO_1.1,2021_August,7.0352,ABCO,HP,158.0195086,100,1,-1.84,1.580195086,1.580195086,8.315,1,1.1
2021_August_ARPA_1.1,2021_August,14.3498,ARPA,HP,134.0813661,93.76708126336901,1,-1.2,1.3408136609999999,1.429940703,17.2237,1,1.1
2021_August_CADE_1.1,2021_August,14.4724,CADE,HP,92.14957265,79.89851678592863,1,-2.28,0.9214957265,1.153332707,16.6287,1,1.1
2021_August_CECO_1.1,2021_August,6.5486,CECO,HP,87.83281734,49.904657712531744,1,-4.72,0.8783281734,1.760012419,6.8323,1,1.1
2021_August_PIJE_1.1,2021_August,16.9665,PIJE,HP,125.8938622,72.08336072639358,1,-2.48,1.258938622,1.746503783,23.1178,1,1.1
2021_August_QUKE_1.1,2021_August,8.4044,QUKE,HP,67.93563905,46.8709873778298,1,-6.06,0.6793563905000001,1.449417707,9.2235,1,1.1
2021_August_ABCO_1.1,2021_August,13.3799,ABCO,HP,142.9879558,90.48753351204891,1,-0.33,1.429879558,1.580195086,15.1132,1,1.1
2021_August_ARPA_1.1,2021_August,8.572,ARPA,HP,125.7960216,87.97289379628212,1,-1.63,1.257960216,1.429940703,10.3617,1,1.1
2021_August_CADE_1.1,2021_August,8.4507,CADE,HP,107.7346329,93.41158214461355,1,-2.91,1.077346329,1.153332707,9.8213,1,1.1
2021_August_CECO_1.1,2021_August,6.3237,CECO,HP,131.0719132,74.47215246041966,1,-2.63,1.310719132,1.760012419,6.1569,1,1.1
2021_August_PIJE_1.1,2021_August,15.9291,PIJE,HP,108.3905416,62.06144106588517,1,-2.81,1.0839054160000001,1.746503783,20.05,1,1.1
2021_August_QUKE_1.1,2021_August,8.4974,QUKE,HP,61.28348721,42.281453382299546,1,-7.61,0.6128348721,1.449417707,9.3072,1,1.1
2021_August_ABCO_1.1,2021_August,13.5888,ABCO,HP,146.5561589,92.74561109475569,1,-2.44,1.4655615890000002,1.580195086,15.64,1,1.1
2021_August_ARPA_1.1,2021_August,9.8193,ARPA,HP,122.6295876,85.75851246329617,1,-2.19,1.226295876,1.429940703,13.0604,1,1.1
2021_August_CADE_1.1,2021_August,8.2832,CADE,HP,115.3332707,100,1,-0.19,1.153332707,1.153332707,9.51,1,1.1
2021_August_CECO_1.1,2021_August,7.6306,CECO,HP,56.80984809,32.27809501610114,1,-8.27,0.5680984809,1.760012419,7.8475,1,1.1
2021_August_PIJE_1.1,2021_August,17.1798,PIJE,HP,114.1330714,65.34945558717979,1,-2.64,1.141330714,1.746503783,22.8731,1,1.1
2021_August_QUKE_1.1,2021_August,8.1301,QUKE,HP,50.55008022,34.87612989400301,1,-9.97,0.5055008021999999,1.449417707,8.5712,1,1.1
2021_August_ARPA_1.1,2021_August,13.3381,ARPA,HP,142.9940703,100,1,-0.47,1.429940703,1.429940703,15.0985,1,1.1
2021_August_CADE_1.1,2021_August,8.9301,CADE,HP,83.19573746,72.13507165369933,1,-3.73,0.8319573746000001,1.153332707,10.351,1,1.1
2021_August_CECO_1.1,2021_August,7.6599,CECO,HP,112.8407852,64.11363009819763,1,-3.02,1.128407852,1.760012419,8.0738,1,1.1
2021_August_PIJE_1.1,2021_August,16.3232,PIJE,HP,26.86965941,15.384827488804815,1,-1.22,0.2686965941,1.746503783,17.4395,1,1.1
2021_August_QUKE_1.1,2021_August,13.3662,QUKE,HP,21.31041493,14.702742230263095,1,-9.37,0.2131041493,1.449417707,13.5968,1,1.1
2021_August_ABCO_1.1,2021_August,7.8476,ABCO,HP,103.2990072,65.37104697717051,1,-3.12,1.032990072,1.580195086,9.5228,1,1.1
2021_August_ARPA_1.1,2021_August,13.5749,ARPA,HP,134.7334059,94.22307205979295,1,-0.37,1.347334059,1.429940703,15.4322,1,1.1
2021_August_CADE_1.1,2021_August,8.6368,CADE,HP,95.90550136,83.15510414116784,1,-1.82,0.9590550136,1.153332707,10.082,1,1.1
2021_August_CECO_1.1,2021_August,7.6285,CECO,HP,6.401766004,3.637341381737148,1,-4.27,0.06401766004,1.760012419,7.6546,1,1.1
2021_August_PIJE_1.1,2021_August,14.0139,PIJE,HP,168.0665237,96.23026605262154,1,-1.81,1.6806652370000001,1.746503783,17.2275,1,1.1
2021_August_QUKE_1.1,2021_August,12.4874,QUKE,HP,88.99151273,61.39811339423632,1,-4.29,0.8899151273,1.449417707,12.8439,1,1.1
2021_August_ABCO_1.1,2021_August,13.5899,ABCO,HP,129.8600858,82.17978080714016,1,-3.07,1.2986008580000001,1.580195086,15.4369,1,1.1
2021_August_ARPA_1.1,2021_August,14.0056,ARPA,HP,74.15410862,51.85817038736326,1,-3.89,0.7415410862,1.429940703,15.3096,1,1.1
2021_August_CADE_1.1,2021_August,14.8183,CADE,HP,59.60884665,51.68399915151283,1,-6.24,0.5960884664999999,1.153332707,16.4489,1,1.1
2021_August_CECO_1.1,2021_August,7.7697,CECO,HP,27.14592275,15.423710910758068,1,-10,0.2714592275,1.760012419,7.9215,1,1.1
2021_August_PIJE_1.1,2021_August,14.3302,PIJE,HP,117.8933031,67.50246077193867,1,-3.27,1.178933031,1.746503783,16.9268,1,1.1
2021_August_QUKE_1.1,2021_August,13.5442,QUKE,HP,98.86787146,68.2121316598487,1,-2.8,0.9886787146,1.449417707,14.9502,1,1.1
2021_August_CECO_1.2,2021_August,12.6505,CECO,HP,141.5480427,100,1,-0.16,1.4154804269999999,1.4154804269999999,13.446,1,1.2
2021_August_PIJE_1.2,2021_August,16.631,PIJE,HP,121.8541458,82.39564133786206,1,-0.29,1.218541458,1.4788906769999999,22.2185,1,1.2
2021_August_QUKE_1.2,2021_August,8.0775,QUKE,HP,128.3840948,100,1,-0.24,1.2838409480000001,1.2838409480000001,9.2915,1,1.2
2021_August_ABCO_1.2,2021_August,14.2404,ABCO,HP,112.0218066,68.45209367504869,1,-4.17,1.120218066,1.636499347,16.624,1,1.2
2021_August_ARPA_1.2,2021_August,13.4289,ARPA,HP,95.33083247,61.34061568365764,1,-3.33,0.9533083247,1.554122524,14.6233,1,1.2
2021_August_CADE_1.2,2021_August,14.7269,CADE,HP,95.14566914,84.78830143935241,1,-2.27,0.9514566914,1.122155622,17.1534,1,1.2
2021_August_CECO_1.2,2021_August,6.974,CECO,HP,100.3160956,70.87070487623211,1,-3.27,1.0031609559999999,1.4154804269999999,7.7674,1,1.2
2021_August_PIJE_1.2,2021_August,17.7958,PIJE,HP,104.8753414,70.9148708765577,1,-2.93,1.0487534139999999,1.4788906769999999,23.748,1,1.2
2021_August_QUKE_1.2,2021_August,14.0363,QUKE,HP,77.74511405,60.556655535183936,1,-4.49,0.7774511405,1.2838409480000001,15.4644,1,1.2
2021_August_ARPA_1.2,2021_August,13.076,ARPA,HP,51.66786411,33.24568257142124,1,-5.3,0.5166786411,1.554122524,13.5794,1,1.2
2021_August_CADE_1.2,2021_August,8.9145,CADE,HP,38.227696,34.06630528826955,1,-10,0.38227696,1.122155622,9.5508,1,1.2
2021_August_CECO_1.2,2021_August,7.6892,CECO,HP,85.70536829,60.54860714086017,1,-3.8,0.8570536829,1.4154804269999999,8.1011,1,1.2
2021_August_PIJE_1.2,2021_August,15.4717,PIJE,HP,95.61188498,64.65108372577834,1,-4.28,0.9561188498,1.4788906769999999,18.6703,1,1.2
2021_August_ARPA_1.2,2021_August,8.1618,ARPA,HP,77.6541006,49.96652413230194,1,-4.36,0.7765410060000001,1.554122524,8.9013,1,1.2
2021_August_CADE_1.2,2021_August,14.3038,CADE,HP,66.22551112,59.01633411769335,1,-5.04,0.6622551111999999,1.122155622,15.6999,1,1.2
2021_August_CECO_1.2,2021_August,7.806,CECO,HP,18.84364534,13.312543911283628,1,-10,0.18843645339999998,1.4154804269999999,7.9129,1,1.2
2021_August_PIJE_1.2,2021_August,16.5038,PIJE,HP,91.74852652,62.03874833136162,1,-3.63,0.9174852652,1.4788906769999999,20.4266,1,1.2
2021_August_ARPA_1.2,2021_August,13.2307,ARPA,HP,70.01837753,45.05331880126589,1,-5.46,0.7001837753,1.554122524,14.0308,1,1.2
2021_August_CADE_1.2,2021_August,14.9139,CADE,HP,64.41099094,57.399338984018385,1,-6.29,0.6441099094,1.122155622,16.6767,1,1.2
2021_August_PIJE_1.2,2021_August,20.949,PIJE,HP,100.6875443,68.08315575039629,1,-3.24,1.006875443,1.4788906769999999,29.765,1,1.2
2021_August_CADE_1.2,2021_August,15.9776,CADE,HP,68.43146565,60.982152839047146,1,-5.99,0.6843146565000001,1.122155622,18.5717,1,1.2
2021_August_ABCO_1.2,2021_August,14.3223,ABCO,HP,163.6499347,100,1,-0.82,1.636499347,1.636499347,17.8303,1,1.2
2021_August_CECO_1.2,2021_August,6.9725,CECO,HP,107.37891020000001,75.8603991632588,1,-1.16,1.073789102,1.4154804269999999,7.8238,1,1.2
2021_August_PIJE_1.2,2021_August,13.8985,PIJE,HP,147.8890677,100,1,-0.53,1.4788906769999999,1.4788906769999999,16.2875,1,1.2
2021_August_QUKE_1.2,2021_August,8.3653,QUKE,HP,115.5910812,90.03535942678158,1,-0.72,1.1559108120000001,1.2838409480000001,9.7391,1,1.2
2021_August_ABCO_1.2,2021_August,7.955,ABCO,HP,160.0230267,97.78374002614252,1,-1.84,1.600230267,1.636499347,9.2059,1,1.2
2021_August_CECO_1.2,2021_August,8.4825,CECO,HP,80.03330196,56.54144023003154,1,-4.52,0.8003330196,1.4154804269999999,9.588,1,1.2
2021_August_PIJE_1.2,2021_August,14.2865,PIJE,HP,110.628749,74.80522442971625,1,-1.04,1.10628749,1.4788906769999999,16.8501,1,1.2
2021_August_QUKE_1.2,2021_August,8.1694,QUKE,HP,100.4155125,78.21491646331256,1,-2.76,1.004155125,1.2838409480000001,9.1119,1,1.2
2021_August_ABCO_1.2,2021_August,9.0567,ABCO,HP,133.4612433,81.55288515370242,1,-2.56,1.334612433,1.636499347,11.4913,1,1.2
2021_August_ARPA_1.2,2021_August,13.4695,ARPA,HP,129.3972179,83.2606283621432,1,-1.06,1.2939721789999998,1.554122524,15.1439,1,1.2
2021_August_CECO_1.2,2021_August,7.9519,CECO,HP,114.8043185,81.10625644136866,1,-2.32,1.148043185,1.4154804269999999,8.8026,1,1.2
2021_August_PIJE_1.2,2021_August,17.1139,PIJE,HP,97.97739322,66.25059900894892,1,-2.03,0.9797739322,1.4788906769999999,22.0113,1,1.2
2021_August_QUKE_1.2,2021_August,8.2,QUKE,HP,34.15248263,26.60180194688727,1,-10,0.34152482630000003,1.2838409480000001,8.5391,1,1.2
2021_August_ABCO_1.2,2021_August,13.6371,ABCO,HP,159.7536061,97.6191077575786,1,-0.48,1.5975360610000002,1.636499347,16.2176,1,1.2
2021_August_ARPA_1.2,2021_August,7.8268,ARPA,HP,155.4122524,100,1,-0.58,1.554122524,1.554122524,8.839,1,1.2
2021_August_CADE_1.2,2021_August,8.6335,CADE,HP,95.24142268,84.87363144004281,1,-2.97,0.9524142268,1.122155622,9.9965,1,1.2
2021_August_CECO_1.2,2021_August,7.0142,CECO,HP,75.29178338,53.19168103198364,1,-5.3,0.7529178338,1.4154804269999999,7.6593,1,1.2
2021_August_PIJE_1.2,2021_August,17.8305,PIJE,HP,105.9611862,71.6491001315576,1,-1.86,1.059611862,1.4788906769999999,23.8474,1,1.2
2021_August_QUKE_1.2,2021_August,8.2879,QUKE,HP,35.89832267,27.961658900133475,1,-2.59,0.3589832267,1.2838409480000001,8.7031,1,1.2
2021_August_ABCO_1.2,2021_August,13.5207,ABCO,HP,128.5621387,78.55923617426289,1,-2.79,1.285621387,1.636499347,15.3,1,1.2
2021_August_ARPA_1.2,2021_August,7.9529,ARPA,HP,123.7781069,79.64501188839343,1,-1.96,1.237781069,1.554122524,8.8722,1,1.2
2021_August_CADE_1.2,2021_August,13.9978,CADE,HP,112.2155622,100,1,-0.37,1.122155622,1.122155622,16.0197,1,1.2
2021_August_CECO_1.2,2021_August,7.7744,CECO,HP,101.5272863,71.72637951284085,1,-1.95,1.015272863,1.4154804269999999,8.3195,1,1.2
2021_August_PIJE_1.2,2021_August,16.9479,PIJE,HP,98.68658201,66.73014006024462,1,-2.37,0.9868658200999999,1.4788906769999999,21.7116,1,1.2
2021_August_QUKE_1.2,2021_August,8.4499,QUKE,HP,37.5088968,29.216155520224145,1,-7.87,0.375088968,1.2838409480000001,8.9242,1,1.2
2021_August_ABCO_1.2,2021_August,8.1021,ABCO,HP,118.4429327,72.37578977170223,1,-3.05,1.184429327,1.636499347,9.199,1,1.2
2021_August_ARPA_1.2,2021_August,13.7016,ARPA,HP,111.3907532,71.67437025061739,1,-2.84,1.113907532,1.554122524,15.4941,1,1.2
2021_August_CADE_1.2,2021_August,9.9883,CADE,HP,65.28011102,58.17384838624461,1,-1.06,0.6528011102000001,1.122155622,11.7758,1,1.2
2021_August_PIJE_1.2,2021_August,16.6741,PIJE,HP,106.5631632,72.0561464463137,1,-2.66,1.065631632,1.4788906769999999,21.4444,1,1.2
2021_August_QUKE_1.2,2021_August,13.3177,QUKE,HP,105.0114254,81.7947313205654,1,-2.17,1.050114254,1.2838409480000001,14.6504,1,1.2
2021_August_ABCO_1.2,2021_August,8.2145,ABCO,HP,112.0822128,68.489005513792,1,-3.48,1.120822128,1.636499347,9.3815,1,1.2
2021_August_ARPA_1.2,2021_August,13.0962,ARPA,HP,153.0903328,98.50596103965866,1,-0.08,1.530903328,1.554122524,14.6418,1,1.2
2021_August_CADE_1.2,2021_August,8.5229,CADE,HP,94.04923296,83.8112211142137,1,-1.43,0.9404923296,1.122155622,9.841,1,1.2
2021_August_CECO_1.2,2021_August,8.0909,CECO,HP,45.94782609,32.460940620269,1,-8.92,0.4594782609,1.4154804269999999,8.4872,1,1.2
2021_August_PIJE_1.2,2021_August,19.2087,PIJE,HP,98.45766713,66.57535182365613,1,-2.51,0.9845766713,1.4788906769999999,26.1733,1,1.2
2021_August_QUKE_1.2,2021_August,6.8473,QUKE,HP,90.19548416,70.25440674758724,1,-3.58,0.9019548416000001,1.2838409480000001,7.4425,1,1.2
2021_August_ABCO_1.2,2021_August,13.8703,ABCO,HP,113.4798408,69.34304068500188,1,-3.46,1.134798408,1.636499347,15.8377,1,1.2
2021_August_ARPA_1.2,2021_August,14.0033,ARPA,HP,67.0212766,43.12483447411897,1,-5.25,0.6702127659999999,1.554122524,15.2696,1,1.2
2021_August_CADE_1.2,2021_August,15.0295,CADE,HP,77.04952956,68.6620715072263,1,-3.52,0.7704952956,1.122155622,17.1996,1,1.2
2021_August_CECO_1.2,2021_August,7.8461,CECO,HP,91.49804178,64.64097986428744,1,-3.4,0.9149804178,1.4154804269999999,8.4068,1,1.2
2021_August_PIJE_1.2,2021_August,16.8009,PIJE,HP,76.17929061,51.51110342012116,1,-3.35,0.7617929061,1.4788906769999999,20.3683,1,1.2
2021_August_QUKE_1.2,2021_August,13.4446,QUKE,HP,85.10328276,66.28802648223368,1,-3.72,0.8510328276,1.2838409480000001,14.4375,1,1.2
2021_August_CECO_1.3,2021_August,13.4955,CECO,HP,154.7234574,100,1,-0.27,1.547234574,1.547234574,15.4789,1,1.3
2021_August_PIJE_1.3,2021_August,17.021,PIJE,HP,144.9150641,93.27328876472838,1,-0.37,1.449150641,1.553660925,24.1272,1,1.3
2021_August_QUKE_1.3,2021_August,7.8888,QUKE,HP,146.8228404,98.85588810899881,1,-0.73,1.468228404,1.485220994,8.8916,1,1.3
2021_August_ABCO_1.3,2021_August,14.0139,ABCO,HP,92.94380066,47.91747628801611,1,-4.37,0.9294380066,1.939663936,15.7223,1,1.3
2021_August_ARPA_1.3,2021_August,13.9572,ARPA,HP,74.62133776,47.52834163659871,1,-4.64,0.7462133776000001,1.570038743,15.3071,1,1.3
2021_August_CADE_1.3,2021_August,13.6341,CADE,HP,81.1805608,63.209855270574586,1,-3.79,0.8118056079999999,1.2843022730000002,14.7082,1,1.3
2021_August_CECO_1.3,2021_August,8.1652,CECO,HP,61.56560088,39.79073497616916,1,-7.56,0.6156560087999999,1.547234574,8.7236,1,1.3
2021_August_PIJE_1.3,2021_August,17.9234,PIJE,HP,93.66510459,60.28670933459951,1,-3.38,0.9366510459,1.553660925,23.4399,1,1.3
2021_August_QUKE_1.3,2021_August,13.425,QUKE,HP,48.23085847,32.47385989347252,1,-8.66,0.4823085847,1.485220994,14.0902,1,1.3
2021_August_ABCO_1.3,2021_August,13.4467,ABCO,HP,105.3002674,54.28789258058361,1,-3.97,1.053002674,1.939663936,14.746,1,1.3
2021_August_ARPA_1.3,2021_August,13.9168,ARPA,HP,62.35839643,39.7177437232197,1,-6.41,0.6235839643,1.570038743,14.9792,1,1.3
2021_August_CADE_1.3,2021_August,7.2344,CADE,HP,71.8626791,55.95464604460758,1,-5.22,0.7186267909999999,1.2843022730000002,7.9817,1,1.3
2021_August_PIJE_1.3,2021_August,16.5972,PIJE,HP,98.64357542,63.491057690081256,1,-3.51,0.9864357542000001,1.553660925,21.0115,1,1.3
2021_August_QUKE_1.3,2021_August,13.3662,QUKE,HP,64.72906404,43.582109532179146,1,-6.22,0.6472906404,1.485220994,14.1546,1,1.3
2021_August_ARPA_1.3,2021_August,8.3071,ARPA,HP,72.05919878,45.89644625094452,1,-5.06,0.7205919878,1.570038743,9.1543,1,1.3
2021_August_CADE_1.3,2021_August,10.0834,CADE,HP,72.61498516,56.540416291858406,1,-5.36,0.7261498516,1.2843022730000002,12.0411,1,1.3
2021_August_PIJE_1.3,2021_August,18.2111,PIJE,HP,80.67031664,51.92272994829936,1,-3.71,0.8067031664,1.553660925,23.1766,1,1.3
2021_August_ARPA_1.3,2021_August,13.2119,ARPA,HP,60.10968921,38.285481474898866,1,-6.13,0.6010968921,1.570038743,13.8695,1,1.3
2021_August_ARPA_1.3,2021_August,14.5665,ARPA,HP,68.6556672,43.728645236367896,1,-5.56,0.6865566719999999,1.570038743,16.2268,1,1.3
2021_August_CADE_1.3,2021_August,14.5194,CADE,HP,72.99382716,56.83539513598601,1,-4.96,0.7299382715999999,1.2843022730000002,16.2222,1,1.3
2021_August_ABCO_1.3,2021_August,13.8715,ABCO,HP,193.9663936,100,1,-0.8,1.939663936,1.939663936,17.1152,1,1.3
2021_August_CECO_1.3,2021_August,6.6858,CECO,HP,113.2055822,73.16639900783395,1,-1.14,1.1320558219999999,1.547234574,7.2293,1,1.3
2021_August_PIJE_1.3,2021_August,13.9896,PIJE,HP,155.3660925,100,1,-0.52,1.553660925,1.553660925,16.6866,1,1.3
2021_August_QUKE_1.3,2021_August,7.443,QUKE,HP,106.5507152,71.74064710264928,1,-2.43,1.065507152,1.485220994,8.754,1,1.3
2021_August_ABCO_1.3,2021_August,8.1006,ABCO,HP,174.6721311,90.05278072046393,1,-2.32,1.746721311,1.939663936,9.5923,1,1.3
2021_August_CECO_1.3,2021_August,7.562,CECO,HP,80.59440559,52.08932565515434,1,-4.77,0.8059440559,1.547234574,7.8847,1,1.3
2021_August_PIJE_1.3,2021_August,15.7026,PIJE,HP,99.64911341,64.1382632507154,1,-1.1,0.9964911341,1.553660925,19.4229,1,1.3
2021_August_QUKE_1.3,2021_August,8.0709,QUKE,HP,92.43262753,62.234931975382516,1,-3.57,0.9243262753,1.485220994,8.8392,1,1.3
2021_August_ABCO_1.3,2021_August,8.1117,ABCO,HP,177.6659292,91.59624298958971,1,-0.44,1.776659292,1.939663936,9.7178,1,1.3
2021_August_ARPA_1.3,2021_August,15.1187,ARPA,HP,120.5217099,76.76352601956141,1,-1.12,1.205217099,1.570038743,18.6994,1,1.3
2021_August_CADE_1.3,2021_August,15.029,CADE,HP,108.2895505,84.31780646704499,1,-2.22,1.082895505,1.2843022730000002,18.1825,1,1.3
2021_August_CECO_1.3,2021_August,8.0013,CECO,HP,108.8945041,70.38008711147118,1,-2.46,1.0889450410000001,1.547234574,8.8632,1,1.3
2021_August_PIJE_1.3,2021_August,17.0831,PIJE,HP,98.34173896,63.29678334415214,1,-1.93,0.9834173896,1.553660925,21.9579,1,1.3
2021_August_QUKE_1.3,2021_August,6.9102,QUKE,HP,46.630558,31.396376827676324,1,-10,0.46630558,1.485220994,7.2804,1,1.3
2021_August_ABCO_1.3,2021_August,8.7871,ABCO,HP,152.7032209,78.72663819017357,1,-2.61,1.527032209,1.939663936,11.1766,1,1.3
2021_August_ARPA_1.3,2021_August,8.3037,ARPA,HP,122.8486141,78.24559403245249,1,-2.03,1.228486141,1.570038743,9.7441,1,1.3
2021_August_CADE_1.3,2021_August,8.716,CADE,HP,106.9399767,83.2669839088574,1,-2.98,1.069399767,1.2843022730000002,10.2785,1,1.3
2021_August_CECO_1.3,2021_August,6.5952,CECO,HP,69.40598481,44.858088085872886,1,-6.43,0.6940598481000001,1.547234574,6.906,1,1.3
2021_August_PIJE_1.3,2021_August,16.0998,PIJE,HP,126.8809009,81.66576043611317,1,-2.53,1.268809009,1.553660925,21.2603,1,1.3
2021_August_QUKE_1.3,2021_August,8.5488,QUKE,HP,37.97507073,25.568633141742403,1,-7.57,0.3797507073,1.485220994,9.0454,1,1.3
2021_August_ABCO_1.3,2021_August,13.0797,ABCO,HP,136.9865662,70.62386615410063,1,-3.31,1.369865662,1.939663936,14.4971,1,1.3
2021_August_ARPA_1.3,2021_August,7.8928,ARPA,HP,113.1455399,72.0654445022189,1,-3.31,1.131455399,1.570038743,8.7604,1,1.3
2021_August_CADE_1.3,2021_August,7.3101,CADE,HP,128.4302273,100,1,-0.25,1.2843022730000002,1.2843022730000002,8.7394,1,1.3
2021_August_CECO_1.3,2021_August,8.4557,CECO,HP,72.91033122,47.1229976664159,1,-4.68,0.7291033122,1.547234574,9.3428,1,1.3
2021_August_PIJE_1.3,2021_August,17.6482,PIJE,HP,105.4851238,67.89455929710016,1,-2.29,1.054851238,1.553660925,23.406,1,1.3
2021_August_QUKE_1.3,2021_August,6.8795,QUKE,HP,148.5220994,100,1,-1.35,1.485220994,1.485220994,7.9548,1,1.3
2021_August_ABCO_1.3,2021_August,7.6925,ABCO,HP,125.0851064,64.48803015740557,1,-3.28,1.250851064,1.939663936,8.2804,1,1.3
2021_August_ARPA_1.3,2021_August,13.2778,ARPA,HP,157.0038743,100,1,-0.58,1.570038743,1.570038743,15.1014,1,1.3
2021_August_CADE_1.3,2021_August,10.002,CADE,HP,79.82855612,62.157139949249306,1,-3.49,0.7982855612,1.2843022730000002,12.088,1,1.3
2021_August_CECO_1.3,2021_August,7.6037,CECO,HP,39.73866257,25.683670231893363,1,-10,0.39738662570000005,1.547234574,7.7588,1,1.3
2021_August_PIJE_1.3,2021_August,13.8399,PIJE,HP,141.1749921,90.86602477306946,1,-2.45,1.411749921,1.553660925,16.0867,1,1.3
2021_August_QUKE_1.3,2021_August,13.1731,QUKE,HP,97.98984342,65.97660807102757,1,-4.33,0.9798984342,1.485220994,14.0993,1,1.3
2021_August_ABCO_1.3,2021_August,7.7692,ABCO,HP,192.0289855,99.00116300352764,1,-3.55,1.920289855,1.939663936,8.7762,1,1.3
2021_August_ARPA_1.3,2021_August,13.6517,ARPA,HP,123.6514523,78.7569433246782,1,-0.16,1.236514523,1.570038743,15.3801,1,1.3
2021_August_CADE_1.3,2021_August,8.8985,CADE,HP,103.9369123,80.92869917392102,1,-2.07,1.039369123,1.2843022730000002,10.6119,1,1.3
2021_August_CECO_1.3,2021_August,7.8986,CECO,HP,111.824611,72.27385742221658,1,-1.91,1.11824611,1.547234574,8.6892,1,1.3
2021_August_PIJE_1.3,2021_August,17.4682,PIJE,HP,104.4467406,67.22621320993832,1,-1.18,1.0444674059999999,1.553660925,23.0279,1,1.3
2021_August_QUKE_1.3,2021_August,13.3309,QUKE,HP,76.32659507,51.39073267772566,1,-5.61,0.7632659506999999,1.485220994,14.2975,1,1.3
2021_August_ABCO_1.3,2021_August,13.2422,ABCO,HP,110.2941176,56.862488162485484,1,-3.21,1.102941176,1.939663936,14.5622,1,1.3
2021_August_ARPA_1.3,2021_August,14.0405,ARPA,HP,95.24553571,60.66444929123638,1,-3.58,0.9524553571,1.570038743,15.7473,1,1.3
2021_August_CADE_1.3,2021_August,13.593,CADE,HP,103.1042902,80.28039221573502,1,-2.69,1.031042902,1.2843022730000002,15.071,1,1.3
2021_August_CECO_1.3,2021_August,6.7963,CECO,HP,102.690167,66.37013464255745,1,-3.03,1.02690167,1.547234574,7.4605,1,1.3
2021_August_PIJE_1.3,2021_August,15.1613,PIJE,HP,95.82673529,61.67802365886237,1,-2.91,0.9582673529,1.553660925,18.066,1,1.3
2021_August_QUKE_1.3,2021_August,13.4446,QUKE,HP,76.6895806,51.6351310073119,1,-6.74,0.766895806,1.485220994,14.4375,1,1.3
2021_August_CECO_1.4,2021_August,12.6273,CECO,HP,168.7809713,100,1,-0.21,1.687809713,1.687809713,13.4788,1,1.4
2021_August_PIJE_1.4,2021_August,14.7963,PIJE,HP,124.7971866,100,1,-0.49,1.247971866,1.247971866,17.9191,1,1.4
2021_August_QUKE_1.4,2021_August,7.8019,QUKE,HP,131.7876106,100,1,-0.28,1.317876106,1.317876106,8.5465,1,1.4
2021_August_ABCO_1.4,2021_August,15.0533,ABCO,HP,122.83,83.15755870229874,1,-3.15,1.2283,1.477075589,18.7382,1,1.4
2021_August_ARPA_1.4,2021_August,12.856,ARPA,HP,54.49482896,38.73884096441916,1,-8.47,0.5449482896,1.4067232680000001,13.267,1,1.4
2021_August_CADE_1.4,2021_August,14.2661,CADE,HP,87.24526151,70.47931440099907,1,-3.58,0.8724526151,1.237884651,16.1027,1,1.4
2021_August_CECO_1.4,2021_August,6.4268,CECO,HP,55.69439486,32.99802959482081,1,-8.66,0.5569439486000001,1.687809713,6.5828,1,1.4
2021_August_PIJE_1.4,2021_August,15.4245,PIJE,HP,114.3088318,91.59568009043562,1,-1.42,1.143088318,1.247971866,19.0977,1,1.4
2021_August_QUKE_1.4,2021_August,13.5282,QUKE,HP,50.41498347,38.254721548157434,1,-7.98,0.5041498347000001,1.317876106,14.2146,1,1.4
2021_August_ARPA_1.4,2021_August,6.9203,ARPA,HP,78.48718991,55.79433545702892,1,-4.7,0.7848718991,1.4067232680000001,7.4993,1,1.4
2021_August_CADE_1.4,2021_August,8.7609,CADE,HP,45.1201443,36.44939313493435,1,-9.79,0.451201443,1.237884651,9.4613,1,1.4
2021_August_CECO_1.4,2021_August,7.7308,CECO,HP,92.2104827,54.633221973880175,1,-3.21,0.922104827,1.687809713,8.1759,1,1.4
2021_August_PIJE_1.4,2021_August,18.4133,PIJE,HP,94.72439044,75.90266497241693,1,-3.39,0.9472439044,1.247971866,24.299,1,1.4
2021_August_QUKE_1.4,2021_August,14.072,QUKE,HP,61.70235263,46.81953967378479,1,-6.49,0.6170235263,1.317876106,15.2391,1,1.4
2021_August_ARPA_1.4,2021_August,8.1803,ARPA,HP,35.85255354,25.48657177681659,1,-10,0.35852553540000004,1.4067232680000001,8.5285,1,1.4
2021_August_CADE_1.4,2021_August,8.3884,CADE,HP,59.56566701,48.1189155725302,1,-6.21,0.5956566701,1.237884651,9.1372,1,1.4
2021_August_CECO_1.4,2021_August,8.0933,CECO,HP,69.79850577,41.354487554131055,1,-5.27,0.6979850577000001,1.687809713,8.7099,1,1.4
2021_August_PIJE_1.4,2021_August,14.0208,PIJE,HP,65.01074255,52.093115494961005,1,-3.66,0.6501074255,1.247971866,15.2614,1,1.4
2021_August_ARPA_1.4,2021_August,13.3145,ARPA,HP,40.70670709,28.937252987842093,1,-10,0.4070670709,1.4067232680000001,13.7442,1,1.4
2021_August_CADE_1.4,2021_August,13.3817,CADE,HP,51.67977712,41.74845942087701,1,-10,0.5167977711999999,1.237884651,14.0124,1,1.4
2021_August_CECO_1.4,2021_August,6.462,CECO,HP,108.8543689,64.4944557799212,1,-1.17,1.088543689,1.687809713,6.7423,1,1.4
2021_August_PIJE_1.4,2021_August,14.7476,PIJE,HP,75.02521008,60.117709480479576,1,-4.68,0.7502521007999999,1.247971866,16.7564,1,1.4
2021_August_CADE_1.4,2021_August,15.838,CADE,HP,71.44831866,57.718074622124064,1,-4.52,0.7144831866,1.237884651,18.3707,1,1.4
2021_August_CADE_1.4,2021_August,14.9076,CADE,HP,55.34689805,44.71086866235004,1,-6.04,0.5534689805,1.237884651,16.4608,1,1.4
2021_August_CECO_1.4,2021_August,7.843,CECO,HP,116.7687075,69.1835735987378,1,-1.05,1.1676870750000001,1.687809713,8.5296,1,1.4
2021_August_PIJE_1.4,2021_August,16.1703,PIJE,HP,109.6759919,87.88338494483335,1,-0.55,1.096759919,1.247971866,20.6317,1,1.4
2021_August_QUKE_1.4,2021_August,6.9061,QUKE,HP,103.7851378,78.75181690258219,1,-2.64,1.037851378,1.317876106,7.6519,1,1.4
2021_August_ABCO_1.4,2021_August,8.105,ABCO,HP,147.7075589,100,1,-2.17,1.477075589,1.477075589,9.4162,1,1.4
2021_August_CECO_1.4,2021_August,8.3394,CECO,HP,89.17591413,52.835289098730286,1,-3.62,0.8917591413,1.687809713,9.3198,1,1.4
2021_August_PIJE_1.4,2021_August,15.485,PIJE,HP,123.5783551,99.02335017863294,1,-1.16,1.235783551,1.247971866,19.614,1,1.4
2021_August_QUKE_1.4,2021_August,7.85,QUKE,HP,108.2763975,82.15976980464353,1,-4.19,1.082763975,1.317876106,8.5473,1,1.4
2021_August_ABCO_1.4,2021_August,8.4825,ABCO,HP,142.989749,96.8059793722581,1,-1.18,1.4298974899999999,1.477075589,10.254,1,1.4
2021_August_ARPA_1.4,2021_August,14.3998,ARPA,HP,106.9951228,76.0598230184389,1,-2.31,1.069951228,1.4067232680000001,16.7691,1,1.4
2021_August_CADE_1.4,2021_August,14.8394,CADE,HP,96.45578006,77.9198449403829,1,-2.28,0.9645578006,1.237884651,17.4602,1,1.4
2021_August_CECO_1.4,2021_August,7.8161,CECO,HP,132.4107793,78.45124855019719,1,-1.78,1.324107793,1.687809713,8.5433,1,1.4
2021_August_PIJE_1.4,2021_August,18.3626,PIJE,HP,109.2426024,87.53610988855417,1,-1.94,1.0924260239999999,1.247971866,25.2368,1,1.4
2021_August_QUKE_1.4,2021_August,7.2971,QUKE,HP,39.75420785,30.165360513790212,1,-8.72,0.3975420785,1.317876106,7.7435,1,1.4
2021_August_ABCO_1.4,2021_August,13.2314,ABCO,HP,142.1493663,96.23702900420757,1,-0.14,1.421493663,1.477075589,14.5885,1,1.4
2021_August_ARPA_1.4,2021_August,7.7828,ARPA,HP,120.5307025,85.68188587039138,1,-1.24,1.205307025,1.4067232680000001,8.4914,1,1.4
2021_August_CADE_1.4,2021_August,8.9572,CADE,HP,89.09847276,71.97639350970513,1,-2.94,0.8909847276,1.237884651,10.5207,1,1.4
2021_August_CECO_1.4,2021_August,7.1952,CECO,HP,85.22440256,50.4940823029853,1,-4.82,0.8522440256,1.687809713,8.0725,1,1.4
2021_August_PIJE_1.4,2021_August,16.6044,PIJE,HP,116.1322829,93.05681166693866,1,-2.44,1.1613228290000002,1.247971866,21.6752,1,1.4
2021_August_QUKE_1.4,2021_August,8.8046,QUKE,HP,30.19713812,22.91348783282364,1,-10,0.3019713812,1.317876106,9.2963,1,1.4
2021_August_ABCO_1.4,2021_August,13.6072,ABCO,HP,135.948096,92.0386857737177,1,-2.54,1.35948096,1.477075589,15.6921,1,1.4
2021_August_ARPA_1.4,2021_August,8.0703,ARPA,HP,88.68391219,63.0428984913897,1,-3.81,0.8868391219,1.4067232680000001,8.9308,1,1.4
2021_August_CADE_1.4,2021_August,8.2187,CADE,HP,123.7884651,100,1,-0.13,1.237884651,1.237884651,9.5623,1,1.4
2021_August_CECO_1.4,2021_August,7.7652,CECO,HP,104.8412953,62.116774475512216,1,-2.68,1.048412953,1.687809713,8.4192,1,1.4
2021_August_PIJE_1.4,2021_August,17.3252,PIJE,HP,116.0609916,92.99968594003542,1,-2.47,1.1606099159999999,1.247971866,23.1633,1,1.4
2021_August_QUKE_1.4,2021_August,7.2509,QUKE,HP,103.9099526,78.84652595712211,1,-3.03,1.039099526,1.317876106,8.391,1,1.4
2021_August_ABCO_1.4,2021_August,8.1748,ABCO,HP,114.6645196,77.62941886923298,1,-3.04,1.1466451960000001,1.477075589,9.2429,1,1.4
2021_August_ARPA_1.4,2021_August,12.8018,ARPA,HP,110.6010324,78.6231627185966,1,-2.44,1.1060103239999999,1.4067232680000001,13.4017,1,1.4
2021_August_CADE_1.4,2021_August,10.0054,CADE,HP,63.60678015,51.38344683296344,1,-1.35,0.6360678015,1.237884651,11.7841,1,1.4
2021_August_CECO_1.4,2021_August,8.0707,CECO,HP,93.35984575,55.314201020953604,1,-4.29,0.9335984575,1.687809713,8.8454,1,1.4
2021_August_PIJE_1.4,2021_August,15.6737,PIJE,HP,101.6791416,81.47550787815597,1,-3.14,1.016791416,1.247971866,19.2464,1,1.4
2021_August_QUKE_1.4,2021_August,13.8454,QUKE,HP,92.82212445,70.43311888530438,1,-3.92,0.9282212445,1.317876106,15.3222,1,1.4
2021_August_ABCO_1.4,2021_August,8.3977,ABCO,HP,120.0830086,81.29780865263491,1,-3.18,1.200830086,1.477075589,9.8154,1,1.4
2021_August_ARPA_1.4,2021_August,8.9762,ARPA,HP,140.6723268,100,1,-0.16,1.4067232680000001,1.4067232680000001,11.4284,1,1.4
2021_August_CECO_1.4,2021_August,7.7319,CECO,HP,58.81398702,34.84633757407462,1,-6.21,0.5881398702,1.687809713,8.0582,1,1.4
2021_August_PIJE_1.4,2021_August,17.6632,PIJE,HP,95.67109688,76.66126095185545,1,-2.73,0.9567109688,1.247971866,22.9828,1,1.4
2021_August_QUKE_1.4,2021_August,13.0563,QUKE,HP,84.25157856,63.92981720847742,1,-4.31,0.8425157856,1.317876106,13.7368,1,1.4
2021_August_ABCO_1.4,2021_August,13.4592,ABCO,HP,139.5112877,94.45101438204053,1,-3,1.3951128769999999,1.477075589,15.1092,1,1.4
2021_August_ARPA_1.4,2021_August,13.2696,ARPA,HP,63.80813953,45.359411464572425,1,-5.96,0.6380813953,1.4067232680000001,14.0598,1,1.4
2021_August_CADE_1.4,2021_August,15.7912,CADE,HP,51.21119537,41.36992516114492,1,-6.52,0.5121119537,1.237884651,7.6685,1,1.4
2021_August_CECO_1.4,2021_August,6.5548,CECO,HP,38.95582329,23.080696236045416,1,-10,0.38955823289999997,1.687809713,6.6906,1,1.4
2021_August_PIJE_1.4,2021_August,15.8897,PIJE,HP,104.9941076,84.13179051586087,1,-2.91,1.049941076,1.247971866,19.8989,1,1.4
2021_August_QUKE_1.4,2021_August,13.876,QUKE,HP,71.91363112,54.56782378297403,1,-6.08,0.7191363112000001,1.317876106,15.1849,1,1.4
2021_August_CECO_1.5,2021_August,13.4031,CECO,HP,155.0524738,100,1,-0.42,1.550524738,1.550524738,15.4715,1,1.5
2021_August_PIJE_1.5,2021_August,15.08,PIJE,HP,126.3190867,99.27027427788437,1,-0.1,1.263190867,1.272476455,18.7094,1,1.5
2021_August_QUKE_1.5,2021_August,8.2379,QUKE,HP,140.2855736,100,1,-0.19,1.402855736,1.402855736,9.6625,1,1.5
2021_August_ABCO_1.5,2021_August,13.0833,ABCO,HP,115.4761905,71.5143938324948,1,-3.26,1.154761905,1.614726551,14.2182,1,1.5
2021_August_ARPA_1.5,2021_August,14.014,ARPA,HP,78.90179514,56.392504701805734,1,-4.66,0.7890179514000001,1.39915394,15.5084,1,1.5
2021_August_CADE_1.5,2021_August,15.601,CADE,HP,78.75203101,57.13411787135764,1,-4.14,0.7875203101,1.378371347,18.3637,1,1.5
2021_August_CECO_1.5,2021_August,6.7655,CECO,HP,108.9436498,70.26243898599442,1,-2.83,1.089436498,1.550524738,7.3977,1,1.5
2021_August_PIJE_1.5,2021_August,18.1559,PIJE,HP,127.2476455,100,1,-1.92,1.272476455,1.272476455,25.6275,1,1.5
2021_August_QUKE_1.5,2021_August,13.1971,QUKE,HP,57.08595776,40.692678723167006,1,-6.13,0.5708595776,1.402855736,13.8134,1,1.5
2021_August_ABCO_1.5,2021_August,14.2037,ABCO,HP,111.5019799,69.05316558456714,1,-3.33,1.115019799,1.614726551,16.6253,1,1.5
2021_August_ARPA_1.5,2021_August,7.0147,ARPA,HP,94.06203159,67.22779309759154,1,-3.43,0.9406203159000001,1.39915394,7.8305,1,1.5
2021_August_CADE_1.5,2021_August,8.9454,CADE,HP,78.35294118,56.84458063535182,1,-4.91,0.7835294118,1.378371347,10.344,1,1.5
2021_August_PIJE_1.5,2021_August,17.935,PIJE,HP,97.18582958,76.37534604127508,1,-3.56,0.9718582958,1.272476455,23.4985,1,1.5
2021_August_QUKE_1.5,2021_August,8.2405,QUKE,HP,13.59268588,9.689297004093369,1,-10,0.1359268588,1.402855736,8.3862,1,1.5
2021_August_ARPA_1.5,2021_August,7.8264,ARPA,HP,77.83679382,55.63132947329584,1,-4.29,0.7783679381999999,1.39915394,8.31,1,1.5
2021_August_PIJE_1.5,2021_August,17.4988,PIJE,HP,87.72746428,68.94230846888244,1,-3.23,0.8772746428000001,1.272476455,22.0787,1,1.5
2021_August_QUKE_1.5,2021_August,13.342,QUKE,HP,82.00363723,58.45478984447763,1,-5.51,0.8200363722999999,1.402855736,14.3791,1,1.5
2021_August_ARPA_1.5,2021_August,13.1727,ARPA,HP,22.66542017,16.199375581217318,1,-10,0.2266542017,1.39915394,13.3909,1,1.5
2021_August_CADE_1.5,2021_August,15.0798,CADE,HP,74.06951605,53.73698184543008,1,-5.33,0.7406951605000001,1.378371347,17.3067,1,1.5
2021_August_QUKE_1.5,2021_August,8.4593,QUKE,HP,47.5851088,33.92017267269455,1,-9.24,0.475851088,1.402855736,9.0869,1,1.5
2021_August_ARPA_1.5,2021_August,15.0539,ARPA,HP,61.77202249,44.14955404406752,1,-6.09,0.6177202249,1.39915394,16.8666,1,1.5
2021_August_CADE_1.5,2021_August,14.7493,CADE,HP,68.07548653,49.38835001044171,1,-5.89,0.6807548653000001,1.378371347,16.4808,1,1.5
2021_August_ARPA_1.5,2021_August,14.903,ARPA,HP,61.56536465,44.00185204066966,1,-4.85,0.6156536465,1.39915394,16.5753,1,1.5
2021_August_CECO_1.5,2021_August,6.8628,CECO,HP,128.6157316,82.94980947282376,1,-0.86,1.286157316,1.550524738,7.7752,1,1.5
2021_August_PIJE_1.5,2021_August,15.4095,PIJE,HP,119.154655,93.63996837175269,1,-0.54,1.19154655,1.272476455,19.4436,1,1.5
2021_August_QUKE_1.5,2021_August,7.2334,QUKE,HP,99.97148018,71.26283737845444,1,-1.1,0.9997148018,1.402855736,8.285,1,1.5
2021_August_ABCO_1.5,2021_August,7.8497,ABCO,HP,151.0998308,93.57611089408537,1,-2.09,1.510998308,1.614726551,8.9213,1,1.5
2021_August_CECO_1.5,2021_August,7.0249,CECO,HP,93.04962809,60.01170172236233,1,-3.64,0.9304962809,1.550524738,7.788,1,1.5
2021_August_PIJE_1.5,2021_August,15.5234,PIJE,HP,118.7914889,93.35456733460738,1,-1.09,1.187914889,1.272476455,19.5319,1,1.5
2021_August_QUKE_1.5,2021_August,8.1148,QUKE,HP,102.0988194,72.77927215175887,1,-2.96,1.020988194,1.402855736,9.0488,1,1.5
2021_August_ABCO_1.5,2021_August,8.0544,ABCO,HP,152.7027027,94.56876930984458,1,-0.12,1.527027027,1.614726551,9.2861,1,1.5
2021_August_ARPA_1.5,2021_August,14.0099,ARPA,HP,122.0054737,87.1994640561138,1,-1.31,1.220054737,1.39915394,16.1051,1,1.5
2021_August_CADE_1.5,2021_August,14.375,CADE,HP,101.9239454,73.94520034229933,1,-1.93,1.019239454,1.378371347,16.6318,1,1.5
2021_August_CECO_1.5,2021_August,8.5144,CECO,HP,112.0630623,72.27428208888081,1,-1.81,1.120630623,1.550524738,9.9218,1,1.5
2021_August_PIJE_1.5,2021_August,17.1865,PIJE,HP,115.5020174,90.76947313732417,1,-1.55,1.155020174,1.272476455,23.1121,1,1.5
2021_August_QUKE_1.5,2021_August,8.1669,QUKE,HP,47.99752271,34.21415436975481,1,-8.81,0.47997522709999996,1.402855736,8.6319,1,1.5
2021_August_ABCO_1.5,2021_August,13.9815,ABCO,HP,130.0990893,80.57035367346232,1,-2.52,1.300990893,1.614726551,16.2529,1,1.5
2021_August_ARPA_1.5,2021_August,8.3828,ARPA,HP,107.2800987,76.67497880897938,1,-1.56,1.072800987,1.39915394,9.6,1,1.5
2021_August_CADE_1.5,2021_August,8.7384,CADE,HP,110.6600682,80.28320411683659,1,-2.71,1.106600682,1.378371347,10.3931,1,1.5
2021_August_CECO_1.5,2021_August,6.8991,CECO,HP,76.57323441,49.3853677618654,1,-5.16,0.7657323441,1.550524738,7.4564,1,1.5
2021_August_PIJE_1.5,2021_August,16.9023,PIJE,HP,115.091522,90.446877463049,1,-2.2,1.15091522,1.272476455,22.2971,1,1.5
2021_August_QUKE_1.5,2021_August,8.779,QUKE,HP,40.81523197,29.094390052092994,1,-8.14,0.4081523197,1.402855736,9.3878,1,1.5
2021_August_ABCO_1.5,2021_August,7.8507,ABCO,HP,161.4726551,100,1,-0.66,1.614726551,1.614726551,8.9077,1,1.5
2021_August_ARPA_1.5,2021_August,8.6537,ARPA,HP,121.2899662,86.68807822533094,1,-2.65,1.2128996619999999,1.39915394,10.4101,1,1.5
2021_August_CADE_1.5,2021_August,8.3143,CADE,HP,137.8371347,100,1,-0.45,1.378371347,1.378371347,9.9037,1,1.5
2021_August_CECO_1.5,2021_August,8.626,CECO,HP,74.81407323,48.250809159292494,1,-5.19,0.7481407323,1.550524738,9.6722,1,1.5
2021_August_PIJE_1.5,2021_August,15.9477,PIJE,HP,123.3862544,96.9654518283405,1,-2.28,1.233862544,1.272476455,20.6729,1,1.5
2021_August_QUKE_1.5,2021_August,7.8792,QUKE,HP,114.9875348,81.9667567014888,1,-1.96,1.1498753480000001,1.402855736,8.6633,1,1.5
2021_August_ABCO_1.5,2021_August,14.1117,ABCO,HP,108.411215,67.1390551749217,1,-2.64,1.08411215,1.614726551,16.3737,1,1.5
2021_August_ARPA_1.5,2021_August,13.6036,ARPA,HP,139.915394,100,1,-1.43,1.39915394,1.39915394,15.555,1,1.5
2021_August_CADE_1.5,2021_August,9.5055,CADE,HP,83.13978681,60.31740792563065,1,-3.24,0.8313978681,1.378371347,11.4242,1,1.5
2021_August_CECO_1.5,2021_August,8.0065,CECO,HP,78.42473746,50.57948160256957,1,-5.02,0.7842473746,1.550524738,8.6786,1,1.5
2021_August_PIJE_1.5,2021_August,16.6833,PIJE,HP,92.51682839,72.70612200836361,1,-2.98,0.9251682839,1.272476455,20.9165,1,1.5
2021_August_QUKE_1.5,2021_August,13.367,QUKE,HP,105.5479727,75.23793786590754,1,-3.26,1.055479727,1.402855736,14.6816,1,1.5
2021_August_ARPA_1.5,2021_August,13.9639,ARPA,HP,130.0753995,92.96718236736696,1,-0.17,1.300753995,1.39915394,16.2756,1,1.5
2021_August_CADE_1.5,2021_August,9.3287,CADE,HP,116.5722112,84.57242778132125,1,-2.02,1.165722112,1.378371347,11.797,1,1.5
2021_August_CECO_1.5,2021_August,7.9052,CECO,HP,37.29804585,24.055111754044134,1,-10,0.3729804585,1.550524738,8.1476,1,1.5
2021_August_PIJE_1.5,2021_August,17.5812,PIJE,HP,101.5497039,79.80478027784018,1,-2.52,1.015497039,1.272476455,23.2232,1,1.5
2021_August_QUKE_1.5,2021_August,13.0004,QUKE,HP,86.72910005,61.82324940787781,1,-5.57,0.8672910005,1.402855736,13.7598,1,1.5
2021_August_ABCO_1.5,2021_August,13.4336,ABCO,HP,109.9949942,68.11988948338039,1,-3.01,1.0999499419999998,1.614726551,14.752,1,1.5
2021_August_ARPA_1.5,2021_August,13.7242,ARPA,HP,89.90521942,64.25684611944844,1,-3.89,0.8990521941999999,1.39915394,15.1091,1,1.5
2021_August_CADE_1.5,2021_August,9.8403,CADE,HP,113.1690813,82.10347780829196,1,-2.64,1.131690813,1.378371347,12.4493,1,1.5
2021_August_CECO_1.5,2021_August,7.7937,CECO,HP,129.8825503,83.76683526348226,1,-1.68,1.298825503,1.550524738,8.5678,1,1.5
2021_August_PIJE_1.5,2021_August,16.0862,PIJE,HP,91.16175514,71.64121173464069,1,-3.26,0.9116175514,1.272476455,19.7303,1,1.5
2021_August_QUKE_1.5,2021_August,12.8853,QUKE,HP,88.10408922,62.80338523704051,1,-4.01,0.8810408922,1.402855736,13.5726,1,1.5
2021_August_CECO_1.6,2021_August,12.537,CECO,HP,130.1306241,100,1,-0.22,1.301306241,1.301306241,12.9853,1,1.6
2021_August_PIJE_1.6,2021_August,15.8021,PIJE,HP,151.6654372,100,1,-0.23,1.516654372,1.516654372,21.1477,1,1.6
2021_August_QUKE_1.6,2021_August,7.8106,QUKE,HP,135.6564293,93.92518000032247,1,-0.46,1.3565642930000001,1.444303107,8.6145,1,1.6
2021_August_ABCO_1.6,2021_August,13.8032,ABCO,HP,105.4070736,57.91430138678428,1,-4.07,1.0540707360000001,1.820052579,15.5109,1,1.6
2021_August_ARPA_1.6,2021_August,13.3373,ARPA,HP,67.27129957,48.95700806402919,1,-5.87,0.6727129957,1.374089272,14.194,1,1.6
2021_August_CADE_1.6,2021_August,14.7912,CADE,HP,73.47658154,47.58168682973041,1,-4.12,0.7347658154,1.5442197709999999,16.7506,1,1.6
2021_August_CECO_1.6,2021_August,6.673,CECO,HP,16.97789634,13.046810815994542,1,-10,0.1697789634,1.301306241,6.7621,1,1.6
2021_August_PIJE_1.6,2021_August,15.4617,PIJE,HP,132.8867235,87.61833015703066,1,-1.74,1.328867235,1.516654372,19.8257,1,1.6
2021_August_QUKE_1.6,2021_August,13.5644,QUKE,HP,36.99808116,25.61656274274012,1,-6.39,0.36998081159999996,1.444303107,14.085,1,1.6
2021_August_ABCO_1.6,2021_August,13.5813,ABCO,HP,105.2970162,57.85383203481618,1,-3.85,1.052970162,1.820052579,15.1199,1,1.6
2021_August_ARPA_1.6,2021_August,13.2796,ARPA,HP,82.10870876,59.75500313781651,1,-4.65,0.8210870876,1.374089272,14.2328,1,1.6
2021_August_CADE_1.6,2021_August,7.2842,CADE,HP,77.26319469,50.03380745472919,1,-4.95,0.7726319469,1.5442197709999999,8.1684,1,1.6
2021_August_CECO_1.6,2021_August,7.9447,CECO,HP,80.17599609,61.611935426043964,1,-5.53,0.8017599609,1.301306241,8.6007,1,1.6
2021_August_PIJE_1.6,2021_August,16.4743,PIJE,HP,89.60793466,59.08263366678245,1,-3.34,0.8960793466,1.516654372,20.314,1,1.6
2021_August_QUKE_1.6,2021_August,13.3996,QUKE,HP,23.40592198,16.20568554243233,1,-5.67,0.2340592198,1.444303107,13.6984,1,1.6
2021_August_ARPA_1.6,2021_August,8.4246,ARPA,HP,67.75753389,49.310867401925265,1,-5.66,0.6775753389000001,1.374089272,9.2093,1,1.6
2021_August_CADE_1.6,2021_August,8.9552,CADE,HP,72.3281777,46.83800781359119,1,-5.31,0.723281777,1.5442197709999999,10.1991,1,1.6
2021_August_CECO_1.6,2021_August,7.5726,CECO,HP,80.48991354,61.853167996909654,1,-5.22,0.8048991354,1.301306241,7.8519,1,1.6
2021_August_PIJE_1.6,2021_August,17.5813,PIJE,HP,89.33303641,58.901380604070816,1,-3.19,0.8933303641000001,1.516654372,22.3951,1,1.6
2021_August_ARPA_1.6,2021_August,12.8023,ARPA,HP,45.63622565,33.21198016747197,1,-8.11,0.4563622565,1.374089272,13.1631,1,1.6
2021_August_CADE_1.6,2021_August,14.5081,CADE,HP,70.12413213,45.41072031773644,1,-5.26,0.7012413213,1.5442197709999999,16.1746,1,1.6
2021_August_ARPA_1.6,2021_August,12.7333,ARPA,HP,44.14253173,32.124937316299786,1,-10,0.4414253173,1.374089272,13.0046,1,1.6
2021_August_CADE_1.6,2021_August,16.0395,CADE,HP,57.25590364,37.07756157203092,1,-7.61,0.5725590363999999,1.5442197709999999,18.3259,1,1.6
2021_August_ARPA_1.6,2021_August,12.8754,ARPA,HP,55.3010713,40.24561753510291,1,-7.72,0.5530107129999999,1.374089272,13.3245,1,1.6
2021_August_ABCO_1.6,2021_August,13.5839,ABCO,HP,164.7320835,90.50951901098897,1,-0.38,1.647320835,1.820052579,16.0618,1,1.6
2021_August_CECO_1.6,2021_August,7.4612,CECO,HP,118.0359435,90.7057384196469,1,-1.16,1.180359435,1.301306241,7.829,1,1.6
2021_August_PIJE_1.6,2021_August,15.6912,PIJE,HP,119.185476,78.584467364724,1,-0.26,1.19185476,1.516654372,19.8205,1,1.6
2021_August_QUKE_1.6,2021_August,7.9288,QUKE,HP,98.30878342,68.06658723057085,1,-2.87,0.9830878342,1.444303107,8.6496,1,1.6
2021_August_ABCO_1.6,2021_August,7.975,ABCO,HP,139.8865069,76.85849766870938,1,-2.2,1.398865069,1.820052579,9.0843,1,1.6
2021_August_CECO_1.6,2021_August,6.5364,CECO,HP,93.02203568,71.48358530004161,1,-4.59,0.9302203568,1.301306241,6.891,1,1.6
2021_August_PIJE_1.6,2021_August,15.6527,PIJE,HP,148.5637079,97.95488717979313,1,-0.58,1.485637079,1.516654372,20.7107,1,1.6
2021_August_QUKE_1.6,2021_August,6.6624,QUKE,HP,99.47829716,68.87632982153517,1,-3.43,0.9947829716,1.444303107,7.1391,1,1.6
2021_August_ABCO_1.6,2021_August,8.33,ABCO,HP,182.0052579,100,1,-0.92,1.820052579,1.820052579,10.3377,1,1.6
2021_August_ARPA_1.6,2021_August,7.9273,ARPA,HP,131.5140601,95.70998244428473,1,-1.64,1.315140601,1.374089272,8.8767,1,1.6
2021_August_CADE_1.6,2021_August,14.3644,CADE,HP,100.2268753,64.90454090941698,1,-1.84,1.002268753,1.5442197709999999,16.4849,1,1.6
2021_August_CECO_1.6,2021_August,7.98,CECO,HP,108.6767627,83.51359524448787,1,-2.82,1.086767627,1.301306241,8.8555,1,1.6
2021_August_PIJE_1.6,2021_August,16.147,PIJE,HP,112.9842475,74.49571213183435,1,-1.68,1.129842475,1.516654372,20.5509,1,1.6
2021_August_QUKE_1.6,2021_August,8.0447,QUKE,HP,34.92194891,24.179099761501792,1,-7.91,0.3492194891,1.444303107,8.34,1,1.6
2021_August_ABCO_1.6,2021_August,13.7265,ABCO,HP,148.2448545,81.45086367859267,1,-0.42,1.482448545,1.820052579,15.9521,1,1.6
2021_August_ARPA_1.6,2021_August,8.8424,ARPA,HP,118.0114004,85.88335765712898,1,-0.89,1.180114004,1.374089272,10.8506,1,1.6
2021_August_CADE_1.6,2021_August,8.2998,CADE,HP,86.77258626,56.19186328886862,1,-3.07,0.8677258626,1.5442197709999999,9.2228,1,1.6
2021_August_CECO_1.6,2021_August,7.9067,CECO,HP,68.70088614,52.79378825326021,1,-5.41,0.6870088614,1.301306241,8.3176,1,1.6
2021_August_PIJE_1.6,2021_August,15.5293,PIJE,HP,114.577923,75.54649570482364,1,-2.48,1.14577923,1.516654372,19.456,1,1.6
2021_August_QUKE_1.6,2021_August,8.417,QUKE,HP,21.32938188,14.767940175870574,1,-10,0.2132938188,1.444303107,8.6689,1,1.6
2021_August_ABCO_1.6,2021_August,13.1986,ABCO,HP,148.4218858,81.54813081364284,1,-2.34,1.4842188580000002,1.820052579,14.6987,1,1.6
2021_August_ARPA_1.6,2021_August,8.4044,ARPA,HP,105.6331839,76.87505175427933,1,-3.17,1.056331839,1.374089272,9.6064,1,1.6
2021_August_CADE_1.6,2021_August,7.115,CADE,HP,154.4219771,100,1,-0.14,1.5442197709999999,1.5442197709999999,8.6271,1,1.6
2021_August_CECO_1.6,2021_August,7.5678,CECO,HP,60.28978945,46.330208486259004,1,-6.27,0.6028978945,1.301306241,7.8341,1,1.6
2021_August_PIJE_1.6,2021_August,17.5165,PIJE,HP,107.5903637,70.93927640093862,1,-0.77,1.075903637,1.516654372,23.175,1,1.6
2021_August_QUKE_1.6,2021_August,7.8065,QUKE,HP,144.4303107,100,1,-1.11,1.444303107,1.444303107,8.6013,1,1.6
2021_August_ABCO_1.6,2021_August,13.202,ABCO,HP,75.39640121,41.42539730990925,1,-3.26,0.7539640121,1.820052579,14.048400000000001,1,1.6
2021_August_ARPA_1.6,2021_August,12.6332,ARPA,HP,125.2136063,91.12479723952026,1,-1.29,1.252136063,1.374089272,13.4099,1,1.6
2021_August_CADE_1.6,2021_August,9.0124,CADE,HP,97.20486499,62.9475589002804,1,-2.8,0.9720486499000001,1.5442197709999999,10.7547,1,1.6
2021_August_CECO_1.6,2021_August,7.3344,CECO,HP,75.53366174,58.04449357128688,1,-7.69,0.7553366174,1.301306241,7.4264,1,1.6
2021_August_PIJE_1.6,2021_August,14.3516,PIJE,HP,125.21190361233303,82.55796833079187,1,-1.17,1.2521190361233303,1.516654372,21.1931,1,1.6
2021_August_QUKE_1.6,2021_August,13.239,QUKE,HP,69.53659371,48.14542970445884,1,-4.62,0.6953659371,1.444303107,14.0523,1,1.6
2021_August_ABCO_1.6,2021_August,8.5431,ABCO,HP,115.0250781,63.1987665780506,1,-3.51,1.150250781,1.820052579,10.1255,1,1.6
2021_August_ARPA_1.6,2021_August,13.4757,ARPA,HP,137.4089272,100,1,-0.31,1.374089272,1.374089272,15.1165,1,1.6
2021_August_CADE_1.6,2021_August,9.0816,CADE,HP,108.0094293,69.94433779982992,1,-1.31,1.080094293,1.5442197709999999,11.0518,1,1.6
2021_August_CECO_1.6,2021_August,7.7151,CECO,HP,78.74375136,60.51131461529662,1,-5.11,0.7874375136,1.301306241,8.0774,1,1.6
2021_August_PIJE_1.6,2021_August,15.9099,PIJE,HP,98.72166889,65.09173791509039,1,-2.74,0.9872166889,1.516654372,19.6863,1,1.6
2021_August_QUKE_1.6,2021_August,13.4016,QUKE,HP,41.9702058,29.05913973084045,1,-6.52,0.41970205800000004,1.444303107,13.889,1,1.6
2021_August_ABCO_1.6,2021_August,13.7757,ABCO,HP,104.1664044,57.23263470620867,1,-3.44,1.041664044,1.820052579,15.4308,1,1.6
2021_August_ARPA_1.6,2021_August,13.6701,ARPA,HP,97.56147541,71.00082752847516,1,-3.67,0.9756147541,1.374089272,15.0984,1,1.6
2021_August_CADE_1.6,2021_August,8.8296,CADE,HP,109.42763,70.86273084635957,1,-2.35,1.0942763,1.5442197709999999,10.6229,1,1.6
2021_August_CECO_1.6,2021_August,7.8545,CECO,HP,106.9745374,82.205505537109,1,-2.69,1.069745374,1.301306241,8.5309,1,1.6
2021_August_PIJE_1.6,2021_August,16.2274,PIJE,HP,115.7700333,76.3325088677488,1,-3.18,1.157700333,1.516654372,21.0542,1,1.6
2021_August_QUKE_1.6,2021_August,14.1354,QUKE,HP,47.13662862,32.63624400691676,1,-6.49,0.47136628620000004,1.444303107,15.0976,1,1.6
2021_August_QUKE_1.7,2021_August,7.7217,QUKE,HP,114.1256429,100,1,-0.49,1.141256429,1.141256429,8.343,1,1.7
2021_August_QUKE_1.7,2021_August,13.4221,QUKE,HP,63.90034648,55.99122585972307,1,-5.47,0.6390034648,1.141256429,14.1967,1,1.7
2021_August_QUKE_1.7,2021_August,13.2041,QUKE,HP,55.68535826,48.793029195719875,1,-7.34,0.5568535826000001,1.141256429,13.8476,1,1.7
2021_August_QUKE_1.7,2021_August,8.5588,QUKE,HP,105.1580203,92.14232457129931,1,-0.71,1.051580203,1.141256429,9.9696,1,1.7
2021_August_QUKE_1.7,2021_August,7.4715,QUKE,HP,85.65260208,75.05114530224478,1,-2.43,0.8565260208,1.141256429,8.6022,1,1.7
2021_August_QUKE_1.7,2021_August,7.0258,QUKE,HP,40.96596889,35.8954988984338,1,-10,0.4096596889,1.141256429,7.3761,1,1.7
2021_August_QUKE_1.7,2021_August,8.6707,QUKE,HP,41.40023178,36.27601188304018,1,-8.27,0.41400231779999996,1.141256429,9.278,1,1.7
2021_August_QUKE_1.7,2021_August,8.8523,QUKE,HP,36.00099571,31.545054025715373,1,-9.23,0.3600099571,1.141256429,9.4308,1,1.7
2021_August_QUKE_1.7,2021_August,13.1956,QUKE,HP,106.21377,93.06740124396707,1,-1.68,1.0621377,1.141256429,14.24,1,1.7
2021_August_QUKE_1.7,2021_August,7.0175,QUKE,HP,96.2164871,84.30750938621875,1,-3.81,0.9621648709999999,1.141256429,7.7855,1,1.7
2021_August_QUKE_1.7,2021_August,12.7408,QUKE,HP,71.16253842,62.354556444737455,1,-4.41,0.7116253842,1.141256429,13.1344,1,1.7
2021_August_QUKE_1.8,2021_August,8.1453,QUKE,HP,118.379961,99.16212209406898,1,-0.61,1.18379961,1.193802215,9.237,1,1.8
2021_August_QUKE_1.8,2021_August,14.6938,QUKE,HP,63.2554586,52.986548194668906,1,-5.62,0.6325545859999999,1.193802215,16.2669,1,1.8
2021_August_QUKE_1.8,2021_August,9.2429,QUKE,HP,104.9592057,87.92009629501315,1,-2.86,1.049592057,1.193802215,11.3784,1,1.8
2021_August_QUKE_1.8,2021_August,8.2196,QUKE,HP,119.3802215,100,1,-0.69,1.193802215,1.193802215,9.4485,1,1.8
2021_August_QUKE_1.8,2021_August,7.3339,QUKE,HP,23.20774464,19.440192310247976,1,-10,0.23207744640000003,1.193802215,7.6,1,1.8
2021_August_QUKE_1.8,2021_August,8.4816,QUKE,HP,20.74092128,17.373833805459977,1,-8.21,0.2074092128,1.193802215,8.7369,1,1.8
2021_August_QUKE_1.8,2021_August,8.3474,QUKE,HP,100.3589915,84.06668226863694,1,-3.48,1.003589915,1.193802215,9.5495,1,1.8
2021_August_QUKE_1.8,2021_August,13.10332,QUKE,HP,116.8369424,97.86959760331823,1,-1.42,1.168369424,1.193802215,14.2515,1,1.8
2021_August_QUKE_1.8,2021_August,13.5249,QUKE,HP,76.06786277,63.71898277136301,1,-4.46,0.7606786277,1.193802215,14.5382,1,1.8
2021_August_QUKE_1.8,2021_August,13.8298,QUKE,HP,48.56010568,40.676843341256486,1,-6.72,0.4856010568,1.193802215,14.565,1,1.8
2021_August_QUKE_1.9,2021_August,7.99,QUKE,HP,109.4316644,100,1,-0.54,1.094316644,1.094316644,8.7987,1,1.9
2021_August_QUKE_1.9,2021_August,12.8464,QUKE,HP,47.01141706,42.95961074681415,1,-6.13,0.4701141706,1.094316644,13.1964,1,1.9
2021_August_QUKE_1.9,2021_August,7.6664,QUKE,HP,97.83253057,89.4005689362429,1,-1.52,0.9783253057,1.094316644,8.1945,1,1.9
2021_August_QUKE_1.9,2021_August,8.0863,QUKE,HP,80.51038576,73.57138009499195,1,-3.99,0.8051038576,1.094316644,8.7646,1,1.9
2021_August_QUKE_1.9,2021_August,8.5215,QUKE,HP,37.14133496,33.940208406443645,1,-9.9,0.3714133496,1.094316644,9.0095,1,1.9
2021_August_QUKE_1.9,2021_August,8.1708,QUKE,HP,38.35542623,35.04965993188348,1,-8.02,0.3835542623,1.094316644,8.5267,1,1.9
2021_August_QUKE_1.9,2021_August,7.9838,QUKE,HP,78.77160817,71.98246376119269,1,-3.51,0.7877160817,1.094316644,8.5853,1,1.9
2021_August_QUKE_1.9,2021_August,12.7076,QUKE,HP,94.7467876,86.58077908207343,1,-2.43,0.947467876,1.094316644,13.209,1,1.9
2021_August_QUKE_1.9,2021_August,13.0151,QUKE,HP,75.89955022,69.35794190479295,1,-4.71,0.7589955021999999,1.094316644,13.6226,1,1.9
2021_August_QUKE_1.9,2021_August,13.4546,QUKE,HP,12.37518911,11.30859991744766,1,-10,0.12375189110000001,1.094316644,13.6182,1,1.9
2021_August_CECO_2.1,2021_August,12.9906,CECO,HP,175.5044783,100,1,-0.36,1.7550447829999998,1.7550447829999998,14.617,2,2.1
2021_August_PIJE_2.1,2021_August,16.1115,PIJE,HP,126.1152719,89.88689791543885,1,-0.16,1.261152719,1.4030439899999998,21.1464,2,2.1
2021_August_ABCO_2.1,2021_August,13.146,ABCO,HP,113.7764825,64.94115312011303,1,-3.49,1.137764825,1.7519935670000002,14.161,2,2.1
2021_August_ARPA_2.1,2021_August,13.2814,ARPA,HP,103.2147563,66.00268820186773,1,-3.57,1.032147563,1.56379625,14.4565,2,2.1
2021_August_CADE_2.1,2021_August,14.5587,CADE,HP,78.72554781,48.566046609618255,1,-3.95,0.7872554781,1.620999717,16.4341,2,2.1
2021_August_CECO_2.1,2021_August,6.5306,CECO,HP,122.3489168,69.71270362164884,1,-2.46,1.223489168,1.7550447829999998,6.9598,2,2.1
2021_August_PIJE_2.1,2021_August,14.8752,PIJE,HP,94.72257365,67.51219086865552,1,-3.44,0.9472257365,1.4030439899999998,17.4957,2,2.1
2021_August_ABCO_2.1,2021_August,14.0663,ABCO,HP,114.6183974,65.4216999188331,1,-3.44,1.1461839740000002,1.7519935670000002,16.2319,2,2.1
2021_August_ARPA_2.1,2021_August,8.0445,ARPA,HP,67.80896432,43.361764245182194,1,-5.51,0.6780896432,1.56379625,8.6678,2,2.1
2021_August_CADE_2.1,2021_August,8.4023,CADE,HP,67.11971128,41.40636828994585,1,-4.52,0.6711971128,1.620999717,9.2764,2,2.1
2021_August_CECO_2.1,2021_August,7.7149,CECO,HP,97.17891611,55.37118884447293,1,-3.34,0.9717891611,1.7550447829999998,8.2385,2,2.1
2021_August_PIJE_2.1,2021_August,15.8363,PIJE,HP,91.6070008,65.29160985180515,1,-3.36,0.9160700079999999,1.4030439899999998,19.0605,2,2.1
2021_August_ARPA_2.1,2021_August,8.7356,ARPA,HP,91.78428762,58.69325215481237,1,-4.23,0.9178428762,1.56379625,10.1142,2,2.1
2021_August_CADE_2.1,2021_August,14.5134,CADE,HP,113.9909708,70.32140080256411,1,-2.97,1.139909708,1.620999717,17.2151,2,2.1
2021_August_CECO_2.1,2021_August,7.2843,CECO,HP,16.15669284,9.205857876961081,1,-10,0.1615669284,1.7550447829999998,7.4633,2,2.1
2021_August_ARPA_2.1,2021_August,12.5609,ARPA,HP,61.4523914,39.29692976306856,1,-6.8,0.6145239140000001,1.56379625,12.841,2,2.1
2021_August_CECO_2.1,2021_August,8.632,CECO,HP,42.32008593,24.11339376631736,1,-8.64,0.42320085929999995,1.7550447829999998,9.223,2,2.1
2021_August_PIJE_2.1,2021_August,15.7148,PIJE,HP,43.02108126,30.66267456090241,1,-4.05,0.43021081260000005,1.4030439899999998,17.2331,2,2.1
2021_August_ARPA_2.1,2021_August,12.8036,ARPA,HP,44.62585034,28.53687003022293,1,-10,0.4462585034,1.56379625,13.0988,2,2.1
2021_August_CADE_2.1,2021_August,14.4889,CADE,HP,69.42326234,42.8274364344013,1,-4.63,0.6942326233999999,1.620999717,16.073,2,2.1
2021_August_CECO_2.1,2021_August,7.5469,CECO,HP,89.74358974,51.13464374772027,1,-3.81,0.8974358974000001,1.7550447829999998,7.8199,2,2.1
2021_August_ABCO_2.1,2021_August,14.1156,ABCO,HP,157.7408702,90.03507385595324,1,-1.24,1.5774087019999998,1.7519935670000002,17.3638,2,2.1
2021_August_CECO_2.1,2021_August,7.6928,CECO,HP,145.088968,82.66966712495565,1,-1.11,1.45088968,1.7550447829999998,8.5082,2,2.1
2021_August_PIJE_2.1,2021_August,15.9709,PIJE,HP,138.365879,98.61834695575014,1,-0.53,1.3836587900000001,1.4030439899999998,21.434,2,2.1
2021_August_ABCO_2.1,2021_August,6.9447,ABCO,HP,156.9191306,89.56604268170807,1,-1.99,1.5691913059999998,1.7519935670000002,8.107,2,2.1
2021_August_CECO_2.1,2021_August,7.6502,CECO,HP,80.67119796,45.96532164957298,1,-5.57,0.8067119796,1.7550447829999998,8.03,2,2.1
2021_August_PIJE_2.1,2021_August,14.8092,PIJE,HP,140.304399,100,1,-1.57,1.4030439899999998,1.4030439899999998,18.5058,2,2.1
2021_August_ABCO_2.1,2021_August,8.1981,ABCO,HP,142.15425557846257,81.13857165690298,1,-1.77,1.4215425557846257,1.7519935670000002,10.0996,2,2.1
2021_August_ARPA_2.1,2021_August,8.0662,ARPA,HP,141.274781,90.3409130185598,1,-1.95,1.41274781,1.56379625,9.2919,2,2.1
2021_August_CECO_2.1,2021_August,8.4401,CECO,HP,74.70352688,42.56502603443823,1,-5.1,0.7470352687999999,1.7550447829999998,9.4102,2,2.1
2021_August_PIJE_2.1,2021_August,14.9612,PIJE,HP,133.7993391,95.36360944748425,1,-0.84,1.337993391,1.4030439899999998,18.6459,2,2.1
2021_August_ABCO_2.1,2021_August,13.6178,ABCO,HP,175.1993567,100,1,-0.38,1.7519935670000002,1.7519935670000002,16.2323,2,2.1
2021_August_ARPA_2.1,2021_August,8.1158,ARPA,HP,141.2547334,90.32809318988966,1,-2.59,1.4125473339999999,1.56379625,9.496,2,2.1
2021_August_CADE_2.1,2021_August,8.2906,CADE,HP,116.663586,71.97014581588604,1,-1.87,1.16663586,1.620999717,9.5529,2,2.1
2021_August_CECO_2.1,2021_August,6.8888,CECO,HP,57.28699552,32.641329768278624,1,-7.38,0.5728699552,1.7550447829999998,7.2976,2,2.1
2021_August_PIJE_2.1,2021_August,15.4442,PIJE,HP,119.1308257,84.90883147576864,1,-2.63,1.191308257,1.4030439899999998,19.419,2,2.1
2021_August_ABCO_2.1,2021_August,13.2481,ABCO,HP,152.226652,86.88767748198015,1,-2.34,1.52226652,1.7519935670000002,15.0427,2,2.1
2021_August_ARPA_2.1,2021_August,8.0214,ARPA,HP,138.5367712,88.59003927142044,1,-2.19,1.385367712,1.56379625,9.1121,2,2.1
2021_August_CADE_2.1,2021_August,13.7676,CADE,HP,158.228825,97.61187700441776,1,-0.49,1.58228825,1.620999717,16.2279,2,2.1
2021_August_CECO_2.1,2021_August,7.5766,CECO,HP,132.7686754,75.64973651159535,1,-1.86,1.3276867540000001,1.7550447829999998,8.0547,2,2.1
2021_August_PIJE_2.1,2021_August,15.3298,PIJE,HP,103.559241,73.810402053039,1,-2.14,1.03559241,1.4030439899999998,18.5769,2,2.1
2021_August_ABCO_2.1,2021_August,7.9228,ABCO,HP,112.564291,64.24926045404823,1,-3.92,1.12564291,1.7519935670000002,8.6888,2,2.1
2021_August_ARPA_2.1,2021_August,8.3703,ARPA,HP,147.0286885,94.0203613482255,1,-0.99,1.470286885,1.56379625,10.0923,2,2.1
2021_August_CADE_2.1,2021_August,8.3106,CADE,HP,102.8868068,63.47120589904458,1,-2.32,1.028868068,1.620999717,9.5295,2,2.1
2021_August_CECO_2.1,2021_August,7.9558,CECO,HP,117.1326754,66.74056214097187,1,-2.6,1.1713267539999999,1.7550447829999998,8.8104,2,2.1
2021_August_PIJE_2.1,2021_August,14.9563,PIJE,HP,105.8402373,75.43615029490275,1,-3.08,1.058402373,1.4030439899999998,18.0607,2,2.1
2021_August_ABCO_2.1,2021_August,6.7726,ABCO,HP,135.8888694,77.56242486248809,1,-2.84,1.358888694,1.7519935670000002,7.5454,2,2.1
2021_August_ARPA_2.1,2021_August,13.3102,ARPA,HP,156.379625,100,1,-0.19,1.56379625,1.56379625,15.1952,2,2.1
2021_August_CADE_2.1,2021_August,9.2102,CADE,HP,112.4621805,69.378285091952307,1,-2.05,1.124621805,1.620999717,11.3661,2,2.1
2021_August_CECO_2.1,2021_August,8.0915,CECO,HP,61.89522856,35.26703657908883,1,-6.79,0.6189522856,1.7550447829999998,8.648,2,2.1
2021_August_PIJE_2.1,2021_August,16.4381,PIJE,HP,127.631834,90.96780636222248,1,-1.33,1.27631834,1.4030439899999998,21.7047,2,2.1
2021_August_ABCO_2.1,2021_August,13.586,ABCO,HP,126.3233386,72.10262696130093,1,-3.33,1.263233386,1.7519935670000002,15.4355,2,2.1
2021_August_ARPA_2.1,2021_August,14.0541,ARPA,HP,71.87403994,45.961256103536506,1,-4.98,0.7187403994,1.56379625,15.4578,2,2.1
2021_August_CADE_2.1,2021_August,8.7073,CADE,HP,162.0999717,100,1,-1.06,1.620999717,1.620999717,10.9968,2,2.1
2021_August_CECO_2.1,2021_August,8.0876,CECO,HP,63.8047138,36.355034594009,1,-6.97,0.638047138,1.7550447829999998,8.6561,2,2.1
2021_August_PIJE_2.1,2021_August,15.7751,PIJE,HP,106.1906109,75.68587418274748,1,-2.89,1.061906109,1.4030439899999998,19.53,2,2.1
2021_August_CECO_2.2,2021_August,13.0756,CECO,HP,148.8087903,100,1,-0.14,1.488087903,1.488087903,14.5247,2,2.2
2021_August_PIJE_2.2,2021_August,14.9044,PIJE,HP,129.6437747,100,1,-0.29,1.296437747,1.296437747,18.6384,2,2.2
2021_August_ABCO_2.2,2021_August,13.3989,ABCO,HP,111.8979733,65.74405795117826,1,-3.35,1.118979733,1.7020241340000002,14.851,2,2.2
2021_August_ARPA_2.2,2021_August,14.8631,ARPA,HP,70.81726491,37.186658655126486,1,-5.57,0.7081726491000001,1.904372898,16.7729,2,2.2
2021_August_CADE_2.2,2021_August,15.0619,CADE,HP,50.02607879,45.26137120019179,1,-8.43,0.5002607879,1.105270951,16.5006,2,2.2
2021_August_CECO_2.2,2021_August,6.5589,CECO,HP,111.0995038,74.65923456270446,1,-2.63,1.110995038,1.488087903,6.9843,2,2.2
2021_August_PIJE_2.2,2021_August,14.3378,PIJE,HP,124.0456478,95.68191614834247,1,-1.82,1.240456478,1.296437747,17.1096,2,2.2
2021_August_ABCO_2.2,2021_August,13.76,ABCO,HP,127.2893997,74.78707096875982,1,-3.32,1.272893997,1.7020241340000002,15.8422,2,2.2
2021_August_ARPA_2.2,2021_August,14.0845,ARPA,HP,89.26530612,46.87385869319382,1,-4.31,0.8926530612000001,1.904372898,15.8341,2,2.2
2021_August_CADE_2.2,2021_August,8.4987,CADE,HP,87.42618691,79.09932567294985,1,-4.05,0.8742618691,1.105270951,9.6091,2,2.2
2021_August_PIJE_2.2,2021_August,13.5756,PIJE,HP,71.4446276,55.1084136244299,1,-3.58,0.714446276,1.296437747,14.5291,2,2.2
2021_August_CADE_2.2,2021_August,15.0752,CADE,HP,77.25921924,69.90070549678273,1,-4.58,0.7725921923999999,1.105270951,17.363,2,2.2
2021_August_CECO_2.2,2021_August,7.3831,CECO,HP,99.77533915,67.04935840742466,1,-3.33,0.9977533915,1.488087903,8.5378,2,2.2
2021_August_PIJE_2.2,2021_August,15.1739,PIJE,HP,94.26261573,72.70894105646555,1,-3.52,0.9426261572999999,1.296437747,18.0655,2,2.2
2021_August_ARPA_2.2,2021_August,13.4947,ARPA,HP,60.84519842,31.95025432461285,1,-6.75,0.6084519842,1.904372898,14.2981,2,2.2
2021_August_CADE_2.2,2021_August,16.1782,CADE,HP,93.46140719,84.55972456838775,1,-2.97,0.9346140719,1.105270951,20.0118,2,2.2
2021_August_ARPA_2.2,2021_August,14.8763,ARPA,HP,63.67391799,33.43563545609752,1,-7.19,0.6367391799,1.904372898,16.5564,2,2.2
2021_August_CADE_2.2,2021_August,8.3864,CADE,HP,74.35678197,67.27470933957441,1,-5.71,0.7435678197,1.105270951,9.343,2,2.2
2021_August_CADE_2.2,2021_August,15.2536,CADE,HP,15.77266506,14.270405863584484,1,-10,0.1577266506,1.105270951,15.7376,2,2.2
2021_August_ABCO_2.2,2021_August,14.0667,ABCO,HP,144.6720661,85.00000864265064,1,-0.76,1.4467206609999999,1.7020241340000002,16.7997,2,2.2
2021_August_CECO_2.2,2021_August,7.7594,CECO,HP,119.658437,80.41086602395423,1,-2.63,1.19658437,1.488087903,8.404,2,2.2
2021_August_PIJE_2.2,2021_August,15.7174,PIJE,HP,117.5069536,90.6383309741752,1,-1.92,1.175069536,1.296437747,20.0688,2,2.2
2021_August_ABCO_2.2,2021_August,8.1889,ABCO,HP,137.3441898,80.69461945714102,1,-1.73,1.373441898,1.7020241340000002,9.5552,2,2.2
2021_August_CECO_2.2,2021_August,7.6807,CECO,HP,138.7511478,93.24123092478362,1,-0.99,1.3875114780000002,1.488087903,8.2851,2,2.2
2021_August_PIJE_2.2,2021_August,15.5257,PIJE,HP,128.7414121,99.30396765900399,1,-0.63,1.2874141209999999,1.296437747,19.9293,2,2.2
2021_August_ABCO_2.2,2021_August,7.9411,ABCO,HP,168.4940918,98.9963000136871,1,-0.65,1.6849409180000001,1.7020241340000002,9.1674,2,2.2
2021_August_ARPA_2.2,2021_August,8.1156,ARPA,HP,145.5174617,76.41227296020887,1,-1.62,1.4551746170000002,1.904372898,9.4823,2,2.2
2021_August_CECO_2.2,2021_August,8.2122,CECO,HP,80.83365422,54.320483391497596,1,-4.26,0.8083365422,1.488087903,9.0519,2,2.2
2021_August_PIJE_2.2,2021_August,16.413,PIJE,HP,118.0196699,91.03381182251245,1,-1.32,1.180196699,1.296437747,21.369,2,2.2
2021_August_ABCO_2.2,2021_August,13.6579,ABCO,HP,170.2024134,100,1,-0.11,1.7020241340000002,1.7020241340000002,16.2814,2,2.2
2021_August_ARPA_2.2,2021_August,8.0406,ARPA,HP,135.3907417,71.09465895161044,1,-2.58,1.353907417,1.904372898,9.1286,2,2.2
2021_August_CADE_2.2,2021_August,8.47,CADE,HP,99.21416098,89.76456034625303,1,-2.57,0.9921416098,1.105270951,9.7199,2,2.2
2021_August_CECO_2.2,2021_August,8.0847,CECO,HP,79.94766889,53.72509831497501,1,-4.62,0.7994766889,1.488087903,8.7569,2,2.2
2021_August_PIJE_2.2,2021_August,15.022,PIJE,HP,118.2294622,91.19563393891215,1,-2.61,1.182294622,1.296437747,18.5638,2,2.2
2021_August_ABCO_2.2,2021_August,13.5104,ABCO,HP,132.9033153,78.0854469951952,1,-2.39,1.3290331530000001,1.7020241340000002,15.4266,2,2.2
2021_August_ARPA_2.2,2021_August,8.0885,ARPA,HP,190.4372898,100,1,-1.91,1.904372898,1.904372898,9.6737,2,2.2
2021_August_CADE_2.2,2021_August,14.5036,CADE,HP,108.3594744,98.03883319466703,1,-1.75,1.083594744,1.105270951,17.0598,2,2.2
2021_August_CECO_2.2,2021_August,8.2385,CECO,HP,122.007329,81.98932922848981,1,-1.68,1.22007329,1.488087903,9.4371,2,2.2
2021_August_PIJE_2.2,2021_August,17.1704,PIJE,HP,112.1657084,86.51839138404847,1,-2.33,1.121657084,1.296437747,22.7696,2,2.2
2021_August_ABCO_2.2,2021_August,14.4164,ABCO,HP,118.6464989,69.70905789753037,1,-2.94,1.186464989,1.7020241340000002,17.1461,2,2.2
2021_August_ARPA_2.2,2021_August,14.1481,ARPA,HP,98.668287,51.81143204864072,1,-3.67,0.9866828700000001,1.904372898,16.0967,2,2.2
2021_August_CADE_2.2,2021_August,14.1392,CADE,HP,110.5270951,100,1,-1.45,1.105270951,1.105270951,16.3787,2,2.2
2021_August_CECO_2.2,2021_August,8.1078,CECO,HP,48.02580645,32.27350101642483,1,-10,0.48025806449999997,1.488087903,8.48,2,2.2
2021_August_PIJE_2.2,2021_August,15.4425,PIJE,HP,123.7492342,95.45327917700627,1,-0.94,1.2374923420000001,1.296437747,19.6845,2,2.2
2021_August_ABCO_2.2,2021_August,8.6104,ABCO,HP,122.1329952,71.75749906258379,1,-3,1.221329952,1.7020241340000002,10.3442,2,2.2
2021_August_ARPA_2.2,2021_August,8.8887,ARPA,HP,150.0565308,78.79577101606074,1,-0.1,1.5005653079999999,1.904372898,11.4104,2,2.2
2021_August_CADE_2.2,2021_August,8.8097,CADE,HP,82.31850862,74.4781255180206,1,-5.34,0.8231850862000001,1.105270951,10.1035,2,2.2
2021_August_CECO_2.2,2021_August,7.6459,CECO,HP,82.34496124,55.33608671503326,1,-4.99,0.8234496124,1.488087903,8.0708,2,2.2
2021_August_PIJE_2.2,2021_August,15.525,PIJE,HP,100.97632780000001,77.88752528508414,1,-2.92,1.009763278,1.296437747,18.8863,2,2.2
2021_August_ABCO_2.2,2021_August,13.0182,ABCO,HP,121.4315789,71.34539192145203,1,-3.21,1.214315789,1.7020241340000002,14.1718,2,2.2
2021_August_ARPA_2.2,2021_August,13.8213,ARPA,HP,97.13689799,51.00728858933803,1,-3.99,0.9713689798999999,1.904372898,15.3582,2,2.2
2021_August_CADE_2.2,2021_August,10.1424,CADE,HP,95.48926507,86.39444019007789,1,-2.99,0.9548926507000001,1.105270951,12.9177,2,2.2
2021_August_CECO_2.2,2021_August,7.6826,CECO,HP,129.215604,86.83331390538157,1,-1.91,1.29215604,1.488087903,8.2987,2,2.2
2021_August_PIJE_2.2,2021_August,14.389,PIJE,HP,93.55890573,72.16613828662304,1,-3.26,0.9355890573000001,1.296437747,16.5983,2,2.2
2021_August_CECO_2.3,2021_August,13.1706,CECO,HP,138.5164051,100,1,-0.15,1.3851640509999998,1.3851640509999998,14.4329,2,2.3
2021_August_PIJE_2.3,2021_August,15.3735,PIJE,HP,136.3995981,96.54762362213403,1,-0.75,1.363995981,1.412770123,19.7181,2,2.3
2021_August_ABCO_2.3,2021_August,14.2173,ABCO,HP,139.9369238,71.69311939470913,1,-3.49,1.3993692379999998,1.951887782,17.1014,2,2.3
2021_August_ARPA_2.3,2021_August,14.4151,ARPA,HP,68.79873828,43.38949346452626,1,-4.72,0.6879873827999999,1.585608238,15.9855,2,2.3
2021_August_CADE_2.3,2021_August,14.4197,CADE,HP,49.81419297,36.572877463992896,1,-8.13,0.4981419297,1.3620528770000002,15.5323,2,2.3
2021_August_CECO_2.3,2021_August,8.1593,CECO,HP,120.73210950000001,87.16087413100215,1,-1.23,1.2073210950000002,1.3851640509999998,9.2576,2,2.3
2021_August_PIJE_2.3,2021_August,15.2486,PIJE,HP,125.5616232,88.87618810438278,1,-1.76,1.255616232,1.412770123,19.0884,2,2.3
2021_August_ABCO_2.3,2021_August,12.9221,ABCO,HP,118.1749049,60.54390318428664,1,-3.78,1.181749049,1.951887782,13.8545,2,2.3
2021_August_ARPA_2.3,2021_August,13.285,ARPA,HP,86.24066712,54.389643704663946,1,-3.83,0.8624066712,1.585608238,14.1744,2,2.3
2021_August_CADE_2.3,2021_August,8.2963,CADE,HP,78.5843747,57.695538864164064,1,-4.18,0.7858437469999999,1.3620528770000002,9.1201,2,2.3
2021_August_CECO_2.3,2021_August,8.0466,CECO,HP,105.05345,75.841883078151,1,-2.58,1.0505345,1.3851640509999998,8.9114,2,2.3
2021_August_PIJE_2.3,2021_August,15.2579,PIJE,HP,108.6352737,76.89522303127016,1,-3.27,1.086352737,1.412770123,18.52,2,2.3
2021_August_ARPA_2.3,2021_August,8.9298,ARPA,HP,76.29470159,48.11699369463039,1,-5.85,0.7629470159,1.585608238,10.2056,2,2.3
2021_August_CADE_2.3,2021_August,8.1401,CADE,HP,75.83040472,55.67361297090082,1,-4.62,0.7583040472,1.3620528770000002,8.809,2,2.3
2021_August_CECO_2.3,2021_August,6.9823,CECO,HP,78.52694611,56.691441027009446,1,-7.32,0.7852694611,1.3851640509999998,7.638,2,2.3
2021_August_PIJE_2.3,2021_August,14.0549,PIJE,HP,68.80008664,48.698712918633824,1,-3.58,0.6880008664,1.412770123,15.3255,2,2.3
2021_August_CECO_2.3,2021_August,8.1197,CECO,HP,72.52956504,52.3617148363317,1,-5.58,0.7252956504,1.3851640509999998,8.8434,2,2.3
2021_August_PIJE_2.3,2021_August,17.6447,PIJE,HP,123.3687789,87.324028793890335,1,-3.57,1.233687789,1.412770123,24.4665,2,2.3
2021_August_CADE_2.3,2021_August,14.7449,CADE,HP,52.8480664,38.8003045200425,1,-6.82,0.528480664,1.3620528770000002,16.1839,2,2.3
2021_August_CADE_2.3,2021_August,14.2971,CADE,HP,61.91836929,45.459592895085514,1,-5.27,0.6191836929,1.3620528770000002,15.5972,2,2.3
2021_August_ABCO_2.3,2021_August,14.5606,ABCO,HP,170.6303343,87.41810665219892,1,-0.92,1.7063033429999999,1.951887782,18.3991,2,2.3
2021_August_CECO_2.3,2021_August,6.8507,CECO,HP,110.4792148,79.75893882045312,1,-0.89,1.104792148,1.3851640509999998,7.6161,2,2.3
2021_August_PIJE_2.3,2021_August,15.7335,PIJE,HP,136.3973539,96.54603511175753,1,-0.2,1.363973539,1.412770123,20.6614,2,2.3
2021_August_ABCO_2.3,2021_August,8.0108,ABCO,HP,195.1887782,100,1,-1.79,1.951887782,1.951887782,9.4997,2,2.3
2021_August_CECO_2.3,2021_August,6.9746,CECO,HP,102.9906302,74.35265889671865,1,-5.47,1.0299063019999999,1.3851640509999998,7.777,2,2.3
2021_August_PIJE_2.3,2021_August,14.7742,PIJE,HP,141.2770123,100,1,-1.29,1.412770123,1.412770123,18.5268,2,2.3
2021_August_ABCO_2.3,2021_August,8.8948,ABCO,HP,146.006533,74.80272910484359,1,-1.63,1.46006533,1.951887782,11.1744,2,2.3
2021_August_ARPA_2.3,2021_August,8.2453,ARPA,HP,139.889972,88.22480146574514,1,-1.71,1.39889972,1.585608238,9.6947,2,2.3
2021_August_CADE_2.3,2021_August,14.0966,CADE,HP,77.93387609,57.21795196501757,1,-3.33,0.7793387609,1.3620528770000002,15.6665,2,2.3
2021_August_CECO_2.3,2021_August,8.211,CECO,HP,90.96003899,65.66734021456352,1,-3.54,0.9096003899,1.3851640509999998,8.9576,2,2.3
2021_August_PIJE_2.3,2021_August,16.8459,PIJE,HP,138.7500265,98.2113255660914,1,-2.06,1.387500265,1.412770123,23.3795,2,2.3
2021_August_ABCO_2.3,2021_August,13.7658,ABCO,HP,177.9599811,91.1732645396517,1,-0.22,1.779599811,1.951887782,16.7719,2,2.3
2021_August_ARPA_2.3,2021_August,8.8835,ARPA,HP,136.2272504,85.91482254899839,1,-2.34,1.362272504,1.585608238,11.0991,2,2.3
2021_August_CADE_2.3,2021_August,8.8995,CADE,HP,130.1518438,95.55564691927889,1,-1.86,1.301518438,1.3620528770000002,10.9995,2,2.3
2021_August_CECO_2.3,2021_August,7.8766,CECO,HP,93.20717413,67.28962830266234,1,-4.34,0.9320717413,1.3851640509999998,8.5366,2,2.3
2021_August_PIJE_2.3,2021_August,16.3218,PIJE,HP,108.7322716,76.96388098094002,1,-2.46,1.087322716,1.412770123,20.8144,2,2.3
2021_August_ABCO_2.3,2021_August,13.8632,ABCO,HP,176.297907,90.32174319947663,1,-0.88,1.76297907,1.951887782,17.1062,2,2.3
2021_August_ARPA_2.3,2021_August,8.0508,ARPA,HP,158.5608238,100,1,-0.97,1.585608238,1.585608238,9.3751,2,2.3
2021_August_CADE_2.3,2021_August,9.2462,CADE,HP,117.2013274,86.04756054562482,1,-1.46,1.172013274,1.3620528770000002,11.5771,2,2.3
2021_August_CECO_2.3,2021_August,7.8014,CECO,HP,118.316474,85.41693954198644,1,-1.74,1.18316474,1.3851640509999998,8.4564,2,2.3
2021_August_PIJE_2.3,2021_August,16.1864,PIJE,HP,111.496708,78.92062989217106,1,-2.56,1.11496708,1.412770123,20.6233,2,2.3
2021_August_ABCO_2.3,2021_August,14.0472,ABCO,HP,165.8486591,84.96833712953689,1,-2.54,1.658486591,1.951887782,16.96,2,2.3
2021_August_ARPA_2.3,2021_August,13.4865,ARPA,HP,99.01816776,62.44806591374432,1,-1.46,0.9901816776,1.585608238,14.7673,2,2.3
2021_August_CADE_2.3,2021_August,8.1714,CADE,HP,136.2052877,100,1,-1.8,1.3620528770000002,1.3620528770000002,9.4851,2,2.3
2021_August_CECO_2.3,2021_August,8.0235,CECO,HP,82.20649256,59.347838619297235,1,-5.05,0.8220649256,1.3851640509999998,8.6971,2,2.3
2021_August_PIJE_2.3,2021_August,15.4097,PIJE,HP,128.476862,90.93967936353366,1,-2.76,1.2847686200000001,1.412770123,19.5825,2,2.3
2021_August_ABCO_2.3,2021_August,8.0624,ABCO,HP,139.0375644,71.23235550843773,1,-3.2,1.3903756440000001,1.951887782,9.195,2,2.3
2021_August_ARPA_2.3,2021_August,8.0535,ARPA,HP,104.1633398,65.69298601234942,1,-0.12,1.041633398,1.585608238,8.9667,2,2.3
2021_August_CADE_2.3,2021_August,15.6032,CADE,HP,102.0456968,74.9205104465265,1,-2.57,1.020456968,1.3620528770000002,19.1449,2,2.3
2021_August_CECO_2.3,2021_August,6.9355,CECO,HP,44.83443709,32.367600832285824,1,-10,0.4483443709,1.3851640509999998,7.274,2,2.3
2021_August_PIJE_2.3,2021_August,16.4871,PIJE,HP,121.3197729,85.87368243771955,1,-1.45,1.213197729,1.412770123,21.6165,2,2.3
2021_August_ABCO_2.3,2021_August,13.6685,ABCO,HP,135.778925,69.5628745935764,1,-3.06,1.35778925,1.951887782,15.9041,2,2.3
2021_August_ARPA_2.3,2021_August,13.3811,ARPA,HP,98.83913765,62.33515649153685,1,-3.46,0.9883913765,1.585608238,14.6923,2,2.3
2021_August_CADE_2.3,2021_August,14.9015,CADE,HP,91.29083577,67.0244432588207,1,-3.09,0.9129083577,1.3620528770000002,17.369,2,2.3
2021_August_CECO_2.3,2021_August,8.1819,CECO,HP,92.22770717,66.5825156979908,1,-3.98,0.9222770717000001,1.3851640509999998,9.06,2,2.3
2021_August_PIJE_2.3,2021_August,16.6231,PIJE,HP,113.7840309,80.53966391813341,1,-3.05,1.137840309,1.412770123,21.7262,2,2.3
2021_August_CECO_2.4,2021_August,13.7402,CECO,HP,140.1437908,91.30124059967456,1,-0.2,1.4014379080000001,1.5349604220000002,15.8844,2,2.4
2021_August_ABCO_2.4,2021_August,14.8284,ABCO,HP,115.7063404,74.60054089430294,1,-3.54,1.157063404,1.551012084,17.949,2,2.4
2021_August_ARPA_2.4,2021_August,13.6962,ARPA,HP,78.7427049,45.567943305175945,1,-4.52,0.787427049,1.728028504,14.9375,2,2.4
2021_August_CADE_2.4,2021_August,14.9169,CADE,HP,43.51664521,31.5506747034876,1,-5.22,0.4351664521,1.3792619529999999,16.0999,2,2.4
2021_August_CECO_2.4,2021_August,7.9274,CECO,HP,138.6456427,90.32522318676435,1,-1.11,1.386456427,1.5349604220000002,8.9122,2,2.4
2021_August_ARPA_2.4,2021_August,8.5654,ARPA,HP,65.87753909,38.12294701013798,1,-5.79,0.6587753909,1.728028504,9.467,2,2.4
2021_August_CADE_2.4,2021_August,8.8375,CADE,HP,98.94242804,71.7357771123844,1,-3.12,0.9894242804,1.3792619529999999,10.4186,2,2.4
2021_August_CECO_2.4,2021_August,7.4462,CECO,HP,153.4960422,100,1,-0.97,1.5349604220000002,1.5349604220000002,7.6789,2,2.4
2021_August_ARPA_2.4,2021_August,8.7669,ARPA,HP,65.94816688,38.163818899598425,1,-5.83,0.6594816688,1.728028504,9.8102,2,2.4
2021_August_CADE_2.4,2021_August,14.6872,CADE,HP,77.6500484,56.298260262385426,1,-5.44,0.776500484,1.3792619529999999,16.6123,2,2.4
2021_August_ARPA_2.4,2021_August,13.4358,ARPA,HP,50.5991154,29.281412478367315,1,-6.91,0.505991154,1.728028504,14.065,2,2.4
2021_August_ARPA_2.4,2021_August,13.1952,ARPA,HP,73.35622664,42.4508198043011,1,-5.22,0.7335622664,1.728028504,13.9215,2,2.4
2021_August_CADE_2.4,2021_August,15.7341,CADE,HP,36.26750581,26.29486424323923,1,-10,0.3626750581,1.3792619529999999,17.0134,2,2.4
2021_August_ABCO_2.4,2021_August,14.1371,ABCO,HP,155.1012084,100,1,-0.46,1.551012084,1.551012084,17.1791,2,2.4
2021_August_CECO_2.4,2021_August,7.0905,CECO,HP,126.3253491,82.29876633262143,1,-0.76,1.263253491,1.5349604220000002,8.2033,2,2.4
2021_August_ABCO_2.4,2021_August,8.1686,ABCO,HP,142.3762975,91.79573709884777,1,-2.48,1.4237629749999998,1.551012084,9.5814,2,2.4
2021_August_CECO_2.4,2021_August,7.6825,CECO,HP,84.31132844,54.92736309783497,1,-3.97,0.8431132844,1.5349604220000002,8.0963,2,2.4
2021_August_ABCO_2.4,2021_August,7.9285,ABCO,HP,125.3748897,80.83424429335395,1,-1.66,1.253748897,1.551012084,8.7813,2,2.4
2021_August_ARPA_2.4,2021_August,7.9982,ARPA,HP,151.7299688,87.80524652734547,1,-1.64,1.517299688,1.728028504,9.1647,2,2.4
2021_August_CADE_2.4,2021_August,15.3474,CADE,HP,137.9261953,100,1,-2.25,1.3792619529999999,1.3792619529999999,19.6718,2,2.4
2021_August_CECO_2.4,2021_August,8.6453,CECO,HP,112.3325933,73.18272946323563,1,-2.18,1.123325933,1.5349604220000002,10.2138,2,2.4
2021_August_ABCO_2.4,2021_August,15.1399,ABCO,HP,138.270345,89.14846404252773,1,-0.21,1.38270345,1.551012084,19.34,2,2.4
2021_August_ARPA_2.4,2021_August,8.1099,ARPA,HP,172.8028504,100,1,-1.2,1.728028504,1.728028504,9.7104,2,2.4
2021_August_CADE_2.4,2021_August,9.1548,CADE,HP,116.8602874,84.726680922228,1,-1.86,1.168602874,1.3792619529999999,11.4483,2,2.4
2021_August_CECO_2.4,2021_August,8.2625,CECO,HP,85.46251217,55.67733926236698,1,-4.2,0.8546251216999999,1.5349604220000002,9.1402,2,2.4
2021_August_ABCO_2.4,2021_August,13.9293,ABCO,HP,122.8842929,79.22845615946858,1,-2.54,1.228842929,1.551012084,16.1277,2,2.4
2021_August_ARPA_2.4,2021_August,7.9781,ARPA,HP,115.0281618,66.56612523099909,1,-3.67,1.1502816180000002,1.728028504,8.8767,2,2.4
2021_August_CADE_2.4,2021_August,8.0364,CADE,HP,133.6970153,96.93373692299625,1,-0.44,1.336970153,1.3792619529999999,9.1025,2,2.4
2021_August_CECO_2.4,2021_August,8.0164,CECO,HP,86.94649446,56.644127896608396,1,-3.64,0.8694649446,1.5349604220000002,8.7704,2,2.4
2021_August_ABCO_2.4,2021_August,8.7768,ABCO,HP,118.11699376673877,76.15478627485585,1,-3.38,1.1811699376673876,1.551012084,10.4571,2,2.4
2021_August_ARPA_2.4,2021_August,12.948,ARPA,HP,165.7943431,95.94421776968557,1,-1.53,1.6579434309999999,1.728028504,14.2024,2,2.4
2021_August_CADE_2.4,2021_August,8.3733,CADE,HP,71.77354441,52.03764538990369,1,-5.5,0.7177354441,1.3792619529999999,9.1758,2,2.4
2021_August_CECO_2.4,2021_August,8.1849,CECO,HP,69.6436015,45.371594278148756,1,-5.62,0.6964360150000001,1.5349604220000002,8.8532,2,2.4
2021_August_ABCO_2.4,2021_August,8.5394,ABCO,HP,110.7012786,71.37357583604744,1,-2.99,1.1070127859999999,1.551012084,9.968,2,2.4
2021_August_ARPA_2.4,2021_August,7.7558,ARPA,HP,158.5260658,91.7381081579659,1,-0.29,1.585260658,1.728028504,10.2919,2,2.4
2021_August_CADE_2.4,2021_August,15.2312,CADE,HP,106.8813862,77.49172372044688,1,-1.64,1.0688138619999998,1.3792619529999999,18.4634,2,2.4
2021_August_CECO_2.4,2021_August,7.6304,CECO,HP,66.64941785,43.420935741885856,1,-6.06,0.6664941785,1.5349604220000002,7.888,2,2.4
2021_August_ABCO_2.4,2021_August,13.4089,ABCO,HP,114.1158059,73.57505919986113,1,-3.22,1.141158059,1.551012084,14.8673,2,2.4
2021_August_ARPA_2.4,2021_August,13.9305,ARPA,HP,86.7308473,50.190634644762774,1,-4.41,0.8673084729999999,1.728028504,15.426,2,2.4
2021_August_CADE_2.4,2021_August,14.3205,CADE,HP,81.82783759,59.32726369491902,1,-5.87,0.8182783759,1.3792619529999999,16.0154,2,2.4
2021_August_CECO_2.4,2021_August,7.2812,CECO,HP,26.69933185,17.394150016722712,1,-10,0.2669933185,1.5349604220000002,7.5809,2,2.4
2021_August_CECO_2.5,2021_August,13.593,CECO,HP,151.7122797,100,1,-0.22,1.517122797,1.517122797,15.7106,2,2.5
2021_August_ABCO_2.5,2021_August,14.5396,ABCO,HP,106.4922893,72.83907269472235,1,-3.97,1.0649228929999999,1.4620214859999998,17.0394,2,2.5
2021_August_ARPA_2.5,2021_August,13.7557,ARPA,HP,89.60684383,55.63301702627529,1,-3.93,0.8960684383,1.6106774110000002,15.2326,2,2.5
2021_August_CADE_2.5,2021_August,15.9191,CADE,HP,86.7185411,46.33266987060973,1,-3.96,0.8671854109999999,1.8716499899999999,19.1622,2,2.5
2021_August_CECO_2.5,2021_August,7.8018,CECO,HP,142.256245,93.767126353451,1,-1.59,1.42256245,1.517122797,8.6845,2,2.5
2021_August_ABCO_2.5,2021_August,14.389,ABCO,HP,82.47176857,56.40940941000644,1,-3.87,0.8247176856999999,1.4620214859999998,16.2221,2,2.5
2021_August_ARPA_2.5,2021_August,14.4006,ARPA,HP,77.25777266,47.96601239476872,1,-4.45,0.7725777266,1.6106774110000002,16.2792,2,2.5
2021_August_CADE_2.5,2021_August,14.6301,CADE,HP,93.99581838,50.220831289080934,1,-3.45,0.9399581838000001,1.8716499899999999,17.0128,2,2.5
2021_August_CECO_2.5,2021_August,6.5089,CECO,HP,80.29925187,52.92864363305721,1,-5.1,0.8029925187000001,1.517122797,6.7987,2,2.5
2021_August_ARPA_2.5,2021_August,8.5773,ARPA,HP,74.00326071,45.945426566859574,1,-4.86,0.7400326071000001,1.6106774110000002,9.5759,2,2.5
2021_August_CADE_2.5,2021_August,13.7545,CADE,HP,22.47664407,12.008999647418053,1,-7.43,0.2247664407,1.8716499899999999,14.1226,2,2.5
2021_August_CECO_2.5,2021_August,7.486,CECO,HP,81.05395232,53.42609871809868,1,-5.54,0.8105395231999999,1.517122797,7.6798,2,2.5
2021_August_ARPA_2.5,2021_August,13.5293,ARPA,HP,96.29924922,59.788042324509874,1,-3.46,0.9629924921999999,1.6106774110000002,14.9787,2,2.5
2021_August_CECO_2.5,2021_August,12.9668,CECO,HP,109.977267,72.490682506038425,1,-2.51,1.09977267,1.517122797,13.8376,2,2.5
2021_August_ARPA_2.5,2021_August,13.7559,ARPA,HP,62.55832763,38.839762203630976,1,-6.29,0.6255832763,1.6106774110000002,14.7614,2,2.5
2021_August_CADE_2.5,2021_August,9.0125,CADE,HP,76.66291503,40.96007022659188,1,-4.74,0.7666291502999999,1.8716499899999999,10.3748,2,2.5
2021_August_ARPA_2.5,2021_August,13.4419,ARPA,HP,72.19970682,44.825677896093616,1,-5.26,0.7219970682,1.6106774110000002,14.2792,2,2.5
2021_August_ABCO_2.5,2021_August,14.1345,ABCO,HP,139.5002633,95.41601449487865,1,-0.67,1.395002633,1.4620214859999998,17.0488,2,2.5
2021_August_CECO_2.5,2021_August,6.5599,CECO,HP,128.8915956,84.95791893370381,1,-1.29,1.2889159559999999,1.517122797,7.089,2,2.5
2021_August_ABCO_2.5,2021_August,6.7095,ABCO,HP,133.499466,91.31156229806601,1,-2.25,1.3349946600000002,1.4620214859999998,7.4595,2,2.5
2021_August_CECO_2.5,2021_August,6.6623,CECO,HP,96.03507434,63.30079182113825,1,-3.92,0.9603507433999999,1.517122797,7.1661,2,2.5
2021_August_ABCO_2.5,2021_August,7.7836,ABCO,HP,137.4918033,94.04225903421505,1,-1.85,1.374918033,1.4620214859999998,8.6223,2,2.5
2021_August_ARPA_2.5,2021_August,8.5343,ARPA,HP,149.7760964,92.98950576764499,1,-1.39,1.497760964,1.6106774110000002,10.4742,2,2.5
2021_August_CADE_2.5,2021_August,15.9072,CADE,HP,103.0033123,55.03342657566013,1,-2.04,1.030033123,1.8716499899999999,19.6078,2,2.5
2021_August_CECO_2.5,2021_August,8.2678,CECO,HP,91.57492494,60.36091812810588,1,-2.65,0.9157492494,1.517122797,9.2743,2,2.5
2021_August_ABCO_2.5,2021_August,13.3433,ABCO,HP,127.793603,87.40884058389277,1,-0.84,1.27793603,1.4620214859999998,14.9135,2,2.5
2021_August_ARPA_2.5,2021_August,8.2648,ARPA,HP,137.2048193,85.18454307670177,1,-2.76,1.372048193,1.6106774110000002,9.6883,2,2.5
2021_August_CADE_2.5,2021_August,8.6881,CADE,HP,147.7726575,78.95314737773168,1,-1.86,1.4777265750000002,1.8716499899999999,10.8045,2,2.5
2021_August_CECO_2.5,2021_August,7.8126,CECO,HP,81.87702265,53.968619291665675,1,-4.52,0.8187702265,1.517122797,8.2933,2,2.5
2021_August_ABCO_2.5,2021_August,13.507,ABCO,HP,146.2021486,100,1,-0.12,1.4620214859999998,1.4620214859999998,15.4395,2,2.5
2021_August_ARPA_2.5,2021_August,8.2186,ARPA,HP,121.2606349,75.28548800142079,1,-3.32,1.212606349,1.6106774110000002,9.5441,2,2.5
2021_August_CADE_2.5,2021_August,14.6437,CADE,HP,187.164999,100,1,-0.11,1.8716499899999999,1.8716499899999999,19.4136,2,2.5
2021_August_CECO_2.5,2021_August,8.0158,CECO,HP,117.4042395,77.3861151728511,1,-2.81,1.174042395,1.517122797,8.9629,2,2.5
2021_August_ABCO_2.5,2021_August,8.6675,ABCO,HP,98.23352292,67.1902046999055,1,-3.2,0.9823352291999999,1.4620214859999998,10.1356,2,2.5
2021_August_CADE_2.5,2021_August,8.3861,CADE,HP,101.4313379,54.193539626498236,1,-2.77,1.014313379,1.8716499899999999,9.5908,2,2.5
2021_August_CECO_2.5,2021_August,7.6013,CECO,HP,108.7945413,71.711097819592,1,-3.15,1.0879454130000001,1.517122797,8.0318,2,2.5
2021_August_ABCO_2.5,2021_August,8.1032,ABCO,HP,121.4687532,83.08274150767167,1,-2.32,1.214687532,1.4620214859999998,10.4784,2,2.5
2021_August_ARPA_2.5,2021_August,13.2145,ARPA,HP,161.0677411,100,1,-0.27,1.6106774110000002,1.6106774110000002,15.1333,2,2.5
2021_August_CADE_2.5,2021_August,14.1045,CADE,HP,117.1570847,62.59561634170714,1,-2.7,1.171570847,1.8716499899999999,16.4337,2,2.5
2021_August_CECO_2.5,2021_August,7.0793,CECO,HP,52.78352887,34.791863239004506,1,-10,0.5278352887,1.517122797,7.5382,2,2.5
2021_August_ABCO_2.5,2021_August,13.2889,ABCO,HP,94.62795845,64.72405457521437,1,-3.5,0.9462795844999999,1.4620214859999998,14.4004,2,2.5
2021_August_ARPA_2.5,2021_August,14.6699,ARPA,HP,86.52403445,53.71903390405218,1,-3.88,0.8652403445,1.6106774110000002,16.8497,2,2.5
2021_August_CADE_2.5,2021_August,16.2106,CADE,HP,55.78201607,29.803657931790976,1,-6.4,0.5578201607,1.8716499899999999,18.3837,2,2.5
2021_August_CECO_2.5,2021_August,6.7615,CECO,HP,67.36259814,44.40154631728206,1,-6.43,0.6736259814000001,1.517122797,7.139,2,2.5
