"","sample","fresh.wt","dry.wt","water.wt","individual","mpa","spp","year.month","gww.gdw.saturated","RWC","RWD","gww.gdw","gdw.gfw","lfm.outliers.out","lfm.NAs.imputed","LFM"
"1",11,8.462,7.646,0.816,"2020_October_ABCO_1.1",-0.208,"ABCO","2020_October",1.873278237,100,0,1.873278237,0.903568896242023,187.3278237,187.3278237,187.3278237
"2",11,8.4925,7.6631,0.8294,"2020_October_ABCO_1.1",-0.698,"ABCO","2020_October",1.873278237,97.4797964302619,2.52020356973806,1.826067812,0.902337356491022,182.6067812,182.6067812,182.6067812
"3",11,8.6678,7.8193,0.8485,"2020_October_ABCO_1.1",-2.187,"ABCO","2020_October",1.873278237,76.8231453062037,23.1768546937963,1.439111262,0.90210895498281,143.9111262,143.9111262,143.9111262
"4",11,13.5592,12.8031,0.7561,"2020_October_ABCO_1.1",-2.509,"ABCO","2020_October",1.873278237,64.5282127408818,35.4717872591182,1.208792966,0.944237123134108,120.8792966,120.8792966,120.8792966
"5",11,13.3797,12.6961,0.6836,"2020_October_ABCO_1.1",-3.01,"ABCO","2020_October",1.873278237,72.6935786208037,27.3064213791963,1.361752988,0.948907673565177,136.1752988,136.1752988,136.1752988
"6",11,8.1926,7.7071,0.4855,"2020_October_ABCO_1.1",-3.62,"ABCO","2020_October",1.873278237,54.5508994775131,45.4491005224869,1.021890128,0.940739203671606,102.1890128,102.1890128,102.1890128
"7",12,7.642,7.3531,0.2889,"2020_October_ABCO_1.2",-0.261,"ABCO","2020_October",2.002079002,100,0,2.002079002,0.96219576027218,200.2079002,200.2079002,200.2079002
"8",12,7.9934,7.5323,0.4611,"2020_October_ABCO_1.2",-1.223,"ABCO","2020_October",2.002079002,82.4304194465549,17.5695805534451,1.650322119,0.942314909800586,165.0322119,165.0322119,165.0322119
"9",12,7.7905,7.4956,0.2949,"2020_October_ABCO_1.2",-1.784,"ABCO","2020_October",2.002079002,72.9553663736992,27.0446336263008,1.460624071,0.962146203709646,146.0624071,146.0624071,146.0624071
"10",12,7.7997,7.4313,0.3684,"2020_October_ABCO_1.2",-2.674,"ABCO","2020_October",2.002079002,78.5355197486857,21.4644802513143,1.57234315,0.952767414131313,157.234315,157.234315,157.234315
"11",12,7.8501,7.4728,0.3773,"2020_October_ABCO_1.2",-2.738,"ABCO","2020_October",2.002079002,70.0833401977811,29.9166598022189,1.403123838,0.951936918001045,140.3123838,140.3123838,140.3123838
"12",12,12.9354,12.5154,0.42,"2020_October_ABCO_1.2",-2.991,"ABCO","2020_October",2.002079002,61.1252714192344,38.8747285807656,1.223776224,0.967530961547382,122.3776224,122.3776224,122.3776224
"13",12,8.0898,7.618,0.4718,"2020_October_ABCO_1.2",-3.467,"ABCO","2020_October",2.002079002,56.5662593168738,43.4337406831262,1.1325012,0.941679645973942,113.25012,113.25012,113.25012
"14",12,7.5714,7.4046,0.1668,"2020_October_ABCO_1.2",-3.822,"ABCO","2020_October",2.002079002,52.8638297461151,47.1361702538849,1.058375635,0.977969728187654,105.8375635,105.8375635,105.8375635
"15",13,8.0189,7.4405,0.5784,"2020_October_ABCO_1.3",-0.112,"ABCO","2020_October",1.91840796,100,0,1.91840796,0.927870406165434,191.840796,191.840796,191.840796
"16",13,8.525,7.6374,0.8876,"2020_October_ABCO_1.3",-1.117,"ABCO","2020_October",1.91840796,90.5431137285314,9.45688627146856,1.736986301,0.895882697947214,173.6986301,173.6986301,173.6986301
"17",13,13.762,12.9378,0.8242,"2020_October_ABCO_1.3",-1.821,"ABCO","2020_October",1.91840796,68.4446510532619,31.5553489467381,1.313047634,0.940110449062636,131.3047634,131.3047634,131.3047634
"18",13,8.8232,7.8292,0.994,"2020_October_ABCO_1.3",-2.223,"ABCO","2020_October",1.91840796,86.298795278143,13.701204721857,1.655562958,0.887342460785203,165.5562958,165.5562958,165.5562958
"19",13,12.8518,12.3525,0.4993,"2020_October_ABCO_1.3",-2.61,"ABCO","2020_October",1.91840796,77.4606828153486,22.5393171846514,1.486011905,0.961149410977451,148.6011905,148.6011905,148.6011905
"20",13,12.9796,12.4549,0.5247,"2020_October_ABCO_1.3",-2.755,"ABCO","2020_October",1.91840796,78.7526747439059,21.2473252560941,1.510797581,0.959575025424512,151.0797581,151.0797581,151.0797581
"21",13,7.9367,7.516,0.4207,"2020_October_ABCO_1.3",-2.961,"ABCO","2020_October",1.91840796,69.4415519939773,30.5584480060227,1.332172261,0.946993082767397,133.2172261,133.2172261,133.2172261
"22",13,12.9453,12.5391,0.4062,"2020_October_ABCO_1.3",-3.377,"ABCO","2020_October",1.91840796,49.2070812352134,50.7929187647866,0.9439925633,0.968621816412134,94.39925633,94.39925633,94.39925633
"23",14,7.9775,7.5349,0.4426,"2020_October_ABCO_1.4",-0.312,"ABCO","2020_October",1.74,75.5024683908046,24.4975316091954,1.31374295,0.944518959573801,131.374295,131.374295,131.374295
"24",14,8.1974,7.6232,0.5742,"2020_October_ABCO_1.4",-1.243,"ABCO","2020_October",1.74,100,0,1.74,0.929953399858492,174,174,174
"25",14,12.659,12.3406,0.3184,"2020_October_ABCO_1.4",-2.352,"ABCO","2020_October",1.74,83.901194770115,16.098805229885,1.459880789,0.974847934276009,145.9880789,145.9880789,145.9880789
"26",14,7.8384,7.4749,0.3635,"2020_October_ABCO_1.4",-2.437,"ABCO","2020_October",1.74,88.5954393678161,11.4045606321839,1.541560645,0.953625739946928,154.1560645,154.1560645,154.1560645
"27",14,12.7213,12.3278,0.3935,"2020_October_ABCO_1.4",-2.662,"ABCO","2020_October",1.74,75.4334306896552,24.5665693103448,1.312541694,0.969067626736261,131.2541694,131.2541694,131.2541694
"28",14,7.6447,7.3786,0.2661,"2020_October_ABCO_1.4",-3.109,"ABCO","2020_October",1.74,67.045609137931,32.954390862069,1.166593599,0.965191570630633,116.6593599,116.6593599,116.6593599
"29",14,12.6864,12.3912,0.2952,"2020_October_ABCO_1.4",-3.283,"ABCO","2020_October",1.74,61.6031853448276,38.3968146551724,1.071895425,0.976730987514188,107.1895425,107.1895425,107.1895425
"30",14,7.5094,7.3526,0.1568,"2020_October_ABCO_1.4",-3.476,"ABCO","2020_October",1.74,57.6182497126437,42.3817502873563,1.002557545,0.979119503555544,100.2557545,100.2557545,100.2557545
"31",15,8.0561,7.5121,0.544,"2020_October_ABCO_1.5",-0.179,"ABCO","2020_October",1.811521812,100,0,1.811521812,0.932473529375256,181.1521812,181.1521812,181.1521812
"32",15,7.8922,7.4048,0.4874,"2020_October_ABCO_1.5",-1.083,"ABCO","2020_October",1.811521812,97.8028176786866,2.19718232131339,1.771719375,0.938242822026811,177.1719375,177.1719375,177.1719375
"33",15,7.8323,7.4885,0.3438,"2020_October_ABCO_1.5",-1.517,"ABCO","2020_October",1.811521812,72.910174321434,27.089825678566,1.320783711,0.956104847873549,132.0783711,132.0783711,132.0783711
"34",15,12.7778,12.3819,0.3959,"2020_October_ABCO_1.5",-2.518,"ABCO","2020_October",1.811521812,81.0027920878272,18.9972079121728,1.467383247,0.969016575623347,146.7383247,146.7383247,146.7383247
"35",15,12.8859,12.4827,0.4032,"2020_October_ABCO_1.5",-2.637,"ABCO","2020_October",1.811521812,81.0838958311146,18.9161041688854,1.468852459,0.968709985332806,146.8852459,146.8852459,146.8852459
"36",15,7.777,7.461,0.316,"2020_October_ABCO_1.5",-2.94,"ABCO","2020_October",1.811521812,71.0545704983209,28.9454295016791,1.287169043,0.959367365307959,128.7169043,128.7169043,128.7169043
"37",15,12.6169,12.3244,0.2925,"2020_October_ABCO_1.5",-3.02,"ABCO","2020_October",1.811521812,63.4944758810334,36.5055241189666,1.15021628,0.976816809200358,115.021628,115.021628,115.021628
"38",15,7.5861,7.3844,0.2017,"2020_October_ABCO_1.5",-3.224,"ABCO","2020_October",1.811521812,62.517040562137,37.482959437863,1.132509826,0.973411898076746,113.2509826,113.2509826,113.2509826
"39",16,7.9587,7.5062,0.4525,"2020_October_ABCO_1.6",-0.106,"ABCO","2020_October",1.897634742,75.7239569974104,24.2760430025896,1.436964116,0.943143980800884,143.6964116,143.6964116,143.6964116
"40",16,7.85,7.4608,0.3892,"2020_October_ABCO_1.6",-1.278,"ABCO","2020_October",1.897634742,86.9425287956706,13.0574712043294,1.649851632,0.950420382165605,164.9851632,164.9851632,164.9851632
"41",16,7.9701,7.4807,0.4894,"2020_October_ABCO_1.6",-2.313,"ABCO","2020_October",1.897634742,100,0,1.897634742,0.938595500683806,189.7634742,189.7634742,189.7634742
"42",16,8.2925,7.6233,0.6692,"2020_October_ABCO_1.6",-2.485,"ABCO","2020_October",1.897634742,84.0842942366408,15.9157057633592,1.59561278,0.919300572806753,159.561278,159.561278,159.561278
"43",16,12.349,12.1496,0.1994,"2020_October_ABCO_1.6",-2.907,"ABCO","2020_October",1.897634742,73.8780094571403,26.1219905428597,1.40193477415674,0.983852943558183,NA,140.193477415674,140.193477415674
"44",16,12.7509,12.4702,0.2807,"2020_October_ABCO_1.6",-3.04,"ABCO","2020_October",1.897634742,60.8227733954504,39.1772266045496,1.154194079,0.977985867664243,115.4194079,115.4194079,115.4194079
"45",16,7.6198,7.3956,0.2242,"2020_October_ABCO_1.6",-3.452,"ABCO","2020_October",1.897634742,61.7601035152212,38.2398964847788,1.171981181,0.970576655555264,117.1981181,117.1981181,117.1981181
"46",16,7.7957,7.4983,0.2974,"2020_October_ABCO_1.6",-3.661,"ABCO","2020_October",1.897634742,57.8094481893713,42.1905518106287,1.097012173,0.961850763882653,109.7012173,109.7012173,109.7012173
"47",21,7.7786,7.3725,0.4061,"2020_October_ABCO_2.1",-0.155,"ABCO","2020_October",1.803030303,96.8739495999475,3.12605040005252,1.746666667,0.947792661918597,174.6666667,174.6666667,174.6666667
"48",21,8.1138,7.5545,0.5593,"2020_October_ABCO_2.1",-0.995,"ABCO","2020_October",1.803030303,100,0,1.803030303,0.931068056890729,180.3030303,180.3030303,180.3030303
"49",21,8.0573,7.6067,0.4506,"2020_October_ABCO_2.1",-1.769,"ABCO","2020_October",1.803030303,68.7328396498947,31.2671603501053,1.239273927,0.944075558810023,123.9273927,123.9273927,123.9273927
"50",21,7.6964,7.4471,0.2493,"2020_October_ABCO_2.1",-2.592,"ABCO","2020_October",1.803030303,64.4302082481417,35.5697917518583,1.161696179,0.967608232420352,116.1696179,116.1696179,116.1696179
"51",21,7.5785,7.3813,0.1972,"2020_October_ABCO_2.1",-2.701,"ABCO","2020_October",1.803030303,80.0669316315978,19.9330683684022,1.44363104,0.973979019594907,144.363104,144.363104,144.363104
"52",21,7.5933,7.3944,0.1989,"2020_October_ABCO_2.1",-3.061,"ABCO","2020_October",1.803030303,52.0595968430598,47.9404031569402,0.9386503067,0.973805855161787,93.86503067,93.86503067,93.86503067
"53",21,7.6623,7.4978,0.1645,"2020_October_ABCO_2.1",-4.714,"ABCO","2020_October",1.803030303,35.6248707984139,64.3751292015861,0.6423272159,0.978531250407841,64.23272159,64.23272159,64.23272159
"54",22,7.8751,7.4501,0.425,"2020_October_ABCO_2.2",-0.164,"ABCO","2020_October",1.845419019,100,0,1.845419019,0.946032431334205,184.5419019,184.5419019,184.5419019
"55",22,8.0833,7.4967,0.5866,"2020_October_ABCO_2.2",-0.7282,"ABCO","2020_October",1.845419019,97.745445312331,2.254554687669,1.803813038,0.927430628579912,180.3813038,180.3813038,180.3813038
"56",22,7.8763,7.4047,0.4716,"2020_October_ABCO_2.2",-2.225,"ABCO","2020_October",1.845419019,83.6777071278249,16.3222928721751,1.544204322,0.940124169978289,154.4204322,154.4204322,154.4204322
"57",22,8.0322,7.5903,0.4419,"2020_October_ABCO_2.2",-2.262,"ABCO","2020_October",1.845419019,86.0430512881801,13.9569487118199,1.587854833,0.944983939642937,158.7854833,158.7854833,158.7854833
"58",22,8.1044,7.553,0.5514,"2020_October_ABCO_2.2",-2.4,"ABCO","2020_October",1.845419019,85.1507350808332,14.8492649191668,1.57138786,0.931962884359114,157.138786,157.138786,157.138786
"59",22,12.5642,12.3013,0.2629,"2020_October_ABCO_2.2",-2.843,"ABCO","2020_October",1.845419019,65.1100871200027,34.8899128799973,1.201553931,0.979075468394327,120.1553931,120.1553931,120.1553931
"60",22,7.7654,7.467,0.2984,"2020_October_ABCO_2.2",-3.489,"ABCO","2020_October",1.845419019,62.0720514531556,37.9279485468444,1.145489443,0.961573132098797,114.5489443,114.5489443,114.5489443
"61",22,7.7469,7.5362,0.2107,"2020_October_ABCO_2.2",-4.498,"ABCO","2020_October",1.845419019,50.5868904508131,49.4131095491869,0.9335400975,0.972802024035421,93.35400975,93.35400975,93.35400975
"62",23,8.0256,7.5425,0.4831,"2020_October_ABCO_2.3",-0.192,"ABCO","2020_October",1.812757974,100,0,1.812757974,0.939805123604466,181.2757974,181.2757974,181.2757974
"63",23,7.7774,7.4377,0.3397,"2020_October_ABCO_2.3",-0.798,"ABCO","2020_October",1.812757974,89.3629078583218,10.6370921416782,1.619933238,0.956322164219405,161.9933238,161.9933238,161.9933238
"64",23,8.1571,7.6005,0.5566,"2020_October_ABCO_2.3",-2.2,"ABCO","2020_October",1.812757974,86.4674607687038,13.5325392312962,1.56744579,0.931764965490187,156.744579,156.744579,156.744579
"65",23,8.1314,7.608,0.5234,"2020_October_ABCO_2.3",-2.759,"ABCO","2020_October",1.812757974,72.1287330550173,27.8712669449827,1.30751936,0.935632240450599,130.751936,130.751936,130.751936
"66",23,12.8679,12.4862,0.3817,"2020_October_ABCO_2.3",-3.148,"ABCO","2020_October",1.812757974,61.8757372516183,38.1242627483817,1.121657361,0.970337040231895,112.1657361,112.1657361,112.1657361
"67",23,8.0831,7.5819,0.5012,"2020_October_ABCO_2.3",-3.349,"ABCO","2020_October",1.812757974,61.5230943124236,38.4769056875764,1.115264798,0.937994086427237,111.5264798,111.5264798,111.5264798
"68",23,12.8975,12.4401,0.4574,"2020_October_ABCO_2.3",-3.361,"ABCO","2020_October",1.812757974,68.4915058053966,31.5084941946034,1.241585233,0.964535762744718,124.1585233,124.1585233,124.1585233
"69",23,7.9659,7.6029,0.363,"2020_October_ABCO_2.3",-4.048,"ABCO","2020_October",1.812757974,54.2088145022276,45.7911854977724,0.9826746075,0.954430761119271,98.26746075,98.26746075,98.26746075
"70",24,8.0371,7.5076,0.5295,"2020_October_ABCO_2.4",-0.192,"ABCO","2020_October",1.972067039,100,0,1.972067039,0.934118027646788,197.2067039,197.2067039,197.2067039
"71",24,8.0021,7.5591,0.443,"2020_October_ABCO_2.4",-2.082,"ABCO","2020_October",1.972067039,67.6822517999602,32.3177482000398,1.334739379,0.944639532122818,133.4739379,133.4739379,133.4739379
"72",24,8.5941,7.7481,0.846,"2020_October_ABCO_2.4",-2.182,"ABCO","2020_October",1.972067039,79.0476324674275,20.9523675325725,1.558872305,0.901560372813907,155.8872305,155.8872305,155.8872305
"73",24,8.1682,7.6,0.5682,"2020_October_ABCO_2.4",-2.487,"ABCO","2020_October",1.972067039,82.2506649582514,17.7493350417486,1.622038253,0.930437550500722,162.2038253,162.2038253,162.2038253
"74",24,8.365,7.695,0.67,"2020_October_ABCO_2.4",-2.494,"ABCO","2020_October",1.972067039,76.0736772295904,23.9263227704096,1.500223914,0.919904363419008,150.0223914,150.0223914,150.0223914
"75",24,12.7556,12.3699,0.3857,"2020_October_ABCO_2.4",-2.897,"ABCO","2020_October",1.972067039,65.896760926493,34.103239073507,1.299528302,0.969762300479789,129.9528302,129.9528302,129.9528302
"76",24,12.4931,12.3176,0.1755,"2020_October_ABCO_2.4",-2.934,"ABCO","2020_October",1.972067039,69.6890507686235,30.3109492313765,1.3743148,0.985952245639593,137.43148,137.43148,137.43148
"77",24,8.0808,7.6348,0.446,"2020_October_ABCO_2.4",-4.145,"ABCO","2020_October",1.972067039,58.4540295133445,41.5459704866555,1.152752649,0.944807444807445,115.2752649,115.2752649,115.2752649
"78",25,8.7935,7.8691,0.9244,"2020_October_ABCO_2.5",-0.152,"ABCO","2020_October",1.681119649,94.0272963283888,5.97270367161119,1.580711354,0.894876897708535,158.0711354,158.0711354,158.0711354
"79",25,8.1838,7.5712,0.6126,"2020_October_ABCO_2.5",-0.992,"ABCO","2020_October",1.681119649,100,0,1.681119649,0.925144798259977,168.1119649,168.1119649,168.1119649
"80",25,7.9769,7.5378,0.4391,"2020_October_ABCO_2.5",-2.447,"ABCO","2020_October",1.681119649,87.6199168736264,12.3800831263736,1.472995639,0.9449535533854,147.2995639,147.2995639,147.2995639
"81",25,8.1266,7.5878,0.5388,"2020_October_ABCO_2.5",-2.59,"ABCO","2020_October",1.681119649,91.2327598997684,8.76724010023156,1.533731853,0.933699210001723,153.3731853,153.3731853,153.3731853
"82",25,13.3241,12.6952,0.6289,"2020_October_ABCO_2.5",-2.884,"ABCO","2020_October",1.681119649,87.7541447378562,12.2458552621438,1.47525217,0.952799813871106,147.525217,147.525217,147.525217
"83",25,12.6465,12.3193,0.3272,"2020_October_ABCO_2.5",-2.888,"ABCO","2020_October",1.681119649,73.3907204483576,26.6092795516424,1.233785822,0.974127228877555,123.3785822,123.3785822,123.3785822
"84",25,8.2452,7.6661,0.5791,"2020_October_ABCO_2.5",-3.24,"ABCO","2020_October",1.681119649,76.685842484017,23.314157515983,1.289180766,0.929765196720516,128.9180766,128.9180766,128.9180766
"85",25,8.2256,7.6947,0.5309,"2020_October_ABCO_2.5",-3.379,"ABCO","2020_October",1.681119649,70.7123681950374,29.2876318049626,1.188759516,0.935457595798483,118.8759516,118.8759516,118.8759516
"86",11,7.0918,6.6265,0.4653,"2020_October_ARPA_1.1",-0.072,"ARPA","2020_October",1.341844398,86.344999444563,13.655000555437,1.158615538,0.934389012662512,115.8615538,115.8615538,115.8615538
"87",11,8.0623,7.6286,0.4337,"2020_October_ARPA_1.1",-1.674,"ARPA","2020_October",1.341844398,74.2333124306116,25.7666875693884,0.9960955443,0.946206417523535,99.60955443,99.60955443,99.60955443
"88",11,8.3881,7.7536,0.6345,"2020_October_ARPA_1.1",-2.051,"ARPA","2020_October",1.341844398,82.2216336442908,17.7783663557092,1.103286385,0.924357124974666,110.3286385,110.3286385,110.3286385
"89",11,8.1134,7.758,0.3554,"2020_October_ARPA_1.1",-3.025,"ARPA","2020_October",1.341844398,71.5256073081582,28.4743926918418,0.9597623548,0.956195922794389,95.97623548,95.97623548,95.97623548
"90",11,13.2866,12.6946,0.592,"2020_October_ARPA_1.1",-4.008,"ARPA","2020_October",1.341844398,65.8778247252481,34.1221752747519,0.8839779006,0.955443830626345,88.39779006,88.39779006,88.39779006
"91",11,13.4841,12.9289,0.5552,"2020_October_ARPA_1.1",-4.802,"ARPA","2020_October",1.341844398,56.6870603800069,43.3129396199931,0.7606521441,0.958825579756899,76.06521441,76.06521441,76.06521441
"92",11,8.2074,7.7799,0.4275,"2020_October_ARPA_1.1",-5.761,"ARPA","2020_October",1.341844398,52.9573365033343,47.0426634966657,0.7106050532,0.947912859127129,71.06050532,71.06050532,71.06050532
"93",12,7.9235,7.5641,0.3594,"2020_October_ARPA_1.2",-0.109,"ARPA","2020_October",1.676336375,66.915140823094,33.084859176906,1.121722846,0.954641257020256,112.1722846,112.1722846,112.1722846
"94",12,8.2782,7.7409,0.5373,"2020_October_ARPA_1.2",-1.859,"ARPA","2020_October",1.676336375,66.0594387567352,33.9405612432648,1.107378401,0.935094585779517,110.7378401,110.7378401,110.7378401
"95",12,8.2288,7.6406,0.5882,"2020_October_ARPA_1.2",-2.006,"ARPA","2020_October",1.676336375,86.5953186155732,13.4046813844268,1.451628825,0.928519346684814,145.1628825,145.1628825,145.1628825
"96",12,7.8844,7.5286,0.3558,"2020_October_ARPA_1.2",-4.139,"ARPA","2020_October",1.676336375,52.0217085607296,47.9782914392704,0.8720588235,0.954872913601542,87.20588235,87.20588235,87.20588235
"97",12,13.0372,12.6388,0.3984,"2020_October_ARPA_1.2",-4.9,"ARPA","2020_October",1.676336375,49.4303518528613,50.5696481471387,0.8286189684,0.969441291074771,82.86189684,82.86189684,82.86189684
"98",12,8.1916,7.7855,0.4061,"2020_October_ARPA_1.2",-5.802,"ARPA","2020_October",1.676336375,43.3526273985434,56.6473726014566,0.7267358626,0.950424825430929,72.67358626,72.67358626,72.67358626
"99",13,8.2372,7.685,0.5522,"2020_October_ARPA_1.3",-0.113,"ARPA","2020_October",1.2818013,100,0,1.2818013,0.932962657213616,128.18013,128.18013,128.18013
"100",13,7.6853,7.4485,0.2368,"2020_October_ARPA_1.3",-3.749,"ARPA","2020_October",1.2818013,74.4019418922418,25.5980581077582,0.9536850584,0.969187930204416,95.36850584,95.36850584,95.36850584
"101",13,12.6504,12.395,0.2554,"2020_October_ARPA_1.3",-4.144,"ARPA","2020_October",1.2818013,70.8573439268629,29.1426560731371,0.9082503556,0.979810915069879,90.82503556,90.82503556,90.82503556
"102",13,13.0226,12.6091,0.4135,"2020_October_ARPA_1.3",-4.883,"ARPA","2020_October",1.2818013,66.2544467227487,33.7455532772513,0.8492503594,0.96824750817809,84.92503594,84.92503594,84.92503594
"103",13,13.0247,12.6346,0.3901,"2020_October_ARPA_1.3",-5.558,"ARPA","2020_October",1.2818013,58.718375749814,41.281624250186,0.7526529037,0.970049214185356,75.26529037,75.26529037,75.26529037
"104",13,7.8806,7.6005,0.2801,"2020_October_ARPA_1.3",-5.978,"ARPA","2020_October",1.2818013,58.117183100064,41.882816899936,0.7449468085,0.964457021039007,74.49468085,74.49468085,74.49468085
"105",13,7.8806,7.6005,0.2801,"2020_October_ARPA_1.3",-5.978,"ARPA","2020_October",1.2818013,58.117183100064,41.882816899936,0.7449468085,0.964457021039007,74.49468085,74.49468085,74.49468085
"106",14,7.7667,7.4659,0.3008,"2020_October_ARPA_1.4",-0.134,"ARPA","2020_October",1.270564584,98.9737239519971,1.02627604800291,1.257525084,0.961270552486899,125.7525084,125.7525084,125.7525084
"107",14,7.9389,7.5529,0.386,"2020_October_ARPA_1.4",-0.743,"ARPA","2020_October",1.270564584,98.0006294587541,1.99937054124594,1.24516129,0.951378654473542,124.516129,124.516129,124.516129
"108",14,8.5047,7.7463,0.7584,"2020_October_ARPA_1.4",-2.047,"ARPA","2020_October",1.270564584,100,0,1.270564584,0.910825778687079,127.0564584,127.0564584,127.0564584
"109",14,7.6928,7.5363,0.1565,"2020_October_ARPA_1.4",-3.377,"ARPA","2020_October",1.270564584,35.0223454914119,64.9776545085881,0.4449815183,0.979656301996672,44.49815183,44.49815183,44.49815183
"110",14,7.6928,7.5363,0.1565,"2020_October_ARPA_1.4",-3.377,"ARPA","2020_October",1.270564584,35.0223454914119,64.9776545085881,0.4449815183,0.979656301996672,44.49815183,44.49815183,44.49815183
"111",14,12.8324,12.4718,0.3606,"2020_October_ARPA_1.4",-4.063,"ARPA","2020_October",1.270564584,77.4592899954466,22.5407100045534,0.9841703057,0.971899255010754,98.41703057,98.41703057,98.41703057
"112",14,8.1524,7.7187,0.4337,"2020_October_ARPA_1.4",-4.931,"ARPA","2020_October",1.270564584,66.1135612843432,33.8864387156568,0.8400154949,0.946800942053874,84.00154949,84.00154949,84.00154949
"113",14,12.9366,12.6245,0.3121,"2020_October_ARPA_1.4",-5.588,"ARPA","2020_October",1.270564584,52.408541004949,47.591458995051,0.665884361,0.975874650217213,66.5884361,66.5884361,66.5884361
"114",14,8.0085,7.854,0.1545,"2020_October_ARPA_1.4",-10,"ARPA","2020_October",1.270564584,19.4943636826571,80.5056363173429,0.247688480827999,0.980707997752388,NA,24.7688480827999,24.7688480827999
"115",15,7.8318,7.4987,0.3331,"2020_October_ARPA_1.5",-0.084,"ARPA","2020_October",1.438068756,86.9808836873165,13.0191163126835,1.250844912,0.957468270384841,125.0844912,125.0844912,125.0844912
"116",15,8.0201,7.5855,0.4346,"2020_October_ARPA_1.5",-0.998,"ARPA","2020_October",1.438068756,83.3915185206903,16.6084814793097,1.199227373,0.945811149486914,119.9227373,119.9227373,119.9227373
"117",15,8.1631,7.5942,0.5689,"2020_October_ARPA_1.5",-1.382,"ARPA","2020_October",1.438068756,100,0,1.438068756,0.93030833874386,143.8068756,143.8068756,143.8068756
"118",15,13.1749,12.7318,0.4431,"2020_October_ARPA_1.5",-2.108,"ARPA","2020_October",1.438068756,69.1786187725227,30.8213812274773,0.9948361024,0.966367866169762,99.48361024,99.48361024,99.48361024
"119",15,7.9789,7.6145,0.3644,"2020_October_ARPA_1.5",-3.128,"ARPA","2020_October",1.438068756,70.9195059516334,29.0804940483666,1.019871257,0.954329544172756,101.9871257,101.9871257,101.9871257
"120",15,8.5565,10.11585,8.5565,"2020_October_ARPA_1.5",-5.2,"ARPA","2020_October",1.438068756,51.5857218886264,48.4142781113736,0.74183814903739,1.1822415707357,NA,74.1838149037389,74.1838149037389
"121",16,7.712,7.4477,0.2643,"2020_October_ARPA_1.6",-0.186,"ARPA","2020_October",1.238374096,92.192227590006,7.80777240999396,1.141684665,0.965728734439834,114.1684665,114.1684665,114.1684665
"122",16,7.8846,7.5346,0.35,"2020_October_ARPA_1.6",-0.781,"ARPA","2020_October",1.238374096,85.957618900323,14.042381099677,1.064476886,0.955609669482282,106.4476886,106.4476886,106.4476886
"123",16,7.7405,7.4866,0.2539,"2020_October_ARPA_1.6",-1.542,"ARPA","2020_October",1.238374096,86.7288064623729,13.2711935376271,1.074027073,0.967198501388799,107.4027073,107.4027073,107.4027073
"124",16,7.7881,7.4286,0.3595,"2020_October_ARPA_1.6",-2.137,"ARPA","2020_October",1.238374096,100,0,1.238374096,0.953839832565067,123.8374096,123.8374096,123.8374096
"125",16,7.848,7.4999,0.3481,"2020_October_ARPA_1.6",-3.484,"ARPA","2020_October",1.238374096,76.6969661726516,23.3030338273484,0.9497953615,0.955644750254842,94.97953615,94.97953615,94.97953615
"126",16,13.1029,12.674,0.4289,"2020_October_ARPA_1.6",-3.801,"ARPA","2020_October",1.238374096,74.2584099158999,25.7415900841001,0.9195969125,0.967266788268246,91.95969125,91.95969125,91.95969125
"127",16,7.8465,7.5856,0.2609,"2020_October_ARPA_1.6",-5.01,"ARPA","2020_October",1.238374096,61.3689109982804,38.6310890017196,0.7599766968,0.966749506149239,75.99766968,75.99766968,75.99766968
"128",21,8.0085,7.854,0.1545,"2020_October_ARPA_2.1",-0.13,"ARPA","2020_October",1.07600686216399,21.3733916192209,78.6266083807791,0.2299791605,0.980707997752388,22.99791605,22.99791605,22.99791605
"129",21,8.0808,7.6699,0.4109,"2020_October_ARPA_2.1",-1.038,"ARPA","2020_October",1.07600686216399,78.9650306124633,21.0349693875367,0.8496691481,0.949151074151074,84.96691481,84.96691481,84.96691481
"130",21,8.5319,7.5756,0.9563,"2020_October_ARPA_2.1",-1.954,"ARPA","2020_October",1.07600686216399,100,0,1.07600686216399,0.887914766933508,NA,107.600686216399,107.600686216399
"131",21,12.5355,12.3325,0.203,"2020_October_ARPA_2.1",-2.556,"ARPA","2020_October",1.07600686216399,78.7726542185213,21.2273457814787,0.8475991649,0.983805990985601,84.75991649,84.75991649,84.75991649
"132",21,8.1204,7.7373,0.3831,"2020_October_ARPA_2.1",-5.318,"ARPA","2020_October",1.07600686216399,65.7140313006885,34.2859686993115,0.7070874862,0.952822521058076,70.70874862,70.70874862,70.70874862
"133",21,7.9877,7.6266,0.3611,"2020_October_ARPA_2.1",-5.948,"ARPA","2020_October",1.07600686216399,74.8923578033078,25.1076421966922,0.8058469092,0.954792994228627,80.58469092,80.58469092,80.58469092
"134",22,7.9603,7.53,0.4303,"2020_October_ARPA_2.2",-0.098,"ARPA","2020_October",1.705291971,62.9885562277124,37.0114437722876,1.074138792,0.945944248332349,107.4138792,107.4138792,107.4138792
"135",22,7.8702,7.4964,0.3738,"2020_October_ARPA_2.2",-1.212,"ARPA","2020_October",1.705291971,100,0,1.705291971,0.952504383624304,170.5291971,170.5291971,170.5291971
"136",22,13.1765,12.7854,0.3911,"2020_October_ARPA_2.2",-4.78,"ARPA","2020_October",1.705291971,46.3135885074779,53.6864114925221,0.7897819063,0.970318369825067,78.97819063,78.97819063,78.97819063
"137",22,13.1361,12.6862,0.4499,"2020_October_ARPA_2.2",-4.78,"ARPA","2020_October",1.705291971,46.7196368275166,53.2803631724834,0.7967062157,0.965750869740638,79.67062157,79.67062157,79.67062157
"138",23,7.8921,7.5448,0.3473,"2020_October_ARPA_2.3",-0.124,"ARPA","2020_October",1.238226559,82.518913972027,17.481086027973,1.021771109,0.955993968652197,102.1771109,102.1771109,102.1771109
"139",23,8.2285,7.6448,0.5837,"2020_October_ARPA_2.3",-0.895,"ARPA","2020_October",1.238226559,100,0,1.238226559,0.929063620343927,123.8226559,123.8226559,123.8226559
"140",23,8.4882,7.829,0.6592,"2020_October_ARPA_2.3",-1.262,"ARPA","2020_October",1.238226559,88.6551709799014,11.3448290200986,1.097751873,0.922339247425838,109.7751873,109.7751873,109.7751873
"141",23,8.5504,7.9386,0.6118,"2020_October_ARPA_2.3",-3.964,"ARPA","2020_October",1.238226559,68.7195753648828,31.2804246351172,0.8509040334,0.928447791916168,85.09040334,85.09040334,85.09040334
"142",23,12.8862,12.5468,0.3394,"2020_October_ARPA_2.3",-4.467,"ARPA","2020_October",1.238226559,62.6804701820323,37.3195298179677,0.7761262291,0.973661746674737,77.61262291,77.61262291,77.61262291
"143",23,13.1675,12.8732,0.2943,"2020_October_ARPA_2.3",-5.401,"ARPA","2020_October",1.238226559,38.3352639264459,61.6647360735541,0.4746774194,0.977649515853427,47.46774194,47.46774194,47.46774194
"144",23,13.1913,7.415,13.1913,"2020_October_ARPA_2.3",-7.407,"ARPA","2020_October",1.238226559,41.5620425654764,58.4379574345236,0.514632249508614,0.562112907749805,NA,51.4632249508614,51.4632249508614
"145",24,7.8767,7.5427,0.334,"2020_October_ARPA_2.4",-0.046,"ARPA","2020_October",1.094005896,100,0,1.094005896,0.957596455368365,109.4005896,109.4005896,109.4005896
"146",24,8.1149,7.6699,0.445,"2020_October_ARPA_2.4",-1.218,"ARPA","2020_October",1.094005896,89.143540648706,10.856459351294,0.9752355906,0.945162602126952,97.52355906,97.52355906,97.52355906
"147",24,8.2378,7.7544,0.4834,"2020_October_ARPA_2.4",-2.671,"ARPA","2020_October",1.094005896,82.994428112296,17.005571887704,0.9079639369,0.941319284274928,90.79639369,90.79639369,90.79639369
"148",24,13.1992,12.7364,0.4628,"2020_October_ARPA_2.4",-2.804,"ARPA","2020_October",1.094005896,87.6024963854491,12.3975036145509,0.9583764755,0.964937268925389,95.83764755,95.83764755,95.83764755
"149",24,13.064,12.6067,0.4573,"2020_October_ARPA_2.4",-4.2,"ARPA","2020_October",1.094005896,77.8552914581367,22.1447085418633,0.8517414789,0.964995407225964,85.17414789,85.17414789,85.17414789
"150",24,8.0281,7.6118,0.4163,"2020_October_ARPA_2.4",-4.224,"ARPA","2020_October",1.094005896,91.7598538244075,8.24014617559246,1.003858211,0.948144641945168,100.3858211,100.3858211,100.3858211
"151",24,7.5709,7.415,0.1559,"2020_October_ARPA_2.4",-6.578,"ARPA","2020_October",1.094005896,51.7255181045203,48.2744818954797,0.5658802178,0.979407996407296,56.58802178,56.58802178,56.58802178
"152",24,7.9443,7.6379,0.3064,"2020_October_ARPA_2.4",-6.954,"ARPA","2020_October",1.094005896,70.6537882772069,29.3462117227931,0.7729566095,0.961431466586106,77.29566095,77.29566095,77.29566095
"153",25,8.1063,7.6426,0.4637,"2020_October_ARPA_2.5",-0.11,"ARPA","2020_October",1.116273471,100,0,1.116273471,0.942797577193047,111.6273471,111.6273471,111.6273471
"154",25,8.1113,7.6606,0.4507,"2020_October_ARPA_2.5",-1.998,"ARPA","2020_October",1.116273471,89.2668822459188,10.7331177540812,0.9964625249,0.944435540542206,99.64625249,99.64625249,99.64625249
"155",25,8.0947,7.6277,0.467,"2020_October_ARPA_2.5",-2.164,"ARPA","2020_October",1.116273471,99.2070820251537,0.792917974846333,1.107422338,0.942307929880045,110.7422338,110.7422338,110.7422338
"156",25,7.8713,7.5616,0.3097,"2020_October_ARPA_2.5",-3.564,"ARPA","2020_October",1.116273471,85.1829827639073,14.8170172360927,0.9508750384,0.96065452974731,95.08750384,95.08750384,95.08750384
"157",25,13.3321,12.8087,0.5234,"2020_October_ARPA_2.5",-3.725,"ARPA","2020_October",1.116273471,78.8698937556315,21.1301062443685,0.8804037006,0.960741368576593,88.04037006,88.04037006,88.04037006
"158",25,13.0552,12.6968,0.3584,"2020_October_ARPA_2.5",-4.637,"ARPA","2020_October",1.116273471,71.4596654783351,28.5403345216649,0.7976852882,0.972547337459403,79.76852882,79.76852882,79.76852882
"159",25,12.7065,12.4462,0.2603,"2020_October_ARPA_2.5",-4.637,"ARPA","2020_October",1.116273471,71.4596654783351,28.5403345216649,0.7976852882,0.979514421752646,79.76852882,79.76852882,79.76852882
"160",11,8.0848,7.5583,0.5265,"2020_October_CADE_1.1",-0.336,"CADE","2020_October",1.509893892,100,0,1.509893892,0.934877795369088,150.9893892,150.9893892,150.9893892
"161",11,13.5633,12.7021,0.8612,"2020_October_CADE_1.1",-0.596,"CADE","2020_October",1.509893892,85.3014332673605,14.6985667326395,1.28796113069233,0.936505127808129,NA,128.796113069233,128.796113069233
"162",11,8.2865,7.7157,0.5708,"2020_October_CADE_1.1",-1.271,"CADE","2020_October",1.509893892,80.2291616926416,19.7708383073584,1.211375212,0.931116876847885,121.1375212,121.1375212,121.1375212
"163",11,13.6454,12.9307,0.7147,"2020_October_CADE_1.1",-2.297,"CADE","2020_October",1.509893892,73.4436804384397,26.5563195615603,1.108921645,0.947623374910226,110.8921645,110.8921645,110.8921645
"164",11,13.393,12.8178,0.5752,"2020_October_CADE_1.1",-2.323,"CADE","2020_October",1.509893892,60.449686135958,39.550313864042,0.9127261187,0.957052191443291,91.27261187,91.27261187,91.27261187
"165",11,13.9999,13.1106,0.8893,"2020_October_CADE_1.1",-2.844,"CADE","2020_October",1.509893892,67.4200761651932,32.5799238348068,1.017971612,0.936478117700841,101.7971612,101.7971612,101.7971612
"166",11,13.4834,12.8819,0.6015,"2020_October_CADE_1.1",-2.875,"CADE","2020_October",1.509893892,57.8693150180649,42.1306849819351,0.8737652528,0.955389590162719,87.37652528,87.37652528,87.37652528
"167",11,7.7972,7.5568,0.2404,"2020_October_CADE_1.1",-4.22,"CADE","2020_October",1.509893892,47.5983516264201,52.4016483735799,0.7186846039,0.969168419432617,71.86846039,71.86846039,71.86846039
"168",11,8.9012,12.60195,8.9012,"2020_October_CADE_1.1",-4.448,"CADE","2020_October",1.509893892,59.0376599757977,40.9623400242023,0.891406021954297,1.41575854940907,NA,89.1406021954297,89.1406021954297
"169",11,13.8059,12.60195,13.8059,"2020_October_CADE_1.1",-4.764,"CADE","2020_October",1.509893892,56.8831032883278,43.1168967116722,0.858874502130513,0.912794529874909,NA,85.8874502130513,85.8874502130513
"170",12,8.0114,7.5449,0.4665,"2020_October_CADE_1.2",-0.318,"CADE","2020_October",1.614745587,100,0,1.614745587,0.941770477070175,161.4745587,161.4745587,161.4745587
"171",12,13.3509,12.6789,0.672,"2020_October_CADE_1.2",-0.994,"CADE","2020_October",1.614745587,82.6379329191503,17.3620670808497,1.334392375,0.949666314630474,133.4392375,133.4392375,133.4392375
"172",12,13.3509,12.6789,0.672,"2020_October_CADE_1.2",-0.994,"CADE","2020_October",1.614745587,82.6379329191503,17.3620670808497,1.334392375,0.949666314630474,133.4392375,133.4392375,133.4392375
"173",12,13.4912,12.8127,0.6785,"2020_October_CADE_1.2",-1.212,"CADE","2020_October",1.614745587,75.5465717213321,24.4534282786679,1.219884933,0.949707957779886,121.9884933,121.9884933,121.9884933
"174",12,8.0376,7.6768,0.3608,"2020_October_CADE_1.2",-1.251,"CADE","2020_October",1.614745587,77.2349711954965,22.7650288045035,1.247148289,0.955110978401513,124.7148289,124.7148289,124.7148289
"175",12,13.3275,12.7698,0.5577,"2020_October_CADE_1.2",-1.909,"CADE","2020_October",1.614745587,72.2853673914391,27.7146326085609,1.16722478,0.958154192459201,116.722478,116.722478,116.722478
"176",12,13.3245,12.7962,0.5283,"2020_October_CADE_1.2",-2.471,"CADE","2020_October",1.614745587,63.2094827951371,36.7905172048629,1.020672334,0.960351232691658,102.0672334,102.0672334,102.0672334
"177",12,13.303,12.71545,0.5937,"2020_October_CADE_1.2",-2.821,"CADE","2020_October",1.614745587,65.5770282596086,34.4229717403914,1.05890216990777,0.955833270690822,NA,105.890216990777,105.890216990777
"178",12,12.8746,12.5198,0.3548,"2020_October_CADE_1.2",-3.296,"CADE","2020_October",1.614745587,54.8626756643367,45.1373243356633,0.8858926342,0.972441862271449,88.58926342,88.58926342,88.58926342
"179",12,7.8369,7.6179,0.219,"2020_October_CADE_1.2",-5,"CADE","2020_October",1.614745587,32.1386446371505,67.8613553628495,0.518957346,0.972055276959002,51.8957346,51.8957346,51.8957346
"180",13,8.0124,7.5462,0.4662,"2020_October_CADE_1.3",-0.682,"CADE","2020_October",1.332118267,99.1694323038662,0.830567696133826,1.321054123,0.941815186460985,132.1054123,132.1054123,132.1054123
"181",13,8.1969,7.6281,0.5688,"2020_October_CADE_1.3",-1.38,"CADE","2020_October",1.332118267,92.481939593431,7.51806040656898,1.231968811,0.930607912747502,123.1968811,123.1968811,123.1968811
"182",13,8.9032,7.9165,0.9867,"2020_October_CADE_1.3",-1.802,"CADE","2020_October",1.332118267,100,0,1.332118267,0.889174678767185,133.2118267,133.2118267,133.2118267
"183",13,13.5765,12.812,0.7645,"2020_October_CADE_1.3",-2.091,"CADE","2020_October",1.332118267,89.4758330042478,10.5241669957522,1.191923916,0.943689463411041,119.1923916,119.1923916,119.1923916
"184",13,13.456,12.7896,0.6664,"2020_October_CADE_1.3",-2.661,"CADE","2020_October",1.332118267,71.5980940376971,28.4019059623029,0.9537712895,0.950475624256837,95.37712895,95.37712895,95.37712895
"185",13,13.8228,13.0655,0.7573,"2020_October_CADE_1.3",-3.416,"CADE","2020_October",1.332118267,65.0673077212596,34.9326922787404,0.866773492,0.945213704893365,86.6773492,86.6773492,86.6773492
"186",13,13.6198,12.9036,0.7162,"2020_October_CADE_1.3",-3.528,"CADE","2020_October",1.332118267,76.5868876115337,23.4131123884663,1.02022792,0.947414793168769,102.022792,102.022792,102.022792
"187",13,13.8001,13.0176,0.7825,"2020_October_CADE_1.3",-5.176,"CADE","2020_October",1.332118267,68.1450471994766,31.8549528005234,0.9077726218,0.943297512336867,90.77726218,90.77726218,90.77726218
"188",13,13.923,13.2005,0.7225,"2020_October_CADE_1.3",-6.316,"CADE","2020_October",1.332118267,53.4459263893571,46.5540736106429,0.7119629484,0.948107448107448,71.19629484,71.19629484,71.19629484
"189",14,7.8433,7.461,0.3823,"2020_October_CADE_1.4",-0.218,"CADE","2020_October",1.519475358,100,0,1.519475358,0.951257761401451,151.9475358,151.9475358,151.9475358
"190",14,8.1905,7.6237,0.5668,"2020_October_CADE_1.4",-0.925,"CADE","2020_October",1.519475358,87.9357589423968,12.0642410576032,1.336162188,0.930797875587571,133.6162188,133.6162188,133.6162188
"191",14,7.9401,7.5053,0.4348,"2020_October_CADE_1.4",-1.234,"CADE","2020_October",1.519475358,86.7914466040324,13.2085533959676,1.318774644,0.945239984383068,131.8774644,131.8774644,131.8774644
"192",14,13.4797,12.7586,0.7211,"2020_October_CADE_1.4",-2.224,"CADE","2020_October",1.519475358,86.8701624577448,13.1298375422552,1.319970712,0.946504744170864,131.9970712,131.9970712,131.9970712
"193",14,12.81,12.4743,0.3357,"2020_October_CADE_1.4",-2.7,"CADE","2020_October",1.519475358,73.8160774437515,26.1839225562485,1.121617107,0.973793911007026,112.1617107,112.1617107,112.1617107
"194",14,12.9904,12.4912,0.4992,"2020_October_CADE_1.4",-2.941,"CADE","2020_October",1.519475358,63.2648660367416,36.7351339632584,0.9612940497,0.961571622120951,96.12940497,96.12940497,96.12940497
"195",14,13.0423,12.6841,0.3582,"2020_October_CADE_1.4",-3.966,"CADE","2020_October",1.519475358,53.760379093953,46.239620906047,0.8168757127,0.972535519041887,81.68757127,81.68757127,81.68757127
"196",15,8.1281,7.6256,0.5025,"2020_October_CADE_1.5",-0.258,"CADE","2020_October",1.410973837,91.9775329611587,8.02246703884134,1.297778926,0.938177433840627,129.7778926,129.7778926,129.7778926
"197",15,7.8542,7.4659,0.3883,"2020_October_CADE_1.5",-1.216,"CADE","2020_October",1.410973837,100,0,1.410973837,0.950561483028189,141.0973837,141.0973837,141.0973837
"198",15,13.1833,12.5807,0.6026,"2020_October_CADE_1.5",-1.932,"CADE","2020_October",1.410973837,93.6580958020981,6.34190419790187,1.321491228,0.954290655602163,132.1491228,132.1491228,132.1491228
"199",15,8.603,7.8124,0.7906,"2020_October_CADE_1.5",-2.391,"CADE","2020_October",1.410973837,91.2576914067897,8.7423085932103,1.28762215,0.908101824944787,128.762215,128.762215,128.762215
"200",15,14.0152,13.0156,0.9996,"2020_October_CADE_1.5",-2.413,"CADE","2020_October",1.410973837,85.5922279585117,14.4077720414883,1.207683943,0.928677435926708,120.7683943,120.7683943,120.7683943
"201",15,13.0185,12.5116,0.5069,"2020_October_CADE_1.5",-2.795,"CADE","2020_October",1.410973837,73.951301196239,26.048698803761,1.043433512,0.961063102507969,104.3433512,104.3433512,104.3433512
"202",15,12.8525,12.495,0.3575,"2020_October_CADE_1.5",-3.071,"CADE","2020_October",1.410973837,68.22054519782,31.77945480218,0.9625740442,0.972184399922194,96.25740442,96.25740442,96.25740442
"203",15,7.9354,7.6294,0.306,"2020_October_CADE_1.5",-5.086,"CADE","2020_October",1.410973837,50.3415717622551,49.6584282377449,0.7103064067,0.96143861683091,71.03064067,71.03064067,71.03064067
"204",16,8.4541,7.7446,0.7095,"2020_October_CADE_1.6",-0.2,"CADE","2020_October",1.290838068,99.0704607109557,0.929539289044257,1.278839221,0.916076223370909,127.8839221,127.8839221,127.8839221
"205",16,13.3649,12.7547,0.6102,"2020_October_CADE_1.6",-0.612,"CADE","2020_October",1.290838068,93.2746939254351,6.72530607456488,1.204025257,0.954343092727966,120.4025257,120.4025257,120.4025257
"206",16,9.1434,8.0529,1.0905,"2020_October_CADE_1.6",-0.673,"CADE","2020_October",1.290838068,100,0,1.290838068,0.880733643939891,129.0838068,129.0838068,129.0838068
"207",16,8.011,7.5889,0.4221,"2020_October_CADE_1.6",-1.784,"CADE","2020_October",1.290838068,90.6059473294059,9.39405267059415,1.16957606,0.947309948820372,116.957606,116.957606,116.957606
"208",16,8.389,8.0021,0.3869,"2020_October_CADE_1.6",-1.949,"CADE","2020_October",1.290838068,37.7443342103233,62.2556657896767,0.4872182345,0.953880081058529,48.72182345,48.72182345,48.72182345
"209",16,13.3752,12.7815,0.5937,"2020_October_CADE_1.6",-2.783,"CADE","2020_October",1.290838068,79.4221645933051,20.5778354066949,1.025211535,0.955611878700879,102.5211535,102.5211535,102.5211535
"210",16,13.9343,13.0661,0.8682,"2020_October_CADE_1.6",-2.949,"CADE","2020_October",1.290838068,76.6567472040188,23.3432527959812,0.9895144746,0.937693317927704,98.95144746,98.95144746,98.95144746
"211",16,13.4235,12.8225,0.601,"2020_October_CADE_1.6",-3.3,"CADE","2020_October",1.290838068,65.1994112789057,34.8005887210943,0.8416188209,0.955227772190561,84.16188209,84.16188209,84.16188209
"212",16,13.471,12.9046,0.5664,"2020_October_CADE_1.6",-3.761,"CADE","2020_October",1.290838068,60.5220281820818,39.4779718179182,0.7812413793,0.957954123673076,78.12413793,78.12413793,78.12413793
"213",16,14.0608,7.8358,14.0608,"2020_October_CADE_1.6",-6.379,"CADE","2020_October",1.290838068,53.656128178857,46.343871821143,0.692613728347562,0.557279813381884,NA,69.2613728347562,69.2613728347562
"214",21,7.9812,7.5319,0.4493,"2020_October_CADE_2.1",-0.18,"CADE","2020_October",1.510759919,100,0,1.510759919,0.943705207237007,151.0759919,151.0759919,151.0759919
"215",21,8.3823,12.6087,0.57435,"2020_October_CADE_2.1",-0.789,"CADE","2020_October",1.510759919,83.9373735143693,16.0626264856307,1.26809219611641,1.50420528971762,NA,126.809219611641,126.809219611641
"216",21,8.2139,7.6554,0.5585,"2020_October_CADE_2.1",-1.768,"CADE","2020_October",1.510759919,84.6534244730648,15.3465755269352,1.278910007,0.932005502867091,127.8910007,127.8910007,127.8910007
"217",21,8.1223,7.6007,0.5216,"2020_October_CADE_2.1",-2.192,"CADE","2020_October",1.510759919,80.9321871478641,19.0678128521359,1.222691045,0.935781736700196,122.2691045,122.2691045,122.2691045
"218",21,13.1075,12.6368,0.4707,"2020_October_CADE_2.1",-2.461,"CADE","2020_October",1.510759919,61.8798523936748,38.1201476063252,0.9348560079,0.964089261872973,93.48560079,93.48560079,93.48560079
"219",21,13.303,12.7216,0.5814,"2020_October_CADE_2.1",-3.037,"CADE","2020_October",1.510759919,67.6819274287353,32.3180725712647,1.022511432,0.956295572427272,102.2511432,102.2511432,102.2511432
"220",21,8.0807,7.6752,0.4055,"2020_October_CADE_2.1",-3.919,"CADE","2020_October",1.510759919,53.9730480631053,46.0269519368947,0.8154031772,0.949818703825164,81.54031772,81.54031772,81.54031772
"221",21,13.4424,12.7952,0.6472,"2020_October_CADE_2.1",-4.171,"CADE","2020_October",1.510759919,63.6732579016746,36.3267420983254,0.9619500595,0.951853835624591,96.19500595,96.19500595,96.19500595
"222",21,7.8542,7.6321,0.2221,"2020_October_CADE_2.1",-6.708,"CADE","2020_October",1.510759919,37.0027958095438,62.9972041904562,0.559023408,0.971722135927275,55.9023408,55.9023408,55.9023408
"223",22,7.9811,7.531,0.4501,"2020_October_CADE_2.2",-0.774,"CADE","2020_October",1.396958411,100,0,1.396958411,0.943604265076243,139.6958411,139.6958411,139.6958411
"224",22,13.4409,12.6908,0.7501,"2020_October_CADE_2.2",-0.998,"CADE","2020_October",1.396958411,79.5602722492216,20.4397277507784,1.111423915,0.944192725189533,111.1423915,111.1423915,111.1423915
"225",22,13.8826,12.9606,0.922,"2020_October_CADE_2.2",-1.009,"CADE","2020_October",1.396958411,85.3271276090982,14.6728723909018,1.191984486,0.933585927708066,119.1984486,119.1984486,119.1984486
"226",22,13.0415,12.5274,0.5141,"2020_October_CADE_2.2",-1.127,"CADE","2020_October",1.396958411,91.6597308064027,8.34026919359734,1.280448319,0.960579687919334,128.0448319,128.0448319,128.0448319
"227",22,8.3935,7.7946,0.5989,"2020_October_CADE_2.2",-2.02,"CADE","2020_October",1.396958411,78.6492624510924,21.3507375489076,1.098697487,0.928647167451004,109.8697487,109.8697487,109.8697487
"228",22,13.3202,12.7093,0.6109,"2020_October_CADE_2.2",-2.601,"CADE","2020_October",1.396958411,73.8694629614138,26.1305370385862,1.031925676,0.954137325265387,103.1925676,103.1925676,103.1925676
"229",22,13.7934,12.8838,0.9096,"2020_October_CADE_2.2",-2.871,"CADE","2020_October",1.396958411,83.6174271046355,16.3825728953645,1.168100681,0.934055417808517,116.8100681,116.8100681,116.8100681
"230",22,8.067,7.669,0.398,"2020_October_CADE_2.2",-3.129,"CADE","2020_October",1.396958411,59.8539260164131,40.1460739835869,0.8361344538,0.950663195735713,83.61344538,83.61344538,83.61344538
"231",22,8.2752,7.7963,0.4789,"2020_October_CADE_2.2",-4.018,"CADE","2020_October",1.396958411,59.8283104005736,40.1716895994264,0.8357766143,0.942128286929621,83.57766143,83.57766143,83.57766143
"232",23,8.4665,7.788,0.6785,"2020_October_CADE_2.3",-0.301,"CADE","2020_October",1.326933936,92.8339050332345,7.16609496676554,1.23184459,0.9198606271777,123.184459,123.184459,123.184459
"233",23,8.3105,7.7191,0.5914,"2020_October_CADE_2.3",-1.224,"CADE","2020_October",1.326933936,94.5859733441922,5.41402665580783,1.255093379,0.928837013416762,125.5093379,125.5093379,125.5093379
"234",23,8.3573,7.6523,0.705,"2020_October_CADE_2.3",-1.52,"CADE","2020_October",1.326933936,100,0,1.326933936,0.915642611848324,132.6933936,132.6933936,132.6933936
"235",23,13.9788,13.0589,0.9199,"2020_October_CADE_2.3",-1.58,"CADE","2020_October",1.326933936,74.7039113859848,25.2960886140152,0.9912715517,0.934193206856096,99.12715517,99.12715517,99.12715517
"236",23,13.0432,12.5437,0.4995,"2020_October_CADE_2.3",-1.721,"CADE","2020_October",1.326933936,89.0330421091891,10.9669578908109,1.18140965,0.961704183022571,118.140965,118.140965,118.140965
"237",23,13.2296,12.6908,13.2296,"2020_October_CADE_2.3",-2.028,"CADE","2020_October",1.326933936,85.9530216287923,14.0469783712077,1.14053981300986,0.959273145068634,NA,114.053981300986,114.053981300986
"238",23,8.3699,7.7637,0.6062,"2020_October_CADE_2.3",-2.684,"CADE","2020_October",1.326933936,86.3596669668715,13.6403330331285,1.145935728,0.927573806138664,114.5935728,114.5935728,114.5935728
"239",23,8.186,7.6942,0.4918,"2020_October_CADE_2.3",-2.937,"CADE","2020_October",1.326933936,76.5129750212372,23.4870249787628,1.015276631,0.939921817737601,101.5276631,101.5276631,101.5276631
"240",23,8.2476,7.8358,0.4118,"2020_October_CADE_2.3",-6.08,"CADE","2020_October",1.326933936,45.2984220233252,54.7015779766748,0.6010801343,0.950070323488045,60.10801343,60.10801343,60.10801343
"241",24,8.1955,7.6239,0.5716,"2020_October_CADE_2.4",-0.154,"CADE","2020_October",1.422244339,100,0,1.422244339,0.930254407906778,142.2244339,142.2244339,142.2244339
"242",24,13.0412,12.552,0.4892,"2020_October_CADE_2.4",-1.209,"CADE","2020_October",1.422244339,88.7189582267692,11.2810417732308,1.261800361,0.962488114590682,126.1800361,126.1800361,126.1800361
"243",24,8.1185,7.5848,0.5337,"2020_October_CADE_2.4",-1.72,"CADE","2020_October",1.422244339,87.9840508895849,12.0159491104151,1.251348183,0.934261255157973,125.1348183,125.1348183,125.1348183
"244",24,8.2883,7.7265,0.5618,"2020_October_CADE_2.4",-2.404,"CADE","2020_October",1.422244339,79.3191731593174,20.6808268406826,1.12811245,0.932217704474983,112.811245,112.811245,112.811245
"245",24,8.1419,7.6959,0.446,"2020_October_CADE_2.4",-2.761,"CADE","2020_October",1.422244339,76.784738814137,23.215261185863,1.092066601,0.945221631314558,109.2066601,109.2066601,109.2066601
"246",24,13.1416,12.7924,13.1416,"2020_October_CADE_2.4",-3.49,"CADE","2020_October",1.422244339,69.6104060851592,30.3895939148408,0.990030059901088,0.973427893102819,NA,99.0030059901088,99.0030059901088
"247",24,13.457,12.7878,0.6692,"2020_October_CADE_2.4",-3.729,"CADE","2020_October",1.422244339,62.4368276216426,37.5631723783574,0.8880042463,0.95027123430185,88.80042463,88.80042463,88.80042463
"248",24,7.9504,7.6225,0.3279,"2020_October_CADE_2.4",-4.413,"CADE","2020_October",1.422244339,57.8837816277643,42.1162183722357,0.8232488074,0.958756792111089,82.32488074,82.32488074,82.32488074
"249",24,7.88,7.6661,0.2139,"2020_October_CADE_2.4",-7.685,"CADE","2020_October",1.422244339,33.8653678691141,66.1346321308859,0.4816482774,0.972855329949239,48.16482774,48.16482774,48.16482774
"250",25,8.2993,7.6206,0.6787,"2020_October_CADE_2.5",-0.308,"CADE","2020_October",1.582789179,100,0,1.582789179,0.918222018724471,158.2789179,158.2789179,158.2789179
"251",25,8.3763,7.6683,0.708,"2020_October_CADE_2.5",-0.886,"CADE","2020_October",1.582789179,86.187211038546,13.812788961454,1.36416185,0.915475806740446,136.416185,136.416185,136.416185
"252",25,8.3684,7.6538,0.7146,"2020_October_CADE_2.5",-0.901,"CADE","2020_October",1.582789179,86.1934859108611,13.8065140891389,1.364261168,0.91460733234549,136.4261168,136.4261168,136.4261168
"253",25,7.2523,6.6744,0.5779,"2020_October_CADE_2.5",-1.916,"CADE","2020_October",1.582789179,80.4217962751185,19.5782037248815,1.272907489,0.92031493457248,127.2907489,127.2907489,127.2907489
"254",25,8.2534,7.6894,0.564,"2020_October_CADE_2.5",-2.305,"CADE","2020_October",1.582789179,79.9849583758116,20.0150416241884,1.265993266,0.931664526134684,126.5993266,126.5993266,126.5993266
"255",25,13.0589,12.6064,0.4525,"2020_October_CADE_2.5",-2.899,"CADE","2020_October",1.582789179,58.8730903119221,41.1269096880779,0.9318369028,0.965349302008592,93.18369028,93.18369028,93.18369028
"256",25,12.9903,12.71545,12.9903,"2020_October_CADE_2.5",-2.899,"CADE","2020_October",1.582789179,66.3936961246668,33.6063038753332,1.05087223779937,0.978841905113816,NA,105.087223779937,105.087223779937
"257",25,7.5674,7.3748,0.1926,"2020_October_CADE_2.5",-4.879,"CADE","2020_October",1.582789179,49.8296171823904,50.1703828176096,0.7886977887,0.974548722150276,78.86977887,78.86977887,78.86977887
"258",25,7.8903,7.5733,0.317,"2020_October_CADE_2.5",-6,"CADE","2020_October",1.582789179,50.2583080585996,49.7416919414004,0.7954830615,0.959824087804013,79.54830615,79.54830615,79.54830615
"259",11,7.709,7.4933,0.2157,"2020_October_CECO_1.1",-4.418,"CECO","2020_October",1.106707317,60.7172832851163,39.2827167148837,0.6719626168,0.972019717213646,67.19626168,67.19626168,67.19626168
"260",11,12.6903,12.5005,0.1898,"2020_October_CECO_1.1",-7.354,"CECO","2020_October",1.106707317,46.4642981663778,53.5357018336222,0.5142237876,0.985043694790509,51.42237876,51.42237876,51.42237876
"261",13,12.684,12.4434,0.2406,"2020_October_CECO_1.3",-3.338,"CECO","2020_October",1.182514359,75.6093496028322,24.3906503971678,0.8940914158,0.981031220435194,89.40914158,89.40914158,89.40914158
"262",14,7.8567,7.6299,0.2268,"2020_October_CECO_1.4",-8,"CECO","2020_October",1.304599659,44.0340514530213,55.9659485469787,0.5744680851,0.971132918400855,57.44680851,57.44680851,57.44680851
"263",15,12.9261,12.5799,0.3462,"2020_October_CECO_1.5",-4.225,"CECO","2020_October",1.183898305,68.2754530086095,31.7245469913905,0.8083119309,0.973216979599415,80.83119309,80.83119309,80.83119309
"264",16,12.5998,12.3282,0.2716,"2020_October_CECO_1.6",-2.84,"CECO","2020_October",1.281349749,75.0846566794778,24.9153433205222,0.9620970599,0.978444102287338,96.20970599,96.20970599,96.20970599
"265",21,7.5645,7.4253,0.1392,"2020_October_CECO_2.1",-7.167,"CECO","2020_October",1.074008811,59.5350827992416,40.4649172007584,0.6394120349,0.98159825500694,63.94120349,63.94120349,63.94120349
"266",21,12.4813,12.397,0.0843,"2020_October_CECO_2.1",-9,"CECO","2020_October",1.074008811,22.8237790592949,77.1762209407051,0.2451293981,0.993245895860207,24.51293981,24.51293981,24.51293981
"267",23,7.7557,7.496,0.2597,"2020_October_CECO_2.3",-0.775,"CECO","2020_October",1.084795322,100,0,1.084795322,0.966514950294622,108.4795322,108.4795322,108.4795322
"268",23,12.5841,12.3646,0.2195,"2020_October_CECO_2.3",-5.94,"CECO","2020_October",1.084795322,51.5916160080934,48.4083839919066,0.559663437,0.982557354121471,55.9663437,55.9663437,55.9663437
"269",24,12.5877,12.315,0.2727,"2020_October_CECO_2.4",-2.274,"CECO","2020_October",1.235459286,76.1392307265397,23.8607692734603,0.9406691963,0.978335994661455,94.06691963,94.06691963,94.06691963
"270",24,12.939,12.6735,0.2655,"2020_October_CECO_2.4",-5.626,"CECO","2020_October",1.235459286,39.1938423618761,60.8061576381239,0.484223965,0.979480639925806,48.4223965,48.4223965,48.4223965
"271",24,7.622,7.4721,0.1499,"2020_October_CECO_2.4",-7.2,"CECO","2020_October",1.235459286,49.9306156819805,50.0693843180195,0.616872428,0.980333245867226,61.6872428,61.6872428,61.6872428
"272",25,7.6324,7.5189,0.1135,"2020_October_CECO_2.5",-9,"CECO","2020_October",1.257065217,29.1350974911272,70.8649025088728,0.3662471765,0.985129186101357,36.62471765,36.62471765,36.62471765
"273",11,13.2362,12.5846,0.6516,"2020_October_PIJE_1.1",-1.014,"PIJE","2020_October",1.700417537,100,0,1.700417537,0.95077136942627,170.0417537,170.0417537,170.0417537
"274",11,12.8749,12.5034,0.3715,"2020_October_PIJE_1.1",-2.039,"PIJE","2020_October",1.700417537,87.8471056958994,12.1528943041006,1.493767591,0.971145406954617,149.3767591,149.3767591,149.3767591
"275",11,7.9703,7.5806,0.3897,"2020_October_PIJE_1.1",-2.587,"PIJE","2020_October",1.700417537,70.3866724470273,29.6133275529727,1.196867322,0.951105980954293,119.6867322,119.6867322,119.6867322
"276",11,7.5297,7.2952,0.2345,"2020_October_PIJE_1.1",-2.891,"PIJE","2020_October",1.700417537,80.8840498920354,19.1159501079646,1.375366569,0.968856660955948,137.5366569,137.5366569,137.5366569
"277",11,8.0849,13.4437,0.4871,"2020_October_PIJE_1.1",-3.164,"PIJE","2020_October",1.700417537,75.1503615676196,24.8496384323804,1.27786992721471,1.66281586661554,NA,127.786992721471,127.786992721471
"278",11,12.7651,12.4585,0.3066,"2020_October_PIJE_1.1",-3.31,"PIJE","2020_October",1.700417537,56.7008350843655,43.2991649156345,0.9641509434,0.97598138674981,96.41509434,96.41509434,96.41509434
"279",11,7.6191,7.4009,0.2182,"2020_October_PIJE_1.1",-3.609,"PIJE","2020_October",1.700417537,77.4420181717992,22.5579818282008,1.316837658,0.971361446890053,131.6837658,131.6837658,131.6837658
"280",11,7.5396,7.361,0.1786,"2020_October_PIJE_1.1",-3.804,"PIJE","2020_October",1.700417537,62.5941754210454,37.4058245789546,1.064362336,0.976311740675898,106.4362336,106.4362336,106.4362336
"281",12,13.0108,12.4377,0.5731,"2020_October_PIJE_1.2",-0.512,"PIJE","2020_October",1.744179014,96.9830750411723,3.01692495882766,1.691558442,0.955951978356442,169.1558442,169.1558442,169.1558442
"282",12,13.0941,12.5173,0.5768,"2020_October_PIJE_1.2",-1.117,"PIJE","2020_October",1.744179014,100,0,1.744179014,0.955949626167511,174.4179014,174.4179014,174.4179014
"283",12,7.7854,7.4424,0.343,"2020_October_PIJE_1.2",-1.466,"PIJE","2020_October",1.744179014,79.2002119571426,20.7997880428574,1.381393476,0.955943175687826,138.1393476,138.1393476,138.1393476
"284",12,13.1513,12.6004,0.5509,"2020_October_PIJE_1.2",-1.786,"PIJE","2020_October",1.744179014,84.2717734362099,15.7282265637901,1.469850587,0.958110605035244,146.9850587,146.9850587,146.9850587
"285",12,12.8054,12.401,0.4044,"2020_October_PIJE_1.2",-2.906,"PIJE","2020_October",1.744179014,80.9273769303591,19.0726230696409,1.411518325,0.968419572992644,141.1518325,141.1518325,141.1518325
"286",12,12.6841,12.4574,0.2267,"2020_October_PIJE_1.2",-3.201,"PIJE","2020_October",1.744179014,60.5944945167194,39.4055054832806,1.056876457,0.982127230154288,105.6876457,105.6876457,105.6876457
"287",12,7.6756,7.4244,0.2512,"2020_October_PIJE_1.2",-3.333,"PIJE","2020_October",1.744179014,76.3636871736837,23.6363128263163,1.331919406,0.967272916775236,133.1919406,133.1919406,133.1919406
"288",12,7.9104,7.5225,0.3879,"2020_October_PIJE_1.2",-3.716,"PIJE","2020_October",1.744179014,70.4679647062879,29.5320352937121,1.229087452,0.950963288834951,122.9087452,122.9087452,122.9087452
"289",13,12.8718,12.4751,0.3967,"2020_October_PIJE_1.3",-1.68,"PIJE","2020_October",1.676606061,87.3418051540731,12.6581948459269,1.464377999,0.969180689569446,146.4377999,146.4377999,146.4377999
"290",13,13.2974,12.6916,0.6058,"2020_October_PIJE_1.3",-2.117,"PIJE","2020_October",1.676606061,72.1784234919332,27.8215765080668,1.210147823,0.954442221787718,121.0147823,121.0147823,121.0147823
"291",13,7.7728,7.4928,0.28,"2020_October_PIJE_1.3",-3.007,"PIJE","2020_October",1.676606061,72.9912799712824,27.0087200287176,1.223776224,0.963976945244957,122.3776224,122.3776224,122.3776224
"292",13,13.0498,12.6345,0.4153,"2020_October_PIJE_1.3",-3.501,"PIJE","2020_October",1.676606061,64.9116327511594,35.0883672488406,1.088312369,0.968175757482873,108.8312369,108.8312369,108.8312369
"293",13,7.6645,7.4101,0.2544,"2020_October_PIJE_1.3",-3.748,"PIJE","2020_October",1.676606061,66.9912172051965,33.0087827948035,1.123178808,0.966808010959619,112.3178808,112.3178808,112.3178808
"294",13,7.8218,7.4872,0.3346,"2020_October_PIJE_1.3",-3.761,"PIJE","2020_October",1.676606061,57.6125398427747,42.3874601572253,0.9659353349,0.957222122785037,96.59353349,96.59353349,96.59353349
"295",14,12.974,12.4541,0.5199,"2020_October_PIJE_1.4",-0.298,"PIJE","2020_October",1.603111288,90.0602242531275,9.93977574687254,1.443765621,0.959927547402497,144.3765621,144.3765621,144.3765621
"296",14,12.9661,12.4332,0.5329,"2020_October_PIJE_1.4",-2.291,"PIJE","2020_October",1.603111288,88.5026886542639,11.4973113457361,1.418796592,0.958900517503335,141.8796592,141.8796592,141.8796592
"297",14,8.395,7.766,0.629,"2020_October_PIJE_1.4",-2.871,"PIJE","2020_October",1.603111288,90.3019633032489,9.69803669675115,1.447640967,0.925074449076831,144.7640967,144.7640967,144.7640967
"298",14,13.474,12.9239,0.5501,"2020_October_PIJE_1.4",-3.034,"PIJE","2020_October",1.603111288,45.9548995889797,54.0451004110203,0.7367081827,0.959173222502598,73.67081827,73.67081827,73.67081827
"299",14,12.8515,12.7977,0.0538,"2020_October_PIJE_1.4",-3.487,"PIJE","2020_October",1.603111288,77.6376401173542,22.3623598826458,1.24461777245812,0.995813718243007,NA,124.461777245812,124.461777245812
"300",14,8.438,7.7564,0.6816,"2020_October_PIJE_1.4",-3.987,"PIJE","2020_October",1.603111288,76.4975219861342,23.5024780138658,1.22634041,0.919222564588765,122.634041,122.634041,122.634041
"301",15,13.154,12.4685,0.6855,"2020_October_PIJE_1.5",-0.197,"PIJE","2020_October",1.612182502,100,0,1.612182502,0.94788657442603,161.2182502,161.2182502,161.2182502
"302",15,12.8519,12.4871,0.3648,"2020_October_PIJE_1.5",-0.912,"PIJE","2020_October",1.612182502,94.0079400514421,5.99205994855787,1.51557956,0.971615091931932,151.557956,151.557956,151.557956
"303",15,14.9125,13.3251,1.5874,"2020_October_PIJE_1.5",-2.789,"PIJE","2020_October",1.612182502,79.6882469823506,20.3117530176494,1.284719974,0.893552388935457,128.4719974,128.4719974,128.4719974
"304",15,7.7269,7.3843,0.3426,"2020_October_PIJE_1.5",-3.218,"PIJE","2020_October",1.612182502,81.8909281276891,18.1090718723109,1.320231214,0.955661390725906,132.0231214,132.0231214,132.0231214
"305",15,8.0371,7.5978,8.0371,"2020_October_PIJE_1.5",-3.29,"PIJE","2020_October",1.612182502,78.4587661046463,21.5412338953537,1.26489849842422,0.945340981199686,NA,126.489849842422,126.489849842422
"306",15,8.0849,7.5978,0.4871,"2020_October_PIJE_1.5",-3.335,"PIJE","2020_October",1.612182502,80.1637064288147,19.8362935711853,1.292385248,0.939751883140175,129.2385248,129.2385248,129.2385248
"307",15,8.0849,7.5978,0.4871,"2020_October_PIJE_1.5",-3.335,"PIJE","2020_October",1.612182502,80.1637064288147,19.8362935711853,1.292385248,0.939751883140175,129.2385248,129.2385248,129.2385248
"308",15,12.4545,12.3363,0.1182,"2020_October_PIJE_1.5",-4.25,"PIJE","2020_October",1.612182502,52.2944090606437,47.7055909393563,0.8430813124,0.990509454414067,84.30813124,84.30813124,84.30813124
"309",15,7.772,7.5303,0.2417,"2020_October_PIJE_1.5",-5.301,"PIJE","2020_October",1.612182502,41.9242147685833,58.0757852314167,0.6758948546,0.96890118373649,67.58948546,67.58948546,67.58948546
"310",16,13.0786,12.4369,0.6417,"2020_October_PIJE_1.6",-0.337,"PIJE","2020_October",1.634645669,95.2589514370163,4.74104856298371,1.557146324,0.950935115379322,155.7146324,155.7146324,155.7146324
"311",16,8.3136,7.7024,0.6112,"2020_October_PIJE_1.6",-2.182,"PIJE","2020_October",1.634645669,81.3010787110219,18.6989212889781,1.328984562,0.926481909160893,132.8984562,132.8984562,132.8984562
"312",16,7.9325,7.5357,0.3968,"2020_October_PIJE_1.6",-2.773,"PIJE","2020_October",1.634645669,79.1469638060137,20.8530361939863,1.293772416,0.949977938859124,129.3772416,129.3772416,129.3772416
"313",16,13.1802,12.6516,0.5286,"2020_October_PIJE_1.6",-3.468,"PIJE","2020_October",1.634645669,66.8954969714602,33.1045030285398,1.093504344,0.959894387035098,109.3504344,109.3504344,109.3504344
"314",16,13.6555,12.8803,0.7752,"2020_October_PIJE_1.6",-3.702,"PIJE","2020_October",1.634645669,69.9662458164198,30.0337541835802,1.143700207,0.943231664896928,114.3700207,114.3700207,114.3700207
"315",16,7.6729,7.4692,0.2037,"2020_October_PIJE_1.6",-3.99,"PIJE","2020_October",1.634645669,54.9930105372579,45.0069894627421,0.898940865,0.97345201944506,89.8940865,89.8940865,89.8940865
"316",16,13.2168,12.7564,0.4604,"2020_October_PIJE_1.6",-4.071,"PIJE","2020_October",1.634645669,63.5351347815549,36.4648652184451,1.038574329,0.965165546879729,103.8574329,103.8574329,103.8574329
"317",17,13.1321,12.5533,0.5788,"2020_October_PIJE_1.7",-2.786,"PIJE","2020_October",1.673132184,76.7216675571402,23.2783324428598,1.283654912,0.955924794968055,128.3654912,128.3654912,128.3654912
"318",17,13.464,12.6826,0.7814,"2020_October_PIJE_1.7",-2.794,"PIJE","2020_October",1.673132184,83.3383748357804,16.6616251642196,1.394361171,0.941963755199049,139.4361171,139.4361171,139.4361171
"319",17,8.2791,7.6701,0.609,"2020_October_PIJE_1.7",-2.889,"PIJE","2020_October",1.673132184,76.6936320555531,23.3063679444469,1.283185841,0.926441279849259,128.3185841,128.3185841,128.3185841
"320",17,7.9372,7.5894,0.3478,"2020_October_PIJE_1.7",-3.668,"PIJE","2020_October",1.673132184,62.4057621976866,37.5942378023134,1.044130892,0.956181021014968,104.4130892,104.4130892,104.4130892
"321",17,7.976,7.5339,0.4421,"2020_October_PIJE_1.7",-3.789,"PIJE","2020_October",1.673132184,73.6440776636211,26.3559223363789,1.232162765,0.944571213640923,123.2162765,123.2162765,123.2162765
"322",17,13.3669,12.7231,0.6438,"2020_October_PIJE_1.7",-3.992,"PIJE","2020_October",1.673132184,65.8544053803223,34.1455946196777,1.101831251,0.951836252234998,110.1831251,110.1831251,110.1831251
"323",18,12.9944,12.5471,0.4473,"2020_October_PIJE_1.8",-1.094,"PIJE","2020_October",1.493987976,100,0,1.493987976,0.965577479529644,149.3987976,149.3987976,149.3987976
"324",18,8.2567,7.6823,0.5744,"2020_October_PIJE_1.8",-2.232,"PIJE","2020_October",1.493987976,87.2813422161036,12.7186577838964,1.303972758,0.930432255017138,130.3972758,130.3972758,130.3972758
"325",18,8.2567,7.6823,0.5744,"2020_October_PIJE_1.8",-2.232,"PIJE","2020_October",1.493987976,87.2813422161036,12.7186577838964,1.303972758,0.930432255017138,130.3972758,130.3972758,130.3972758
"326",18,7.8573,7.4866,0.3707,"2020_October_PIJE_1.8",-2.489,"PIJE","2020_October",1.493987976,81.6747312964987,18.3252687035013,1.220210665,0.952820943581128,122.0210665,122.0210665,122.0210665
"327",18,13.0209,12.53,0.4909,"2020_October_PIJE_1.8",-3.089,"PIJE","2020_October",1.493987976,92.4025970875686,7.59740291243145,1.38048369,0.962299073028746,138.048369,138.048369,138.048369
"328",18,8.4707,7.7816,0.6891,"2020_October_PIJE_1.8",-3.563,"PIJE","2020_October",1.493987976,80.3149385587826,19.6850614412174,1.199895525,0.918648990048048,119.9895525,119.9895525,119.9895525
"329",18,7.7853,7.5064,0.2789,"2020_October_PIJE_1.8",-4.339,"PIJE","2020_October",1.493987976,63.5619870611328,36.4380129388672,0.949608444,0.964176075424197,94.9608444,94.9608444,94.9608444
"330",18,13.1343,12.6417,0.4926,"2020_October_PIJE_1.8",-4.468,"PIJE","2020_October",1.493987976,86.3823760118402,13.6176239881598,1.290542311,0.962495146296339,129.0542311,129.0542311,129.0542311
"331",19,12.8434,12.4154,0.428,"2020_October_PIJE_1.9",-0.401,"PIJE","2020_October",1.777408638,100,0,1.777408638,0.966675490913621,177.7408638,177.7408638,177.7408638
"332",19,12.7114,12.3416,0.3698,"2020_October_PIJE_1.9",-0.744,"PIJE","2020_October",1.777408638,95.5699131692866,4.43008683071338,1.698667892,0.970908003839074,169.8667892,169.8667892,169.8667892
"333",19,13.9516,12.8673,1.0843,"2020_October_PIJE_1.9",-2.376,"PIJE","2020_October",1.777408638,79.8802436111487,20.1197563888513,1.41979835,0.922281315404685,141.979835,141.979835,141.979835
"334",19,13.1516,12.5737,0.5779,"2020_October_PIJE_1.9",-2.684,"PIJE","2020_October",1.777408638,84.2977084710218,15.7022915289782,1.498314752,0.956058578423918,149.8314752,149.8314752,149.8314752
"335",19,7.7995,7.5455,0.254,"2020_October_PIJE_1.9",-2.891,"PIJE","2020_October",1.777408638,67.9527688331174,32.0472311668826,1.207798383,0.967433809859606,120.7798383,120.7798383,120.7798383
"336",19,7.8537,7.5045,0.3492,"2020_October_PIJE_1.9",-3.636,"PIJE","2020_October",1.777408638,79.2200783711956,20.7799216288044,1.408064516,0.955536880705909,140.8064516,140.8064516,140.8064516
"337",19,7.8981,7.5529,0.3452,"2020_October_PIJE_1.9",-3.805,"PIJE","2020_October",1.777408638,64.9332420989393,35.0667579010607,1.154129054,0.956293285726947,115.4129054,115.4129054,115.4129054
"338",19,7.8459,7.514,0.3319,"2020_October_PIJE_1.9",-4.285,"PIJE","2020_October",1.777408638,71.986323552457,28.013676447543,1.279491133,0.957697651002434,127.9491133,127.9491133,127.9491133
"339",11,7.4264,7.2913,0.1351,"2020_October_QUKE_1.1",-0.21,"QUKE","2020_October",1.364646465,100,0,1.364646465,0.981808143918992,136.4646465,136.4646465,136.4646465
"340",11,7.4317,7.3197,0.112,"2020_October_QUKE_1.1",-1.777,"QUKE","2020_October",1.364646465,90.5877912489225,9.41220875107751,1.236203091,0.984929423954142,123.6203091,123.6203091,123.6203091
"341",11,7.5834,7.3994,0.184,"2020_October_QUKE_1.1",-3.001,"QUKE","2020_October",1.364646465,90.0089830958526,9.99101690414739,1.228304406,0.97573647704196,122.8304406,122.8304406,122.8304406
"342",11,12.417,12.2891,0.1279,"2020_October_QUKE_1.1",-4.251,"QUKE","2020_October",1.364646465,55.0669260847717,44.9330739152283,0.7514688602,0.989699605379721,75.14688602,75.14688602,75.14688602
"343",11,12.8827,12.5236,0.3591,"2020_October_QUKE_1.1",-4.962,"QUKE","2020_October",1.364646465,69.3034178709429,30.6965821290571,0.9457466421,0.972125408493561,94.57466421,94.57466421,94.57466421
"344",11,12.6422,12.3839,0.2583,"2020_October_QUKE_1.1",-6.166,"QUKE","2020_October",1.364646465,52.8271818884608,47.1728181115392,0.7209042702,0.979568429545491,72.09042702,72.09042702,72.09042702
"345",12,12.7934,12.3621,0.4313,"2020_October_QUKE_1.2",-0.106,"QUKE","2020_October",1.612939417,100,0,1.612939417,0.966287304391327,161.2939417,161.2939417,161.2939417
"346",12,12.6276,12.2956,0.332,"2020_October_QUKE_1.2",-1.003,"QUKE","2020_October",1.612939417,86.1235905303689,13.8764094696311,1.389121339,0.973708384807881,138.9121339,138.9121339,138.9121339
"347",12,7.4088,7.296,0.1128,"2020_October_QUKE_1.2",-1.457,"QUKE","2020_October",1.612939417,57.9887485693457,42.0112514306543,0.9353233831,0.984774862325883,93.53233831,93.53233831,93.53233831
"348",12,7.9503,7.5955,0.3548,"2020_October_QUKE_1.2",-3.443,"QUKE","2020_October",1.612939417,63.2464244005762,36.7535755994238,1.020126509,0.955372753229438,102.0126509,102.0126509,102.0126509
"349",12,7.9992,7.6568,0.3424,"2020_October_QUKE_1.2",-5.687,"QUKE","2020_October",1.612939417,51.8776238202628,48.1223761797372,0.8367546432,0.957195719571957,83.67546432,83.67546432,83.67546432
"350",12,10.32215,10.11215,0.21,"2020_October_QUKE_1.2",-8.3,"QUKE","2020_October",1.612939417,34.9568180584257,65.0431819415743,0.563832297393322,0.979655401248771,NA,56.3832297393322,56.3832297393322
"351",13,7.9583,7.5252,0.4331,"2020_October_QUKE_1.3",-0.302,"QUKE","2020_October",1.632308846,89.3365959250582,10.6634040749418,1.458249158,0.945578829649548,145.8249158,145.8249158,145.8249158
"352",13,7.6353,7.3902,0.2451,"2020_October_QUKE_1.3",-1.369,"QUKE","2020_October",1.632308846,82.2769356602507,17.7230643397493,1.343013699,0.967899100231818,134.3013699,134.3013699,134.3013699
"353",13,7.9042,7.4687,0.4355,"2020_October_QUKE_1.3",-1.969,"QUKE","2020_October",1.632308846,100,0,1.632308846,0.944902709951671,163.2308846,163.2308846,163.2308846
"354",13,7.7643,7.5794,0.1849,"2020_October_QUKE_1.3",-3.4,"QUKE","2020_October",1.632308846,32.1074637182969,67.8925362817031,0.5240929705,0.976185876382932,52.40929705,52.40929705,52.40929705
"355",13,12.766,12.3963,0.3697,"2020_October_QUKE_1.3",-3.728,"QUKE","2020_October",1.632308846,62.5833105973378,37.4166894026622,1.021552915,0.971040263199123,102.1552915,102.1552915,102.1552915
"356",13,7.6666,7.4264,0.2402,"2020_October_QUKE_1.3",-4.883,"QUKE","2020_October",1.632308846,59.576325765988,40.423674234012,0.9724696356,0.968669292776459,97.24696356,97.24696356,97.24696356
"357",13,7.8275,7.5536,0.2739,"2020_October_QUKE_1.3",-5.668,"QUKE","2020_October",1.632308846,49.8215936458878,50.1784063541122,0.8132422803,0.965007984669435,81.32422803,81.32422803,81.32422803
"358",13,7.6806,7.4632,0.2174,"2020_October_QUKE_1.3",-7.116,"QUKE","2020_October",1.632308846,45.7997179352418,54.2002820647582,0.7475928473,0.971694919667734,74.75928473,74.75928473,74.75928473
"359",14,7.8563,7.5532,0.3031,"2020_October_QUKE_1.4",-1.302,"QUKE","2020_October",1.419338551,69.7192875796129,30.2807124203871,0.9895527261,0.961419497727938,98.95527261,98.95527261,98.95527261
"360",14,7.7204,7.4715,0.2489,"2020_October_QUKE_1.4",-2.206,"QUKE","2020_October",1.419338551,71.7819795201209,28.2180204798791,1.018829308,0.967760737785607,101.8829308,101.8829308,101.8829308
"361",14,12.7551,12.5083,0.2468,"2020_October_QUKE_1.4",-4.008,"QUKE","2020_October",1.419338551,55.0962653941188,44.9037346058812,0.7820025349,0.98065087690414,78.20025349,78.20025349,78.20025349
"362",14,13.1441,12.6788,0.4653,"2020_October_QUKE_1.4",-4.7,"QUKE","2020_October",1.419338551,64.9165865290444,35.0834134709556,0.9213861386,0.964600086730929,92.13861386,92.13861386,92.13861386
"363",14,8.0046,7.6669,0.3377,"2020_October_QUKE_1.4",-6.255,"QUKE","2020_October",1.419338551,49.1180285569514,50.8819714430486,0.6971511148,0.957811758239013,69.71511148,69.71511148,69.71511148
"364",14,7.9971,7.6582,0.3389,"2020_October_QUKE_1.4",-6.412,"QUKE","2020_October",1.419338551,52.662813095112,47.337186904888,0.7474636083,0.957622138025034,74.74636083,74.74636083,74.74636083
"365",14,12.8668,12.5747,0.2921,"2020_October_QUKE_1.4",-7.222,"QUKE","2020_October",1.419338551,46.4036277134841,53.5963722865159,0.6586245772,0.97729816271334,65.86245772,65.86245772,65.86245772
"366",15,7.9266,7.4684,0.4582,"2020_October_QUKE_1.5",-0.309,"QUKE","2020_October",1.522259136,100,0,1.522259136,0.942194635783312,152.2259136,152.2259136,152.2259136
"367",15,12.9931,12.6522,0.3409,"2020_October_QUKE_1.5",-3.192,"QUKE","2020_October",1.522259136,65.904495120074,34.095504879926,1.003237198,0.973762997283173,100.3237198,100.3237198,100.3237198
"368",15,7.924,7.4938,0.4302,"2020_October_QUKE_1.5",-3.983,"QUKE","2020_October",1.522259136,76.8160601796513,23.1839398203487,1.169339494,0.945709237758708,116.9339494,116.9339494,116.9339494
"369",15,7.6589,7.4114,0.2475,"2020_October_QUKE_1.5",-5.104,"QUKE","2020_October",1.522259136,58.1499635683579,41.8500364316421,0.885193133,0.967684654454295,88.5193133,88.5193133,88.5193133
"370",15,7.8347,7.5512,0.2835,"2020_October_QUKE_1.5",-5.508,"QUKE","2020_October",1.522259136,54.2646735673787,45.7353264326213,0.826048951,0.963814823796699,82.6048951,82.6048951,82.6048951
"371",15,7.7635,7.4975,0.266,"2020_October_QUKE_1.5",-5.738,"QUKE","2020_October",1.522259136,60.027580934814,39.972419065186,0.9137753349,0.96573710311071,91.37753349,91.37753349,91.37753349
"372",15,7.947,7.6837,0.2633,"2020_October_QUKE_1.5",-7.955,"QUKE","2020_October",1.522259136,41.3993797242679,58.6006202757321,0.6302058401,0.966868000503335,63.02058401,63.02058401,63.02058401
"373",16,7.6923,7.4194,0.2729,"2020_October_QUKE_1.6",-0.224,"QUKE","2020_October",1.424321503,100,0,1.424321503,0.964522964522964,142.4321503,142.4321503,142.4321503
"374",16,12.8945,12.4593,0.4352,"2020_October_QUKE_1.6",-0.89,"QUKE","2020_October",1.424321503,91.2086544550328,8.79134554496717,1.299104478,0.966249176005274,129.9104478,129.9104478,129.9104478
"375",16,7.722,7.4399,0.2821,"2020_October_QUKE_1.6",-1.753,"QUKE","2020_October",1.424321503,83.4636391780993,16.5363608219007,1.18879056,0.963468013468013,118.879056,118.879056,118.879056
"376",16,7.8451,7.3998,0.4453,"2020_October_QUKE_1.6",-3.901,"QUKE","2020_October",1.424321503,71.3813473008923,28.6186526991077,1.01669987873772,0.943238454576742,NA,101.669987873772,101.669987873772
"377",16,6.777,6.4819,0.2951,"2020_October_QUKE_1.6",-3.998,"QUKE","2020_October",1.424321503,79.1089609071218,20.8910390928782,1.126765941,0.956455658846097,112.6765941,112.6765941,112.6765941
"378",16,7.6735,7.4401,0.2334,"2020_October_QUKE_1.6",-4.725,"QUKE","2020_October",1.424321503,70.48064400387,29.51935599613,1.003870968,0.969583631980192,100.3870968,100.3870968,100.3870968
"379",16,7.5586,7.4824,0.0762,"2020_October_QUKE_1.6",-8,"QUKE","2020_October",1.424321503,24.8025763604581,75.1974236395419,0.3532684284,0.989918768025825,35.32684284,35.32684284,35.32684284
"380",17,7.724,7.3962,0.3278,"2020_October_QUKE_1.7",-0.235,"QUKE","2020_October",1.525632706,97.5756929662991,2.42430703370094,1.488646685,0.95756084930088,148.8646685,148.8646685,148.8646685
"381",17,7.5806,7.3455,0.2351,"2020_October_QUKE_1.7",-0.982,"QUKE","2020_October",1.525632706,100,0,1.525632706,0.968986623750099,152.5632706,152.5632706,152.5632706
"382",17,8.1099,7.6455,0.4644,"2020_October_QUKE_1.7",-2.027,"QUKE","2020_October",1.525632706,71.7582033797852,28.2417966202148,1.09476662,0.942736655199201,109.476662,109.476662,109.476662
"383",17,7.8371,7.5378,0.2993,"2020_October_QUKE_1.7",-3.312,"QUKE","2020_October",1.525632706,69.4445670201829,30.5554329798171,1.059469027,0.96180985313445,105.9469027,105.9469027,105.9469027
"384",17,12.5111,12.2701,0.241,"2020_October_QUKE_1.7",-3.528,"QUKE","2020_October",1.525632706,70.4581837274797,29.5418162725203,1.074933095,0.98073710545036,107.4933095,107.4933095,107.4933095
"385",17,7.8592,7.5385,0.3207,"2020_October_QUKE_1.7",-5.016,"QUKE","2020_October",1.525632706,65.24142426847,34.75857573153,0.9953445065,0.959194320032573,99.53445065,99.53445065,99.53445065
"386",17,7.8627,7.6265,0.2362,"2020_October_QUKE_1.7",-6.321,"QUKE","2020_October",1.525632706,41.719485941592,58.280514058408,0.6364861223,0.969959428694978,63.64861223,63.64861223,63.64861223
"387",17,7.7209,7.6118,0.1091,"2020_October_QUKE_1.7",-8.25,"QUKE","2020_October",1.525632706,19.8863499259566,80.1136500740434,0.3033926585,0.985869522983072,30.33926585,30.33926585,30.33926585
"388",18,7.8193,7.404,0.4153,"2020_October_QUKE_1.8",-0.443,"QUKE","2020_October",1.620715918,92.1081178027894,7.89188219721059,1.492810927,0.946887828833783,149.2810927,149.2810927,149.2810927
"389",18,7.8957,7.4701,0.4256,"2020_October_QUKE_1.8",-1.402,"QUKE","2020_October",1.620715918,100,0,1.620715918,0.946097242803045,162.0715918,162.0715918,162.0715918
"390",18,7.7412,7.4273,0.3139,"2020_October_QUKE_1.8",-2.445,"QUKE","2020_October",1.620715918,70.0469584701148,29.9530415298852,1.135262206,0.959450731152793,113.5262206,113.5262206,113.5262206
"391",18,12.8987,12.54,0.3587,"2020_October_QUKE_1.8",-2.808,"QUKE","2020_October",1.620715918,63.8183233417221,36.1816766582779,1.034313725,0.972190995991844,103.4313725,103.4313725,103.4313725
"392",18,7.7685,7.4757,0.2928,"2020_October_QUKE_1.8",-4.761,"QUKE","2020_October",1.620715918,67.5620427268488,32.4379572731512,1.094988781,0.962309326124734,109.4988781,109.4988781,109.4988781
"393",18,12.88,12.6449,0.2351,"2020_October_QUKE_1.8",-6.608,"QUKE","2020_October",1.620715918,33.2781260558953,66.7218739441047,0.5393438862,0.981746894409938,53.93438862,53.93438862,53.93438862
"394",19,7.8185,7.4334,0.3851,"2020_October_QUKE_1.9",-0.179,"QUKE","2020_October",1.718429273,100,0,1.718429273,0.950745027818635,171.8429273,171.8429273,171.8429273
"395",19,12.9699,12.4901,0.4798,"2020_October_QUKE_1.9",-0.706,"QUKE","2020_October",1.718429273,88.4410723140655,11.5589276859345,1.519797276,0.963006653867801,151.9797276,151.9797276,151.9797276
"396",19,7.7061,7.4507,0.2554,"2020_October_QUKE_1.9",-1.885,"QUKE","2020_October",1.718429273,76.6103595699164,23.3896404300836,1.316494845,0.966857424637625,131.6494845,131.6494845,131.6494845
"397",19,8.0197,7.6383,0.3814,"2020_October_QUKE_1.9",-2.498,"QUKE","2020_October",1.718429273,62.8033024667871,37.1966975332129,1.079230334,0.952442111300921,107.9230334,107.9230334,107.9230334
"398",19,7.7237,7.5705,0.1532,"2020_October_QUKE_1.9",-5.789,"QUKE","2020_October",1.718429273,24.6887791465131,75.3112208534869,0.424259208,0.980164946851897,42.4259208,42.4259208,42.4259208
