"","individual","year.month","dry.wt","spp","model","lfm.NAs.imputed","RWC","max.mpa.sample","mpa","gww.gdw","gww.gdw.saturated","fresh.wt","site","sample"
"1","2020_September_ABCO_1.1","2020_September",8.3774,"ABCO","HP",162.1785962,80.3368434214825,-0.42,-0.42,1.621785962,2.018732493,10.2444,1,1.1
"2","2020_September_ABCO_1.1","2020_September",7.7641,"ABCO","HP",200.409667924244,99.2749998423113,-0.42,-1.61,2.00409667924244,2.018732493,9.3392,1,1.1
"3","2020_September_ABCO_1.1","2020_September",7.7115,"ABCO","HP",189.954213183078,94.095782299908,-0.42,-2.14,1.89954213183078,2.018732493,8.8744,1,1.1
"4","2020_September_ABCO_1.1","2020_September",6.7417,"ABCO","HP",201.8732493,100,-0.42,-2.12,2.018732493,2.018732493,7.8948,1,1.1
"5","2020_September_ABCO_1.1","2020_September",6.958,"ABCO","HP",198.9374419,98.5457174686691,-0.42,-2.38,1.989374419,2.018732493,8.4558,1,1.1
"6","2020_September_ABCO_1.1","2020_September",7.5939,"ABCO","HP",187.0168753,92.6407416279696,-0.42,-2.38,1.870168753,2.018732493,8.281,1,1.1
"7","2020_September_ABCO_1.1","2020_September",7.5866,"ABCO","HP",162.739726,80.6148048660749,-0.42,-2.65,1.62739726,2.018732493,8.1806,1,1.1
"8","2020_September_ABCO_1.1","2020_September",7.4801,"ABCO","HP",166.3409338,82.3987003611379,-0.42,-2.79,1.663409338,2.018732493,7.9397,1,1.1
"9","2020_September_ABCO_1.1","2020_September",6.5752,"ABCO","HP",135.3348159,67.0394994727021,-0.42,-3.59,1.353348159,2.018732493,7.1229,1,1.1
"10","2020_September_ABCO_1.2","2020_September",7.7115,"ABCO","HP",218.778619133757,100,-0.32,-0.32,2.18778619133757,2.18778619133757,8.7257,1,1.2
"11","2020_September_ABCO_1.2","2020_September",7.565,"ABCO","HP",210.1469365,96.0546041162827,-0.32,-0.701,2.101469365,2.18778619133757,8.323,1,1.2
"12","2020_September_ABCO_1.2","2020_September",7.5097,"ABCO","HP",188.1926121,86.0196544091646,-0.32,-2.37,1.881926121,2.18778619133757,8.0803,1,1.2
"13","2020_September_ABCO_1.2","2020_September",6.4748,"ABCO","HP",175.3819444,80.1641152569736,-0.32,-2.79,1.753819444,2.18778619133757,6.9799,1,1.2
"14","2020_September_ABCO_1.2","2020_September",6.781,"ABCO","HP",174.0766551,79.5674896336982,-0.32,-2.58,1.740766551,2.18778619133757,7.7802,1,1.2
"15","2020_September_ABCO_1.2","2020_September",7.7234,"ABCO","HP",104.6282723,47.8238105324325,-0.32,-3.04,1.046282723,2.18778619133757,8.223,1,1.2
"16","2020_September_ABCO_1.2","2020_September",7.5703,"ABCO","HP",145.0300382,66.2907731908352,-0.32,-3.1,1.450300382,2.18778619133757,8.1014,1,1.2
"17","2020_September_ABCO_1.3","2020_September",7.6756,"ABCO","HP",203.970079649871,98.7055209096955,-1.16,-1.16,2.03970079649871,2.066450567,8.7654,1,1.3
"18","2020_September_ABCO_1.3","2020_September",7.8601,"ABCO","HP",186.206533591727,90.1093578357672,-1.16,-1.84,1.86206533591727,2.066450567,9.3455,1,1.3
"19","2020_September_ABCO_1.3","2020_September",7.4817,"ABCO","HP",182.586680960636,88.3576330721082,-1.16,-2.01,1.82586680960636,2.066450567,8.3163,1,1.3
"20","2020_September_ABCO_1.3","2020_September",6.5943,"ABCO","HP",206.6450567,100,-1.16,-2.56,2.066450567,2.066450567,7.3593,1,1.3
"21","2020_September_ABCO_1.3","2020_September",6.665,"ABCO","HP",169.1472868,81.8540203676694,-1.16,-3.14,1.691472868,2.066450567,7.5378,1,1.3
"22","2020_September_ABCO_1.3","2020_September",7.864,"ABCO","HP",191.0258443,92.4415262337122,-1.16,-3.03,1.910258443,2.066450567,9.0688,1,1.3
"23","2020_September_ABCO_1.3","2020_September",7.8285,"ABCO","HP",137.8303199,66.6990646188538,-1.16,-2.84,1.378303199,2.066450567,8.6213,1,1.3
"24","2020_September_ABCO_1.3","2020_September",7.3407,"ABCO","HP",124.056010199126,60.0333790608046,-1.16,-3.78,1.24056010199126,2.066450567,8.7817,1,1.3
"25","2020_September_ABCO_1.3","2020_September",6.6653,"ABCO","HP",175.3002493,84.8315716327513,-1.16,-3.67,1.753002493,2.066450567,7.4389,1,1.3
"26","2020_September_ABCO_1.4","2020_September",7.9639,"ABCO","HP",203.766154818024,100,-0.2,-0.2,2.03766154818024,2.03766154818024,9.5368,1,1.4
"27","2020_September_ABCO_1.4","2020_September",7.6335,"ABCO","HP",187.524462072383,92.0292490378761,-0.2,-1.64,1.87524462072383,2.03766154818024,8.4121,1,1.4
"28","2020_September_ABCO_1.4","2020_September",8.1699,"ABCO","HP",141.3863306,69.3865626145162,-0.2,-1.97,1.413863306,2.03766154818024,9.6283,1,1.4
"29","2020_September_ABCO_1.4","2020_September",6.6627,"ABCO","HP",154.3664384,75.756662600744,-0.2,-2.67,1.543664384,2.03766154818024,7.3839,1,1.4
"30","2020_September_ABCO_1.4","2020_September",6.6273,"ABCO","HP",158.4390454,77.7553296530016,-0.2,-2.29,1.584390454,2.03766154818024,7.3642,1,1.4
"31","2020_September_ABCO_1.4","2020_September",7.9188,"ABCO","HP",177.4747793,87.0972804382044,-0.2,-2.49,1.774747793,2.03766154818024,9.0447,1,1.4
"32","2020_September_ABCO_1.4","2020_September",7.9308,"ABCO","HP",145.0517661,71.1854067372182,-0.2,-2.61,1.450517661,2.03766154818024,8.8835,1,1.4
"33","2020_September_ABCO_1.4","2020_September",7.5666,"ABCO","HP",131.539957212202,64.5543698509084,-0.2,-3.05,1.31539957212202,2.03766154818024,7.725,1,1.4
"34","2020_September_ABCO_1.4","2020_September",6.7657,"ABCO","HP",126.2844117,61.9751655091004,-0.2,-4.1,1.262844117,2.03766154818024,7.4859,1,1.4
"35","2020_September_ABCO_1.5","2020_September",8.0734,"ABCO","HP",189.6153846,92.4807373486353,-0.16,-0.16,1.896153846,2.050323019,9.651,1,1.5
"36","2020_September_ABCO_1.5","2020_September",7.5315,"ABCO","HP",205.0323019,100,-0.16,-1.201,2.050323019,2.050323019,8.1345,1,1.5
"37","2020_September_ABCO_1.5","2020_September",7.7209,"ABCO","HP",140.3555219,68.4553217221623,-0.16,-1.85,1.403555219,2.050323019,8.4631,1,1.5
"38","2020_September_ABCO_1.5","2020_September",6.6467,"ABCO","HP",116.0660009,56.6086415771739,-0.16,-2.72,1.160660009,2.050323019,7.1813,1,1.5
"39","2020_September_ABCO_1.5","2020_September",6.6548,"ABCO","HP",128.9834322,62.9088348541826,-0.16,-3.53,1.289834322,2.050323019,7.2854,1,1.5
"40","2020_September_ABCO_1.5","2020_September",7.6072,"ABCO","HP",106.3474692,51.8686412894436,-0.16,-2.85,1.063474692,2.050323019,7.9959,1,1.5
"41","2020_September_ABCO_1.5","2020_September",7.4276,"ABCO","HP",94.81403876,46.2434640207295,-0.16,-4.11,0.9481403876,2.050323019,7.6086,1,1.5
"42","2020_September_ABCO_1.5","2020_September",7.6574,"ABCO","HP",103.1875942,50.327481691313,-0.16,-5,1.031875942,2.050323019,8.1365,1,1.5
"43","2020_September_ABCO_1.6","2020_September",8.1299,"ABCO","HP",184.3627111,92.8271356457417,-0.76,-0.76,1.843627111,1.986086394,9.7239,1,1.6
"44","2020_September_ABCO_1.6","2020_September",7.8739,"ABCO","HP",198.6086394,100,-0.76,-1.74,1.986086394,1.986086394,9.1015,1,1.6
"45","2020_September_ABCO_1.6","2020_September",7.8852,"ABCO","HP",144.6277719,72.8204837095319,-0.76,-2.1,1.446277719,1.986086394,8.9809,1,1.6
"46","2020_September_ABCO_1.6","2020_September",6.7118,"ABCO","HP",134.08354,67.5114337448102,-0.76,-2.57,1.3408354,1.986086394,7.4148,1,1.6
"47","2020_September_ABCO_1.6","2020_September",6.8666,"ABCO","HP",193.2124789,97.2830182431631,-0.76,-2.47,1.932124789,1.986086394,8.2415,1,1.6
"48","2020_September_ABCO_1.6","2020_September",7.482,"ABCO","HP",142.962963,71.982247817564,-0.76,-3.59,1.42962963,1.986086394,7.7908,1,1.6
"49","2020_September_ABCO_1.6","2020_September",7.4433,"ABCO","HP",137.5931842,69.2785493197432,-0.76,-3.57,1.375931842,1.986086394,7.7017,1,1.6
"50","2020_September_ABCO_1.6","2020_September",8.2842,"ABCO","HP",64.02977324,32.2391681617854,-0.76,-2.98,0.6402977324,1.986086394,9.024,1,1.6
"51","2020_September_ABCO_2.1","2020_September",8.794,"ABCO","HP",200.5041275,100,-0.507,-0.507,2.005041275,2.005041275,11.9758,2,2.1
"52","2020_September_ABCO_2.1","2020_September",7.9967,"ABCO","HP",195.2304823,97.3698071626979,-0.507,-2.15,1.952304823,2.005041275,9.4621,2,2.1
"53","2020_September_ABCO_2.1","2020_September",7.6975,"ABCO","HP",127.5502008,63.6147506738982,-0.507,-2.48,1.275502008,2.005041275,8.3327,2,2.1
"54","2020_September_ABCO_2.1","2020_September",7.0716,"ABCO","HP",146.6471647,73.139224877054,-0.507,-2.63,1.466471647,2.005041275,8.375,2,2.1
"55","2020_September_ABCO_2.1","2020_September",6.808,"ABCO","HP",180.2199504,89.8834117018364,-0.507,-2.81,1.802199504,2.005041275,7.9715,2,2.1
"56","2020_September_ABCO_2.1","2020_September",7.6794,"ABCO","HP",164.8465608,82.2160435575073,-0.507,-3.01,1.648465608,2.005041275,8.4583,2,2.1
"57","2020_September_ABCO_2.1","2020_September",7.6223,"ABCO","HP",130.7855626,65.2283642390354,-0.507,-3.49,1.307855626,2.005041275,8.1151,2,2.1
"58","2020_September_ABCO_2.1","2020_September",7.7293,"ABCO","HP",122.6068861,61.149307811631,-0.507,-4.22,1.226068861,2.005041275,8.3774,2,2.1
"59","2020_September_ABCO_2.1","2020_September",6.8434,"ABCO","HP",96.00725953,47.8829342453312,-0.507,-4.15,0.9600725953,2.005041275,7.4782,2,2.1
"60","2020_September_ABCO_2.2","2020_September",7.7336,"ABCO","HP",204.3324143,100,-0.376,-0.376,2.043324143,2.043324143,8.7712,2,2.2
"61","2020_September_ABCO_2.2","2020_September",8.5651,"ABCO","HP",165.5278671,81.009108450592,-0.376,-1.85,1.655278671,2.043324143,9.8006,2,2.2
"62","2020_September_ABCO_2.2","2020_September",7.7317,"ABCO","HP",171.639314,84.0000420824079,-0.376,-2.25,1.71639314,2.043324143,8.6625,2,2.2
"63","2020_September_ABCO_2.2","2020_September",6.7606,"ABCO","HP",134.8829649,66.011535840792,-0.376,-2.82,1.348829649,2.043324143,7.5904,2,2.2
"64","2020_September_ABCO_2.2","2020_September",6.6953,"ABCO","HP",156.6975735,76.687575016824,-0.376,-3.23,1.566975735,2.043324143,7.4896,2,2.2
"65","2020_September_ABCO_2.2","2020_September",7.6984,"ABCO","HP",130.9961608,64.1093393080904,-0.376,-2.58,1.309961608,2.043324143,8.3467,2,2.2
"66","2020_September_ABCO_2.2","2020_September",7.5837,"ABCO","HP",131.8219983,64.5135030345501,-0.376,-3.57,1.318219983,2.043324143,8.0547,2,2.2
"67","2020_September_ABCO_2.2","2020_September",7.7323,"ABCO","HP",122.1341688,59.7722927213512,-0.376,-6.56,1.221341688,2.043324143,8.395,2,2.2
"68","2020_September_ABCO_2.2","2020_September",7.0946,"ABCO","HP",94.69633066,46.344252811973,-0.376,-3.67,0.9469633066,2.043324143,7.9927,2,2.2
"69","2020_September_ABCO_2.3","2020_September",7.8074,"ABCO","HP",201.721319155212,98.5217064345609,-0.35,-0.35,2.01721319155212,2.047480971,9.1873,2,2.3
"70","2020_September_ABCO_2.3","2020_September",7.8117,"ABCO","HP",182.843901470976,89.3018807308739,-0.35,-1.45,1.82843901470976,2.047480971,9.1802,2,2.3
"71","2020_September_ABCO_2.3","2020_September",7.7336,"ABCO","HP",204.7480971,100,-0.35,-1.87,2.047480971,2.047480971,8.8634,2,2.3
"72","2020_September_ABCO_2.3","2020_September",6.4986,"ABCO","HP",179.6232339,87.7288904972197,-0.35,-2.83,1.796232339,2.047480971,7.0707,2,2.3
"73","2020_September_ABCO_2.3","2020_September",6.6468,"ABCO","HP",202.7293578,99.0140375766159,-0.35,-2.24,2.027293578,2.047480971,7.5307,2,2.3
"74","2020_September_ABCO_2.3","2020_September",7.6414,"ABCO","HP",181.5919108,88.6904021927538,-0.35,-2.63,1.815919108,2.047480971,8.3418,2,2.3
"75","2020_September_ABCO_2.3","2020_September",7.6227,"ABCO","HP",132.9230027,64.920262792518,-0.35,-2.94,1.329230027,2.047480971,8.1734,2,2.3
"76","2020_September_ABCO_2.3","2020_September",8.0372,"ABCO","HP",118.0126404,57.6379668829655,-0.35,-3.3,1.180126404,2.047480971,9.0455,2,2.3
"77","2020_September_ABCO_2.5","2020_September",7.8817,"ABCO","HP",186.231541245058,97.2376384293351,-0.58,-0.58,1.86231541245058,1.915220734,9.4272,2,2.5
"78","2020_September_ABCO_2.5","2020_September",8.1155,"ABCO","HP",170.816075446363,89.1887146029419,-0.58,-1.04,1.70816075446363,1.915220734,9.9945,2,2.5
"79","2020_September_ABCO_2.5","2020_September",7.6611,"ABCO","HP",191.5220734,100,-0.58,-2.27,1.915220734,1.915220734,8.5331,2,2.5
"80","2020_September_ABCO_2.5","2020_September",6.7862,"ABCO","HP",183.1168831,95.6113725427118,-0.58,-2.35,1.831168831,1.915220734,7.8578,2,2.5
"81","2020_September_ABCO_2.5","2020_September",6.9599,"ABCO","HP",182.2355289,95.1511884060461,-0.58,-2.59,1.822355289,1.915220734,8.4207,2,2.5
"82","2020_September_ABCO_2.5","2020_September",7.4884,"ABCO","HP",132.3705926,69.1150582541678,-0.58,-3.04,1.323705926,1.915220734,7.8413,2,2.5
"83","2020_September_ABCO_2.5","2020_September",7.5976,"ABCO","HP",82.19792543,42.9182516515091,-0.58,-3.01,0.8219792543,1.915220734,7.8908,2,2.5
"84","2020_September_ABCO_2.5","2020_September",7.6089,"ABCO","HP",68.47532531,35.7532289069297,-0.58,-3.9,0.6847532531,1.915220734,7.8878,2,2.5
"85","2020_September_ARPA_1.1","2020_September",8.1391,"ARPA","HP",157.5600044,100,-0.41,-0.41,1.575600044,1.575600044,9.5636,1,1.1
"86","2020_September_ARPA_1.1","2020_September",7.9381,"ARPA","HP",109.2073083,69.3115671809413,-0.41,-3.35,1.092073083,1.575600044,8.6972,1,1.1
"87","2020_September_ARPA_1.1","2020_September",8.1423,"ARPA","HP",150.6759752,95.6308523687754,-0.41,-2.48,1.506759752,1.575600044,9.502,1,1.1
"88","2020_September_ARPA_1.1","2020_September",7.9507,"ARPA","HP",120.0689655,76.205231116381,-0.41,-2.9,1.200689655,1.575600044,8.8212,1,1.1
"89","2020_September_ARPA_1.1","2020_September",8.8657,"ARPA","HP",126.9057003,80.5443619929221,-0.41,-2.78,1.269057003,1.575600044,10.1859,1,1.1
"90","2020_September_ARPA_1.1","2020_September",7.974,"ARPA","HP",97.76691332,62.0505906256499,-0.41,-3.72,0.9776691332,1.575600044,8.7139,1,1.1
"91","2020_September_ARPA_1.1","2020_September",6.7437,"ARPA","HP",88.32599119,56.0586371689642,-0.41,-4.22,0.8832599119,1.575600044,7.265,1,1.1
"92","2020_September_ARPA_1.1","2020_September",8.1723,"ARPA","HP",82.15291541,52.1407166259257,-0.41,-4.63,0.8215291541,1.575600044,8.9599,1,1.1
"93","2020_September_ARPA_1.1","2020_September",7.8635,"ARPA","HP",83.25486503,52.8401007267299,-0.41,-4.63,0.8325486503,1.575600044,8.394,1,1.1
"94","2020_September_ARPA_1.1","2020_September",8.1523,"ARPA","HP",77.78140649,49.3662124383642,-0.41,-2.16,0.7778140649,1.575600044,8.8668,1,1.1
"95","2020_September_ARPA_1.2","2020_September",8.0071,"ARPA","HP",150.4260837,91.31935207792,-0.18,-0.18,1.504260837,1.647253077,9.2251,1,1.2
"96","2020_September_ARPA_1.2","2020_September",7.9144,"ARPA","HP",164.7253077,100,-0.18,-0.31,1.647253077,1.647253077,9.0118,1,1.2
"97","2020_September_ARPA_1.2","2020_September",8.039,"ARPA","HP",147.8250478,89.7403379383701,-0.18,-2.25,1.478250478,1.647253077,9.276,1,1.2
"98","2020_September_ARPA_1.2","2020_September",8.0538,"ARPA","HP",140.4229789,85.2467546491036,-0.18,-2.35,1.404229789,1.647253077,8.99,1,1.2
"99","2020_September_ARPA_1.2","2020_September",8.5853,"ARPA","HP",119.5346916,72.5660757712459,-0.18,-2.8,1.195346916,1.647253077,9.4536,1,1.2
"100","2020_September_ARPA_1.2","2020_September",8.0726,"ARPA","HP",74.10898061,44.9894321915418,-0.18,-4.26,0.7410898061,1.647253077,8.7567,1,1.2
"101","2020_September_ARPA_1.2","2020_September",6.9242,"ARPA","HP",102.9557974,62.501505589842,-0.18,-3.35,1.029557974,1.647253077,7.6905,1,1.2
"102","2020_September_ARPA_1.2","2020_September",7.8018,"ARPA","HP",99.54611474,60.4315852432917,-0.18,-6.79,0.9954611474,1.647253077,8.3501,1,1.2
"103","2020_September_ARPA_1.2","2020_September",8.0243,"ARPA","HP",55.59313844,33.7489965666035,-0.18,-6.79,0.5559313844,1.647253077,8.4845,1,1.2
"104","2020_September_ARPA_1.3","2020_September",8.7436,"ARPA","HP",157.7175052,100,-0.19,-0.19,1.577175052,1.577175052,11.151,1,1.3
"105","2020_September_ARPA_1.3","2020_September",8.0224,"ARPA","HP",148.4481648,94.1228208065772,-0.19,-2.15,1.484481648,1.577175052,9.1751,1,1.3
"106","2020_September_ARPA_1.3","2020_September",8.2153,"ARPA","HP",139.433123,88.4068783761106,-0.19,-2.18,1.39433123,1.577175052,9.5632,1,1.3
"107","2020_September_ARPA_1.3","2020_September",7.7956,"ARPA","HP",134.4500965,85.2474151994131,-0.19,-2.67,1.344500965,1.577175052,8.5621,1,1.3
"108","2020_September_ARPA_1.3","2020_September",8.5548,"ARPA","HP",126.3786654,80.1297644416455,-0.19,-2.87,1.263786654,1.577175052,9.6021,1,1.3
"109","2020_September_ARPA_1.3","2020_September",8.2277,"ARPA","HP",98.96834701,62.7503883506775,-0.19,-3.64,0.9896834701,1.577175052,8.6498,1,1.3
"110","2020_September_ARPA_1.3","2020_September",6.8398,"ARPA","HP",87.44351194,55.4431239760696,-0.19,-4.59,0.8744351194,1.577175052,7.3816,1,1.3
"111","2020_September_ARPA_1.3","2020_September",7.8809,"ARPA","HP",127.7843837,81.0210531405236,-0.19,-4.12,1.277843837,1.577175052,8.8481,1,1.3
"112","2020_September_ARPA_1.3","2020_September",7.791,"ARPA","HP",85.71428571,54.3467166826577,-0.19,-4.12,0.8571428571,1.577175052,8.2752,1,1.3
"113","2020_September_ARPA_1.3","2020_September",8.4339,"ARPA","HP",72.48438014,45.9583608351421,-0.19,-5.11,0.7248438014,1.577175052,9.3156,1,1.3
"114","2020_September_ARPA_1.4","2020_September",8.1126,"ARPA","HP",111.719773,78.8270123232837,-0.17,-0.17,1.11719773,1.4172777796248,9.1364,1,1.4
"115","2020_September_ARPA_1.4","2020_September",9.0949,"ARPA","HP",141.72777796248,100,-0.17,-1.63,1.4172777796248,1.4172777796248,9.1999,1,1.4
"116","2020_September_ARPA_1.4","2020_September",8.1376,"ARPA","HP",117.0065859,82.5572711165879,-0.17,-3.08,1.170065859,1.4172777796248,9.2391,1,1.4
"117","2020_September_ARPA_1.4","2020_September",7.9878,"ARPA","HP",95.08404329,67.0892076747101,-0.17,-3.59,0.9508404329,1.4172777796248,8.8137,1,1.4
"118","2020_September_ARPA_1.4","2020_September",8.36,"ARPA","HP",100.0726348,70.60904802056,-0.17,-3.46,1.000726348,1.4172777796248,8.9111,1,1.4
"119","2020_September_ARPA_1.4","2020_September",7.6437,"ARPA","HP",83.31329647,58.7840278509524,-0.17,-4.24,0.8331329647,1.4172777796248,7.9902,1,1.4
"120","2020_September_ARPA_1.4","2020_September",6.9398,"ARPA","HP",89.91139241,63.4394990894464,-0.17,-4.27,0.8991139241,1.4172777796248,7.6501,1,1.4
"121","2020_September_ARPA_1.4","2020_September",7.9583,"ARPA","HP",82.3947439,58.1359173794517,-0.17,-5.03,0.823947439,1.4172777796248,8.5728,1,1.4
"122","2020_September_ARPA_1.4","2020_September",7.6339,"ARPA","HP",76.55976676,54.0188859662134,-0.17,-5.03,0.7655976676,1.4172777796248,8.0278,1,1.4
"123","2020_September_ARPA_1.4","2020_September",7.953,"ARPA","HP",62.75780011,44.2805221476161,-0.17,-5.07,0.6275780011,1.4172777796248,8.4277,1,1.4
"124","2020_September_ARPA_1.5","2020_September",8.2485,"ARPA","HP",168.8891158,100,-0.15,-0.15,1.688891158,1.688891158,9.9026,1,1.5
"125","2020_September_ARPA_1.5","2020_September",7.8861,"ARPA","HP",152.1297863,90.0767261284934,-0.15,-0.39,1.521297863,1.688891158,8.8754,1,1.5
"126","2020_September_ARPA_1.5","2020_September",8.4256,"ARPA","HP",144.7628709,85.7147426074688,-0.15,-2.09,1.447628709,1.688891158,10.138,1,1.5
"127","2020_September_ARPA_1.5","2020_September",8.2005,"ARPA","HP",121.0526316,71.6758039892586,-0.15,-2.47,1.210526316,1.688891158,9.4241,1,1.5
"128","2020_September_ARPA_1.5","2020_September",8.2938,"ARPA","HP",134.4530103,79.6102280855212,-0.15,-2.58,1.344530103,1.688891158,9.0263,1,1.5
"129","2020_September_ARPA_1.5","2020_September",7.5824,"ARPA","HP",80.8481153,47.8705302689494,-0.15,-3.97,0.808481153,1.688891158,7.8741,1,1.5
"130","2020_September_ARPA_1.5","2020_September",6.7863,"ARPA","HP",96.01059685,56.8483033351282,-0.15,-3.82,0.9601059685,1.688891158,7.4024,1,1.5
"131","2020_September_ARPA_1.5","2020_September",7.7677,"ARPA","HP",107.1712514,63.4565767559072,-0.15,-4.38,1.071712514,1.688891158,8.4417,1,1.5
"132","2020_September_ARPA_1.5","2020_September",7.8087,"ARPA","HP",91.54405821,54.2036458515227,-0.15,-4.38,0.9154405821,1.688891158,8.3749,1,1.5
"133","2020_September_ARPA_1.5","2020_September",8.2474,"ARPA","HP",67.70623742,40.089165663096,-0.15,-5.74,0.6770623742,1.688891158,8.9204,1,1.5
"134","2020_September_ARPA_1.6","2020_September",8.3902,"ARPA","HP",153.5424417,100,-0.16,-0.16,1.535424417,1.535424417,10.2063,1,1.6
"135","2020_September_ARPA_1.6","2020_September",7.9545,"ARPA","HP",144.3288963,93.9993494319948,-0.16,-0.43,1.443288963,1.535424417,8.9954,1,1.6
"136","2020_September_ARPA_1.6","2020_September",8.0852,"ARPA","HP",148.3551468,96.6215888958342,-0.16,-1.77,1.483551468,1.535424417,9.3434,1,1.6
"137","2020_September_ARPA_1.6","2020_September",7.9669,"ARPA","HP",123.9642907,80.7361725705838,-0.16,-2.45,1.239642907,1.535424417,8.8556,1,1.6
"138","2020_September_ARPA_1.6","2020_September",8.6703,"ARPA","HP",116.727789,76.0231423361558,-0.16,-2.86,1.16727789,1.535424417,9.657,1,1.6
"139","2020_September_ARPA_1.6","2020_September",7.7863,"ARPA","HP",108.0592641,70.3774558379971,-0.16,-3.02,1.080592641,1.535424417,8.45,1,1.6
"140","2020_September_ARPA_1.6","2020_September",7.0273,"ARPA","HP",103.3068182,67.2822556787567,-0.16,-3.67,1.033068182,1.535424417,7.9364,1,1.6
"141","2020_September_ARPA_1.6","2020_September",7.7743,"ARPA","HP",93.244916,60.7290824397512,-0.16,-3.88,0.93244916,1.535424417,8.3016,1,1.6
"142","2020_September_ARPA_1.6","2020_September",8.0049,"ARPA","HP",96.06466145,62.5655423910065,-0.16,-3.88,0.9606466145,1.535424417,8.7299,1,1.6
"143","2020_September_ARPA_1.6","2020_September",7.7737,"ARPA","HP",74.94269088,48.8091045382926,-0.16,-5.67,0.7494269088,1.535424417,8.1987,1,1.6
"144","2020_September_ARPA_2.1","2020_September",7.8126,"ARPA","HP",168.7275693,100,-0.26,-0.26,1.687275693,1.687275693,8.8469,2,2.1
"145","2020_September_ARPA_2.1","2020_September",7.8854,"ARPA","HP",161.1650485,95.5179104212936,-0.26,-0.58,1.611650485,1.687275693,9.0308,2,2.1
"146","2020_September_ARPA_2.1","2020_September",8.0335,"ARPA","HP",143.883618,85.2757012958403,-0.26,-2.35,1.43883618,1.687275693,9.1709,2,2.1
"147","2020_September_ARPA_2.1","2020_September",8.1936,"ARPA","HP",138.4823306,82.0745128816361,-0.26,-2.56,1.384823306,1.687275693,9.5769,2,2.1
"148","2020_September_ARPA_2.1","2020_September",8.1699,"ARPA","HP",136.2260343,80.7372706577597,-0.26,-2.72,1.362260343,1.687275693,8.7099,2,2.1
"149","2020_September_ARPA_2.1","2020_September",7.7955,"ARPA","HP",125.7740826,74.5426981031013,-0.26,-2.92,1.257740826,1.687275693,8.6729,2,2.1
"150","2020_September_ARPA_2.1","2020_September",6.7399,"ARPA","HP",110.5281445,65.5068670511571,-0.26,-3.49,1.105281445,1.687275693,7.3761,2,2.1
"151","2020_September_ARPA_2.1","2020_September",8.0349,"ARPA","HP",105.7521087,62.6762473606025,-0.26,-3.47,1.057521087,1.687275693,8.9376,2,2.1
"152","2020_September_ARPA_2.1","2020_September",7.6732,"ARPA","HP",107.6923077,63.8261477639861,-0.26,-3.47,1.076923077,1.687275693,8.1884,2,2.1
"153","2020_September_ARPA_2.1","2020_September",7.7648,"ARPA","HP",137.4429224,81.4584853976202,-0.26,-5.06,1.374429224,1.687275693,8.5775,2,2.1
"154","2020_September_ARPA_2.1","2020_September",8.015,"ARPA","HP",141.6278468,83.9387702837013,-0.26,-2.61,1.416278468,1.687275693,9.1095,2,2.1
"155","2020_September_ARPA_2.1","2020_September",8.1185,"ARPA","HP",41.59527668,24.6523297008108,-0.26,-4.45,0.4159527668,1.687275693,8.4778,2,2.1
"156","2020_September_ARPA_2.1","2020_September",8.0658,"ARPA","HP",87.82769373,52.0529597471064,-0.26,-3.57,0.8782769373,1.687275693,8.8263,2,2.1
"157","2020_September_ARPA_2.2","2020_September",8.1861,"ARPA","HP",159.3971631,100,-0.56,-0.56,1.593971631,1.593971631,9.7144,2,2.2
"158","2020_September_ARPA_2.2","2020_September",8.2899,"ARPA","HP",136.47252,85.6179102223934,-0.56,-2.18,1.3647252,1.593971631,9.7028,2,2.2
"159","2020_September_ARPA_2.2","2020_September",8.0157,"ARPA","HP",146.9157695,92.1696262610586,-0.56,-2.19,1.469157695,1.593971631,9.1756,2,2.2
"160","2020_September_ARPA_2.2","2020_September",7.787,"ARPA","HP",138.2918817,86.7593117784917,-0.56,-2.46,1.382918817,1.593971631,8.6711,2,2.2
"161","2020_September_ARPA_2.2","2020_September",8.6493,"ARPA","HP",131.2470477,82.3396383897123,-0.56,-2.67,1.312470477,1.593971631,9.7607,2,2.2
"162","2020_September_ARPA_2.2","2020_September",8.8224,"ARPA","HP",78.83763031,49.4598704122106,-0.56,-3.55,0.7883763031,1.593971631,10.0853,2,2.2
"163","2020_September_ARPA_2.2","2020_September",7.0983,"ARPA","HP",95.48599671,59.9044517813002,-0.56,-4,0.9548599671,1.593971631,7.9677,2,2.2
"164","2020_September_ARPA_2.2","2020_September",7.9554,"ARPA","HP",100.253841,62.8956243952123,-0.56,-5,1.00253841,1.593971631,8.7058,2,2.2
"165","2020_September_ARPA_2.2","2020_September",7.53,"ARPA","HP",92.23529412,57.865078854719,-0.56,-6,0.9223529412,1.593971631,7.8828,2,2.2
"166","2020_September_ARPA_2.2","2020_September",7.8372,"ARPA","HP",58.40418574,36.6406682554064,-0.56,-6.87,0.5840418574,1.593971631,8.1944,2,2.2
"167","2020_September_ARPA_2.3","2020_September",8.088,"ARPA","HP",159.6474512,87.8028145849726,-0.19,-0.19,1.596474512,1.818249813,9.4284,2,2.3
"168","2020_September_ARPA_2.3","2020_September",7.7782,"ARPA","HP",181.8249813,100,-0.19,-0.27,1.818249813,1.818249813,8.7506,2,2.3
"169","2020_September_ARPA_2.3","2020_September",7.9796,"ARPA","HP",141.2913511,77.7073370720594,-0.19,-2.57,1.412913511,1.818249813,9.0431,2,2.3
"170","2020_September_ARPA_2.3","2020_September",8.2608,"ARPA","HP",117.1343168,64.4214650608079,-0.19,-2.46,1.171343168,1.818249813,9.4756,2,2.3
"171","2020_September_ARPA_2.3","2020_September",8.7797,"ARPA","HP",107.7456176,59.2578736044121,-0.19,-3.19,1.077456176,1.818249813,9.8369,2,2.3
"172","2020_September_ARPA_2.3","2020_September",7.6685,"ARPA","HP",113.0981346,62.2016478656445,-0.19,-3.72,1.130981346,1.818249813,8.2263,2,2.3
"173","2020_September_ARPA_2.3","2020_September",6.8301,"ARPA","HP",97.09805071,53.4019308104832,-0.19,-6.08,0.9709805071,1.818249813,7.4926,2,2.3
"174","2020_September_ARPA_2.3","2020_September",7.7379,"ARPA","HP",71.14675516,39.129252015493,-0.19,-5.8,0.7114675516,1.818249813,8.1238,2,2.3
"175","2020_September_ARPA_2.3","2020_September",7.7559,"ARPA","HP",72.80751174,40.0426339766108,-0.19,-5.8,0.7280751174,1.818249813,8.1436,2,2.3
"176","2020_September_ARPA_2.4","2020_September",7.9488,"ARPA","HP",186.2572704,100,-0.52,-0.52,1.862572704,1.862572704,9.3258,2,2.4
"177","2020_September_ARPA_2.4","2020_September",8.4021,"ARPA","HP",71.26269956,38.260358592692,-0.52,-0.98,0.7126269956,1.862572704,9.2368,2,2.4
"178","2020_September_ARPA_2.4","2020_September",7.9848,"ARPA","HP",142.8754649,76.7086646299311,-0.52,-2.65,1.428754649,1.862572704,9.0988,2,2.4
"179","2020_September_ARPA_2.4","2020_September",7.9465,"ARPA","HP",137.8467258,74.0087758743403,-0.52,-2.52,1.378467258,1.862572704,8.9106,2,2.4
"180","2020_September_ARPA_2.4","2020_September",8.4086,"ARPA","HP",140.842598,75.6172350735792,-0.52,-2.86,1.40842598,1.862572704,9.3714,2,2.4
"181","2020_September_ARPA_2.4","2020_September",6.6376,"ARPA","HP",121.0856359,65.0098842530874,-0.52,-3.45,1.210856359,1.862572704,7.2555,2,2.4
"182","2020_September_ARPA_2.4","2020_September",6.5918,"ARPA","HP",121.506155,65.2356575069834,-0.52,-4.04,1.21506155,1.862572704,7.0952,2,2.4
"183","2020_September_ARPA_2.4","2020_September",8.0237,"ARPA","HP",101.8859502,54.7017305585941,-0.52,-3.56,1.018859502,1.862572704,8.9367,2,2.4
"184","2020_September_ARPA_2.4","2020_September",7.6335,"ARPA","HP",117.7703052,63.2299104067618,-0.52,-3.56,1.177703052,1.862572704,8.0888,2,2.4
"185","2020_September_ARPA_2.4","2020_September",8.2236,"ARPA","HP",110.9399529,59.5627503086183,-0.52,-3.96,1.109399529,1.862572704,9.3543,2,2.4
"186","2020_September_ARPA_2.4","2020_September",8.2229,"ARPA","HP",NA,NA,-0.52,-4.11,NA,1.862572704,NA,2,2.4
"187","2020_September_ARPA_2.5","2020_September",7.7338,"ARPA","HP",173.249864151919,100,-0.21,-0.21,1.73249864151919,1.73249864151919,8.885,2,2.5
"188","2020_September_ARPA_2.5","2020_September",8.2103,"ARPA","HP",154.3099153,89.067842018444,-0.21,-1.71,1.543099153,1.73249864151919,9.7588,2,2.5
"189","2020_September_ARPA_2.5","2020_September",8.2103,"ARPA","HP",154.3099153,89.067842018444,-0.21,-1.71,1.543099153,1.73249864151919,9.7588,2,2.5
"190","2020_September_ARPA_2.5","2020_September",7.7147,"ARPA","HP",144.4877626,83.398485365219,-0.21,-2.38,1.444877626,1.73249864151919,8.3818,2,2.5
"191","2020_September_ARPA_2.5","2020_September",7.6557,"ARPA","HP",148.2751975,85.5845966897733,-0.21,-2.53,1.482751975,1.73249864151919,8.4251,2,2.5
"192","2020_September_ARPA_2.5","2020_September",8.4021,"ARPA","HP",129.9749373,75.0216676568519,-0.21,-2.97,1.299749373,1.73249864151919,9.18,2,2.5
"193","2020_September_ARPA_2.5","2020_September",6.8254,"ARPA","HP",117.5473427,67.8484472558809,-0.21,-3.32,1.175473427,1.73249864151919,7.5951,2,2.5
"194","2020_September_ARPA_2.5","2020_September",7.0253,"ARPA","HP",109.5771902,63.2480670252729,-0.21,-4.1,1.095771902,1.73249864151919,7.9246,2,2.5
"195","2020_September_ARPA_2.5","2020_September",7.9262,"ARPA","HP",96,55.4112988601363,-0.21,-4.4,0.96,1.73249864151919,8.6174,2,2.5
"196","2020_September_ARPA_2.5","2020_September",7.498,"ARPA","HP",98.64378633,56.9372950523652,-0.21,-4.4,0.9864378633,1.73249864151919,7.8544,2,2.5
"197","2020_September_ARPA_2.5","2020_September",8.0812,"ARPA","HP",87.36756316,50.4286474264645,-0.21,-4.95,0.8736756316,1.73249864151919,8.8316,2,2.5
"198","2020_September_CADE_1.1","2020_September",8.1025,"CADE","HP",135.4625299,100,-0.78,-0.78,1.354625299,1.354625299,9.2901,1,1.1
"199","2020_September_CADE_1.1","2020_September",7.8507,"CADE","HP",112.6710199,83.175044776718,-0.78,-1.59,1.126710199,1.354625299,8.5754,1,1.1
"200","2020_September_CADE_1.1","2020_September",7.3418,"CADE","HP",103.968458,76.750713335083,-0.78,-2.13,1.03968458,1.354625299,8.5548,1,1.1
"201","2020_September_CADE_1.1","2020_September",6.7763,"CADE","HP",99.36956892,73.3557604404375,-0.78,-1.87,0.9936956892,1.354625299,7.3595,1,1.1
"202","2020_September_CADE_1.1","2020_September",7.2144,"CADE","HP",106.8426777,78.872495426501,-0.78,-1.8,1.068426777,1.354625299,8.2949,1,1.1
"203","2020_September_CADE_1.1","2020_September",6.9391,"CADE","HP",124.0368827,91.5654556219831,-0.78,-2.4,1.240368827,1.354625299,7.9211,1,1.1
"204","2020_September_CADE_1.1","2020_September",8.0543,"CADE","HP",66.45768025,49.0598251037094,-0.78,-4.53,0.6645768025,1.354625299,8.6055,1,1.1
"205","2020_September_CADE_1.1","2020_September",6.9219,"CADE","HP",89.01084192,65.7088288441895,-0.78,-3.56,0.8901084192,1.354625299,7.5869,1,1.1
"206","2020_September_CADE_1.2","2020_September",8.2986,"CADE","HP",136.1993663,100,-0.46,-0.46,1.361993663,1.361993663,9.889,1,1.2
"207","2020_September_CADE_1.2","2020_September",7.9432,"CADE","HP",115.3629032,84.7014977631361,-0.46,-1.15,1.153629032,1.361993663,8.8015,1,1.2
"208","2020_September_CADE_1.2","2020_September",6.9668,"CADE","HP",95.56915545,70.1685757035714,-0.46,-1.11,0.9556915545,1.361993663,7.7476,1,1.2
"209","2020_September_CADE_1.2","2020_September",6.8375,"CADE","HP",110.471365,81.1100433144967,-0.46,-1.56,1.10471365,1.361993663,7.557,1,1.2
"210","2020_September_CADE_1.2","2020_September",6.8077,"CADE","HP",128.9367235,94.66763833247,-0.46,-1.54,1.289367235,1.361993663,7.7002,1,1.2
"211","2020_September_CADE_1.2","2020_September",7.8393,"CADE","HP",94.20064908,69.1637939581221,-0.46,-2.09,0.9420064908,1.361993663,8.5069,1,1.2
"212","2020_September_CADE_1.2","2020_September",7.8301,"CADE","HP",92.06581353,67.5963596829158,-0.46,-2.79,0.9206581353,1.361993663,8.3337,1,1.2
"213","2020_September_CADE_1.2","2020_September",6.4919,"CADE","HP",90.93294461,66.7645871491841,-0.46,-3.35,0.9093294461,1.361993663,6.8038,1,1.2
"214","2020_September_CADE_1.2","2020_September",6.9152,"CADE","HP",73.5379111,53.9928437978349,-0.46,-3.97,0.735379111,1.361993663,7.4496,1,1.2
"215","2020_September_CADE_1.3","2020_September",8.1692,"CADE","HP",145.0806452,100,-0.46,-0.46,1.450806452,1.450806452,9.6084,1,1.3
"216","2020_September_CADE_1.3","2020_September",7.9242,"CADE","HP",98.96336268,68.2126568596209,-0.46,-2.07,0.9896336268,1.450806452,8.6211,1,1.3
"217","2020_September_CADE_1.3","2020_September",6.995,"CADE","HP",110.9484561,76.4736439840426,-0.46,-1.83,1.109484561,1.450806452,7.8969,1,1.3
"218","2020_September_CADE_1.3","2020_September",6.9855,"CADE","HP",105.106798471018,72.4471540129445,-0.46,-1.74,1.05106798471018,1.450806452,7.0573,1,1.3
"219","2020_September_CADE_1.3","2020_September",7.2274,"CADE","HP",103.635514,71.4330390915576,-0.46,-2.25,1.03635514,1.450806452,8.3363,1,1.3
"220","2020_September_CADE_1.3","2020_September",7.9475,"CADE","HP",109.3186243,75.3502468570494,-0.46,-2.46,1.093186243,1.450806452,8.7898,1,1.3
"221","2020_September_CADE_1.3","2020_September",7.9003,"CADE","HP",87.22434578,60.1212833453818,-0.46,-3.47,0.8722434578,1.450806452,8.4936,1,1.3
"222","2020_September_CADE_1.3","2020_September",6.6555,"CADE","HP",88.36816551,60.9096860495627,-0.46,-3.25,0.8836816551,1.450806452,7.0741,1,1.3
"223","2020_September_CADE_1.3","2020_September",7.1381,"CADE","HP",55.98762249,38.5906903107707,-0.46,-5.59,0.5598762249,1.450806452,7.6809,1,1.3
"224","2020_September_CADE_1.4","2020_September",7.8917,"CADE","HP",127.4073009,100,-0.29,-0.29,1.274073009,1.274073009,8.7782,1,1.4
"225","2020_September_CADE_1.4","2020_September",7.8866,"CADE","HP",105.1200243,82.5070647894088,-0.29,-1.07,1.051200243,1.274073009,8.5785,1,1.4
"226","2020_September_CADE_1.4","2020_September",6.858,"CADE","HP",101.9001702,79.979851609901,-0.29,-1.45,1.019001702,1.274073009,7.5766,1,1.4
"227","2020_September_CADE_1.4","2020_September",6.5675,"CADE","HP",107.8379568,84.6403275465668,-0.29,-1.55,1.078379568,1.274073009,7.0573,1,1.4
"228","2020_September_CADE_1.4","2020_September",7.0022,"CADE","HP",106.1617599,83.3247067868777,-0.29,-1.77,1.061617599,1.274073009,7.9722,1,1.4
"229","2020_September_CADE_1.4","2020_September",7.9022,"CADE","HP",107.7445845,84.5670410870465,-0.29,-2.16,1.077445845,1.274073009,8.6632,1,1.4
"230","2020_September_CADE_1.4","2020_September",7.7073,"CADE","HP",81.75943298,64.1717016234193,-0.29,-3.78,0.8175943298,1.274073009,8.0995,1,1.4
"231","2020_September_CADE_1.4","2020_September",6.8493,"CADE","HP",83.14913162,65.2624543747791,-0.29,-4.21,0.8314913162,1.274073009,7.4286,1,1.4
"232","2020_September_CADE_1.5","2020_September",7.9363,"CADE","HP",128.2804811,100,-0.54,-0.54,1.282804811,1.282804811,8.8748,1,1.5
"233","2020_September_CADE_1.5","2020_September",7.7866,"CADE","HP",114.6577137,89.3804830764702,-0.54,-1.07,1.146577137,1.282804811,8.4867,1,1.5
"234","2020_September_CADE_1.5","2020_September",6.673,"CADE","HP",127.078341,99.0628815158068,-0.54,-1.06,1.27078341,1.282804811,7.3624,1,1.5
"235","2020_September_CADE_1.5","2020_September",6.6437,"CADE","HP",107.2063179,83.5718084159882,-0.54,-1.64,1.072063179,1.282804811,7.1867,1,1.5
"236","2020_September_CADE_1.5","2020_September",7.0548,"CADE","HP",107.403278,83.7253470512592,-0.54,-1.57,1.07403278,1.282804811,8.0181,1,1.5
"237","2020_September_CADE_1.5","2020_September",8.1241,"CADE","HP",93.88598782,73.1880540320175,-0.54,-2.37,0.9388598782,1.282804811,8.9871,1,1.5
"238","2020_September_CADE_1.5","2020_September",7.6469,"CADE","HP",95.25222552,74.2530934583469,-0.54,-2.89,0.9525222552,1.282804811,8.0963,1,1.5
"239","2020_September_CADE_1.5","2020_September",6.7891,"CADE","HP",92.64280274,72.2189392693196,-0.54,-3.55,0.9264280274,1.282804811,7.3973,1,1.5
"240","2020_September_CADE_1.5","2020_September",6.7627,"CADE","HP",76.74121406,59.8229858525219,-0.54,-3.99,0.7674121406,1.282804811,7.2431,1,1.5
"241","2020_September_CADE_1.6","2020_September",7.8146,"CADE","HP",130.6676558,79.9834103828403,-0.096,-0.275,1.306676558,1.633684475,8.6953,1,1.6
"242","2020_September_CADE_1.6","2020_September",8.0518,"CADE","HP",163.3684475,100,-0.096,-0.096,1.633684475,1.633684475,9.3545,1,1.6
"243","2020_September_CADE_1.6","2020_September",6.5364,"CADE","HP",106.5063649,65.1939628060675,-0.096,-1.54,1.065063649,1.633684475,6.9129,1,1.6
"244","2020_September_CADE_1.6","2020_September",6.7682,"CADE","HP",87.55233494,53.5919489226951,-0.096,-1.72,0.8755233494,1.633684475,7.3119,1,1.6
"245","2020_September_CADE_1.6","2020_September",6.9819,"CADE","HP",109.6221601,67.1011824973118,-0.096,-1.9,1.096221601,1.633684475,7.8842,1,1.6
"246","2020_September_CADE_1.6","2020_September",7.6312,"CADE","HP",99.42903752,60.861836567309,-0.096,-1.89,0.9942903752,1.633684475,8.1188,1,1.6
"247","2020_September_CADE_1.6","2020_September",8.033,"CADE","HP",97.23549929,59.5191426361568,-0.096,-2.75,0.9723549929,1.633684475,8.7857,1,1.6
"248","2020_September_CADE_1.6","2020_September",6.9488,"CADE","HP",84.72584856,51.8618190088389,-0.096,-3.15,0.8472584856,1.633684475,7.5978,1,1.6
"249","2020_September_CADE_1.6","2020_September",6.7131,"CADE","HP",80.17332862,49.0751609915372,-0.096,-4.08,0.8017332862,1.633684475,7.1664,1,1.6
"250","2020_September_CADE_2.1","2020_September",7.7993,"CADE","HP",123.5864563,78.0159193008421,-0.53,-0.53,1.235864563,1.584118439,8.5512,2,2.1
"251","2020_September_CADE_2.1","2020_September",8.0653,"CADE","HP",158.4118439,100,-0.53,-2.1,1.584118439,1.584118439,9.4777,2,2.1
"252","2020_September_CADE_2.1","2020_September",6.9326,"CADE","HP",130.9708478,82.6774340703195,-0.53,-1.69,1.309708478,1.584118439,7.912,2,2.1
"253","2020_September_CADE_2.1","2020_September",6.7258,"CADE","HP",121.664583,76.8027061643211,-0.53,-2.31,1.21664583,1.584118439,7.407,2,2.1
"254","2020_September_CADE_2.1","2020_September",6.7954,"CADE","HP",113.5514819,71.6811818513275,-0.53,-2.26,1.135514819,1.584118439,7.4582,2,2.1
"255","2020_September_CADE_2.1","2020_September",7.6258,"CADE","HP",134.329731,84.797782598123,-0.53,-2.81,1.34329731,1.584118439,8.21,2,2.1
"256","2020_September_CADE_2.1","2020_September",7.568,"CADE","HP",109.8967514,69.3740750024815,-0.53,-3.13,1.098967514,1.584118439,8.0044,2,2.1
"257","2020_September_CADE_2.1","2020_September",6.6193,"CADE","HP",78.69944853,49.6802805853837,-0.53,-4.33,0.7869944853,1.584118439,6.9618,2,2.1
"258","2020_September_CADE_2.2","2020_September",7.8263,"CADE","HP",133.1157731,100,-0.31,-0.31,1.331157731,1.331157731,8.6829,2,2.2
"259","2020_September_CADE_2.2","2020_September",7.919,"CADE","HP",114.6549276,86.1317370060032,-0.31,-1.6,1.146549276,1.331157731,8.7264,2,2.2
"260","2020_September_CADE_2.2","2020_September",6.7761,"CADE","HP",110.1706037,82.7629973025338,-0.31,-1.64,1.101706037,1.331157731,7.4477,2,2.2
"261","2020_September_CADE_2.2","2020_September",6.6156,"CADE","HP",109.5881456,82.3254397641327,-0.31,-2.48,1.095881456,1.331157731,7.1185,2,2.2
"262","2020_September_CADE_2.2","2020_September",6.6525,"CADE","HP",114.669244,86.1424918547087,-0.31,-1.78,1.14669244,1.331157731,7.1864,2,2.2
"263","2020_September_CADE_2.2","2020_September",7.8393,"CADE","HP",58.32572298,43.8157865305595,-0.31,-1.75,0.5832572298,1.331157731,8.2225,2,2.2
"264","2020_September_CADE_2.2","2020_September",7.6735,"CADE","HP",99.06379273,74.4192746081118,-0.31,-2.95,0.9906379273,1.331157731,8.1285,2,2.2
"265","2020_September_CADE_2.2","2020_September",6.7265,"CADE","HP",71.26293257,53.5345518494382,-0.31,-4.79,0.7126293257,1.331157731,7.126,2,2.2
"266","2020_September_CADE_2.3","2020_September",7.9395,"CADE","HP",134.9680171,94.3009022730678,-0.5,-0.5,1.349680171,1.431248417,8.889,2,2.3
"267","2020_September_CADE_2.3","2020_September",7.9928,"CADE","HP",143.1248417,100,-0.5,-1.19,1.431248417,1.431248417,9.1232,2,2.3
"268","2020_September_CADE_2.3","2020_September",6.657,"CADE","HP",129.9940488,90.8256367350099,-0.5,-1.5,1.299940488,1.431248417,7.3123,2,2.3
"269","2020_September_CADE_2.3","2020_September",6.8991,"CADE","HP",136.9347079,95.6750109020383,-0.5,-1.68,1.369347079,1.431248417,7.8953,2,2.3
"270","2020_September_CADE_2.3","2020_September",7.3007,"CADE","HP",139.9946614,97.8129720439719,-0.5,-1.86,1.399946614,1.431248417,8.8741,2,2.3
"271","2020_September_CADE_2.3","2020_September",7.7769,"CADE","HP",109.7335307,76.669800571734,-0.5,-2.04,1.097335307,1.431248417,8.3699,2,2.3
"272","2020_September_CADE_2.3","2020_September",7.9384,"CADE","HP",96.23590162,67.2391322686787,-0.5,-2.59,0.9623590162,1.431248417,8.6466,2,2.3
"273","2020_September_CADE_2.3","2020_September",6.4912,"CADE","HP",108.7252292,75.9653096615442,-0.5,-2.58,1.087252292,1.431248417,6.8588,2,2.3
"274","2020_September_CADE_2.3","2020_September",6.9239,"CADE","HP",90.79559038,63.4380372418606,-0.5,-3.33,0.9079559038,1.431248417,7.6075,2,2.3
"275","2020_September_CADE_2.4","2020_September",8.0467,"CADE","HP",131.5764595,100,-0.47,-0.47,1.315764595,1.315764595,9.1601,2,2.4
"276","2020_September_CADE_2.4","2020_September",7.8606,"CADE","HP",96.1532567,73.0778568335014,-0.47,-2.1,0.961532567,1.315764595,8.488,2,2.4
"277","2020_September_CADE_2.4","2020_September",6.633,"CADE","HP",113.2219472,86.0503068939927,-0.47,-2.43,1.132219472,1.315764595,7.1819,2,2.4
"278","2020_September_CADE_2.4","2020_September",6.7053,"CADE","HP",98.2706002,74.6870683201504,-0.47,-2.51,0.982706002,1.315764595,7.1883,2,2.4
"279","2020_September_CADE_2.4","2020_September",6.8327,"CADE","HP",129.295087,98.2661241162215,-0.47,-1.42,1.29295087,1.315764595,7.6801,2,2.4
"280","2020_September_CADE_2.4","2020_September",7.6169,"CADE","HP",106.689130637583,81.085272428677,-0.47,-3.11,1.06689130637583,1.315764595,8.8651,2,2.4
"281","2020_September_CADE_2.4","2020_September",7.6134,"CADE","HP",99.63054187,75.7206435319838,-0.47,-3.35,0.9963054187,1.315764595,8.0179,2,2.4
"282","2020_September_CADE_2.4","2020_September",6.6343,"CADE","HP",80.1898473,60.9454362921203,-0.47,-4.13,0.801898473,1.315764595,7.0229,2,2.4
"283","2020_September_CADE_2.5","2020_September",7.8349,"CADE","HP",150.1568803,100,-0.43,-0.43,1.501568803,1.501568803,8.8399,2,2.5
"284","2020_September_CADE_2.5","2020_September",7.7733,"CADE","HP",130.6248827,86.9922726411359,-0.43,-1.56,1.306248827,1.501568803,8.4694,2,2.5
"285","2020_September_CADE_2.5","2020_September",6.8578,"CADE","HP",130.6775669,87.0273587456785,-0.43,-1.78,1.306775669,1.501568803,7.8009,2,2.5
"286","2020_September_CADE_2.5","2020_September",6.7667,"CADE","HP",118.1771808,78.7024747476723,-0.43,-2.06,1.181771808,1.501568803,7.4617,2,2.5
"287","2020_September_CADE_2.5","2020_September",6.6314,"CADE","HP",120.6222409,80.3308117876501,-0.43,-2.05,1.206222409,1.501568803,7.2052,2,2.5
"288","2020_September_CADE_2.5","2020_September",7.8247,"CADE","HP",101.5923567,67.6574769647768,-0.43,-3.39,1.015923567,1.501568803,8.4946,2,2.5
"289","2020_September_CADE_2.5","2020_September",7.7492,"CADE","HP",113.9964264,75.9182171154897,-0.43,-3.51,1.139964264,1.501568803,8.3234,2,2.5
"290","2020_September_CADE_2.5","2020_September",6.523,"CADE","HP",95.55095706,63.6340851442157,-0.43,-3.26,0.9555095706,1.501568803,6.8924,2,2.5
"291","2020_September_CECO_1.1","2020_September",7.6984,"CECO","HP",141.7239087,100,-0.362,-0.362,1.417239087,1.417239087,8.338,1,1.1
"292","2020_September_CECO_1.1","2020_September",8.1947,"CECO","HP",124.5472219,87.8801770586504,-0.362,-0.818,1.245472219,1.417239087,9.4119,1,1.1
"293","2020_September_CECO_1.1","2020_September",7.7852,"CECO","HP",90.54102472,63.885497902585,-0.362,-3.595,0.9054102472,1.417239087,8.2906,1,1.1
"294","2020_September_CECO_1.1","2020_September",7.8735,"CECO","HP",125.8802238,88.8207395312969,-0.362,-2.148,1.258802238,1.417239087,8.6386,1,1.1
"295","2020_September_CECO_1.1","2020_September",7.0483,"CECO","HP",76.52901786,53.9986644187157,-0.362,-4.881,0.7652901786,1.417239087,7.734,1,1.1
"296","2020_September_CECO_1.1","2020_September",6.4776,"CECO","HP",111.7557716,78.854564924937,-0.362,-2.62,1.117557716,1.417239087,6.8455,1,1.1
"297","2020_September_CECO_1.1","2020_September",7.7529,"CECO","HP",91.73422978,64.7274201096036,-0.362,-4.09,0.9173422978,1.417239087,8.2168,1,1.1
"298","2020_September_CECO_1.1","2020_September",7.96,"CECO","HP",100.7433921,71.0842602522717,-0.362,-3.11,1.007433921,1.417239087,8.6918,1,1.1
"299","2020_September_CECO_1.1","2020_September",7.9879,"CECO","HP",78.97416791,55.7239555657274,-0.362,-5.178,0.7897416791,1.417239087,8.6238,1,1.1
"300","2020_September_CECO_1.1","2020_September",7.9231,"CECO","HP",103.9255598,73.3295890250873,-0.362,-4.22,1.039255598,1.417239087,8.6379,1,1.1
"301","2020_September_CECO_1.1","2020_September",7.7609,"CECO","HP",64.89886925,45.7924635619367,-0.362,-6.6,0.6489886925,1.417239087,8.1684,1,1.1
"302","2020_September_CECO_1.1","2020_September",7.9363,"CECO","HP",16.26488527,11.4764582907669,-0.362,-10,0.1626488527,1.417239087,8.0483,1,1.1
"303","2020_September_CECO_1.2","2020_September",7.6461,"CECO","HP",124.6207958,100,-0.277,-0.277,1.246207958,1.246207958,8.213,1,1.2
"304","2020_September_CECO_1.2","2020_September",7.6775,"CECO","HP",110.325857,88.5292509101438,-0.277,-1.01,1.10325857,1.246207958,8.1989,1,1.2
"305","2020_September_CECO_1.2","2020_September",7.8021,"CECO","HP",77.67324046,62.3276716870396,-0.277,-3.449,0.7767324046,1.246207958,8.2314,1,1.2
"306","2020_September_CECO_1.2","2020_September",7.9805,"CECO","HP",88.04333289,70.6489894602326,-0.277,-2.132,0.8804333289,1.246207958,8.6388,1,1.2
"307","2020_September_CECO_1.2","2020_September",6.6894,"CECO","HP",75.82544893,60.8449403995862,-0.277,-4.43,0.7582544893,1.246207958,7.0821,1,1.2
"308","2020_September_CECO_1.2","2020_September",6.6396,"CECO","HP",73.13189057,58.6835368050185,-0.277,-5.52,0.7313189057,1.246207958,6.9978,1,1.2
"309","2020_September_CECO_1.2","2020_September",7.9868,"CECO","HP",71.66561911,57.5069503046778,-0.277,-5.18,0.7166561911,1.246207958,8.5569,1,1.2
"310","2020_September_CECO_1.2","2020_September",7.9148,"CECO","HP",95.53719008,76.6623174460582,-0.277,-2.89,0.9553719008,1.246207958,8.5506,1,1.2
"311","2020_September_CECO_1.2","2020_September",6.5927,"CECO","HP",75.92681753,60.9262820403206,-0.277,-5.585,0.7592681753,1.246207958,6.9081,1,1.2
"312","2020_September_CECO_1.2","2020_September",7.966,"CECO","HP",34.43126308,27.6288261994873,-0.277,-10,0.3443126308,1.246207958,8.2127,1,1.2
"313","2020_September_CECO_1.3","2020_September",7.7027,"CECO","HP",108.69038,97.6750863048572,-0.341,-0.341,1.0869038,1.112774855,8.2405,1,1.3
"314","2020_September_CECO_1.3","2020_September",7.9643,"CECO","HP",111.2774855,100,-0.341,-0.522,1.112774855,1.112774855,8.7892,1,1.3
"315","2020_September_CECO_1.3","2020_September",7.6573,"CECO","HP",81.25556545,73.020669980901,-0.341,-3.611,0.8125556545,1.112774855,8.0223,1,1.3
"316","2020_September_CECO_1.3","2020_September",8.0697,"CECO","HP",85.72653761,77.0385287057911,-0.341,-1.45,0.8572653761,1.112774855,8.7694,1,1.3
"317","2020_September_CECO_1.3","2020_September",6.8859,"CECO","HP",58.23728814,52.3351942024247,-0.341,-7.2,0.5823728814,1.112774855,7.3154,1,1.3
"318","2020_September_CECO_1.3","2020_September",6.7083,"CECO","HP",108.110287,97.1537831882443,-0.341,-2.14,1.08110287,1.112774855,7.3788,1,1.3
"319","2020_September_CECO_1.3","2020_September",7.8549,"CECO","HP",58.76989646,52.8138250032618,-0.341,-8.79,0.5876989646,1.112774855,8.2352,1,1.3
"320","2020_September_CECO_1.3","2020_September",7.8112,"CECO","HP",59.32062966,53.3087438069402,-0.341,-6.753,0.5932062966,1.112774855,8.1692,1,1.3
"321","2020_September_CECO_1.3","2020_September",8.1107,"CECO","HP",66.59267481,59.8437990495391,-0.341,-7.892,0.6659267481,1.112774855,8.7107,1,1.3
"322","2020_September_CECO_1.3","2020_September",8.0698,"CECO","HP",18.84487666,16.9350309951064,-0.341,-10,0.1884487666,1.112774855,8.2287,1,1.3
"323","2020_September_CECO_1.4","2020_September",7.5969,"CECO","HP",130.3245676,79.062590390506,-0.52,-0.52,1.303245676,1.648372093,8.147,1,1.4
"324","2020_September_CECO_1.4","2020_September",7.8594,"CECO","HP",111.3232608,67.5352739061447,-0.52,-0.904,1.113232608,1.648372093,8.5299,1,1.4
"325","2020_September_CECO_1.4","2020_September",7.9981,"CECO","HP",86.78791121,52.6506797697891,-0.52,-3.447,0.8678791121,1.648372093,8.6471,1,1.4
"326","2020_September_CECO_1.4","2020_September",7.891,"CECO","HP",164.8372093,100,-0.52,-2.12,1.648372093,1.648372093,8.9542,1,1.4
"327","2020_September_CECO_1.4","2020_September",6.8979,"CECO","HP",78.31392902,47.5098610032098,-0.52,-4.59,0.7831392902,1.648372093,7.4562,1,1.4
"328","2020_September_CECO_1.4","2020_September",7.7087,"CECO","HP",99.21307506,60.1885190129823,-0.52,-2.85,0.9921307506,1.648372093,8.2004,1,1.4
"329","2020_September_CECO_1.4","2020_September",7.8503,"CECO","HP",52.74074074,31.9956525374153,-0.52,-5.26,0.5274074074,1.648372093,8.2063,1,1.4
"330","2020_September_CECO_1.4","2020_September",8.0193,"CECO","HP",100.766931,61.1311799246774,-0.52,-2.83,1.00766931,1.648372093,8.7945,1,1.4
"331","2020_September_CECO_1.4","2020_September",7.8552,"CECO","HP",66.83859223,40.5482430294942,-0.52,-7.65,0.6683859223,1.648372093,8.2958,1,1.4
"332","2020_September_CECO_1.4","2020_September",7.4901,"CECO","HP",77.34610123,46.922719426311,-0.52,-5.901,0.7734610123,1.648372093,7.7728,1,1.4
"333","2020_September_CECO_1.4","2020_September",8.1344,"CECO","HP",28.43766439,17.2519690855989,-0.52,-10,0.2843766439,1.648372093,8.4047,1,1.4
"334","2020_September_CECO_1.4","2020_September",7.4699,"CECO","HP",55.10204082,33.4281568184739,-0.52,-7.1,0.5510204082,1.648372093,7.6157,1,1.4
"335","2020_September_CECO_1.5","2020_September",7.7823,"CECO","HP",116.3000361,100,-0.785,-0.785,1.163000361,1.163000361,8.4273,1,1.5
"336","2020_September_CECO_1.5","2020_September",7.8515,"CECO","HP",113.9186296,97.9523596209787,-0.785,-1.579,1.139186296,1.163000361,8.5963,1,1.5
"337","2020_September_CECO_1.5","2020_September",8.3712,"CECO","HP",85.6685633,73.6616824661502,-0.785,-3.59,0.856685633,1.163000361,8.853,1,1.5
"338","2020_September_CECO_1.5","2020_September",8.0169,"CECO","HP",84.50829009,72.6640273931953,-0.785,-2.382,0.8450829009,1.163000361,8.6846,1,1.5
"339","2020_September_CECO_1.5","2020_September",6.7536,"CECO","HP",98.47625797,84.6743141896583,-0.785,-2.84,0.9847625797,1.163000361,7.3094,1,1.5
"340","2020_September_CECO_1.5","2020_September",6.8959,"CECO","HP",24.66785372,21.2105297188296,-0.785,-7,0.2466785372,1.163000361,7.076,1,1.5
"341","2020_September_CECO_1.5","2020_September",7.8291,"CECO","HP",66.73330002,57.3802917503996,-0.785,-6.34,0.6673330002,1.163000361,8.2297,1,1.5
"342","2020_September_CECO_1.5","2020_September",7.6851,"CECO","HP",106.9767442,91.9834144402299,-0.785,-4.27,1.069767442,1.163000361,8.1129,1,1.5
"343","2020_September_CECO_1.5","2020_September",7.5521,"CECO","HP",61.75991309,53.1039500597369,-0.785,-5.773,0.6175991309,1.163000361,7.7795,1,1.5
"344","2020_September_CECO_1.5","2020_September",7.5667,"CECO","HP",51.35681293,44.1588968088033,-0.785,-10,0.5135681293,1.163000361,7.7446,1,1.5
"345","2020_September_CECO_1.6","2020_September",7.8063,"CECO","HP",137.9838577,87.8386033437846,-0.296,-0.296,1.379838577,1.570879459,8.644,1,1.6
"346","2020_September_CECO_1.6","2020_September",7.8001,"CECO","HP",157.0879459,100,-0.296,-0.48,1.570879459,1.570879459,8.8218,1,1.6
"347","2020_September_CECO_1.6","2020_September",7.9954,"CECO","HP",93.15051798,59.2983232712829,-0.296,-3.409,0.9315051798,1.570879459,8.7597,1,1.6
"348","2020_September_CECO_1.6","2020_September",7.9894,"CECO","HP",141.2172573,89.896940526485,-0.296,-1.6,1.412172573,1.570879459,9.0892,1,1.6
"349","2020_September_CECO_1.6","2020_September",6.889,"CECO","HP",133.110225,84.736116598492,-0.296,-1.86,1.33110225,1.570879459,7.8237,1,1.6
"350","2020_September_CECO_1.6","2020_September",6.6001,"CECO","HP",113.6588659,72.3536521206749,-0.296,-2.15,1.136588659,1.570879459,7.1052,1,1.6
"351","2020_September_CECO_1.6","2020_September",8.2107,"CECO","HP",78.36448136,49.8857381519813,-0.296,-4.56,0.7836448136,1.570879459,9.0032,1,1.6
"352","2020_September_CECO_1.6","2020_September",1.4056,"CECO","HP",53.2193855756607,33.8787201467002,-0.296,-7.589,0.532193855756607,1.570879459,8.0798,1,1.6
"353","2020_September_CECO_1.6","2020_September",7.8052,"CECO","HP",73.41677564,46.7360975531096,-0.296,-3.192,0.7341677564,1.570879459,8.1982,1,1.6
"354","2020_September_CECO_1.6","2020_September",7.5539,"CECO","HP",66.62670822,42.4136351381242,-0.296,-7.133,0.6662670822,1.570879459,7.8318,1,1.6
"355","2020_September_CECO_1.6","2020_September",7.9968,"CECO","HP",25.21434139,16.05109879408,-0.296,-10,0.2521434139,1.570879459,8.1909,1,1.6
"356","2020_September_CECO_2.1","2020_September",7.5779,"CECO","HP",168.2665161,100,-0.262,-0.262,1.682665161,1.682665161,8.1739,2,2.1
"357","2020_September_CECO_2.1","2020_September",7.7591,"CECO","HP",144.7449072,86.0212183355474,-0.262,-1.09,1.447449072,1.682665161,8.562,2,2.1
"358","2020_September_CECO_2.1","2020_September",7.903,"CECO","HP",93.70585465,55.6889491871996,-0.262,-3.399,0.9370585465,1.682665161,8.5,2,2.1
"359","2020_September_CECO_2.1","2020_September",8.0317,"CECO","HP",78.18088912,46.4625351092059,-0.262,-3.89,0.7818088912,1.682665161,8.6437,2,2.1
"360","2020_September_CECO_2.1","2020_September",7.9184,"CECO","HP",132.0353494,78.4679878446714,-0.262,-0.89,1.320353494,1.682665161,8.8746,2,2.1
"361","2020_September_CECO_2.1","2020_September",6.7752,"CECO","HP",61.75582015,36.7011937855175,-0.262,-9.404,0.6175582015,1.682665161,7.1227,2,2.1
"362","2020_September_CECO_2.1","2020_September",7.8071,"CECO","HP",73.57939914,43.7278912319502,-0.262,-6.18,0.7357939914,1.682665161,8.2357,2,2.1
"363","2020_September_CECO_2.1","2020_September",7.5095,"CECO","HP",98.99691358,58.8334006518365,-0.262,-7.125,0.9899691358,1.682665161,7.7661,2,2.1
"364","2020_September_CECO_2.1","2020_September",7.6704,"CECO","HP",66.79925129,39.698481217916,-0.262,-7.624,0.6679925129,1.682665161,7.9559,2,2.1
"365","2020_September_CECO_2.1","2020_September",7.6874,"CECO","HP",99.43526459,59.0939105977009,-0.262,-3.11,0.9943526459,1.682665161,8.1628,2,2.1
"366","2020_September_CECO_2.1","2020_September",8.2058,"CECO","HP",70.89533417,42.1327640300505,-0.262,-6.8,0.7089533417,1.682665161,8.4869,2,2.1
"367","2020_September_CECO_2.1","2020_September",7.3794,"CECO","HP",19.08831909,11.3440983580215,-0.262,-10,0.1908831909,1.682665161,7.4062,2,2.1
"368","2020_September_CECO_2.1","2020_September",7.0012,"CECO","HP",131.9101403,78.3935766647753,-0.262,-2.29,1.319101403,1.682665161,8.064,2,2.1
"369","2020_September_CECO_2.2","2020_September",7.6875,"CECO","HP",161.9336025,100,-0.398,-0.398,1.619336025,1.619336025,8.4094,2,2.2
"370","2020_September_CECO_2.2","2020_September",7.8484,"CECO","HP",129.4135898,79.9176871273521,-0.398,-1.92,1.294135898,1.619336025,8.6826,2,2.2
"371","2020_September_CECO_2.2","2020_September",7.6421,"CECO","HP",89.453125,55.2406193766979,-0.398,-3.287,0.89453125,1.619336025,8.1001,2,2.2
"372","2020_September_CECO_2.2","2020_September",8.0368,"CECO","HP",112.3604201,69.3867229317028,-0.398,-2.06,1.123604201,1.619336025,9.0531,2,2.2
"373","2020_September_CECO_2.2","2020_September",6.7144,"CECO","HP",118.2748815,73.0391220068114,-0.398,-2.46,1.182748815,1.619336025,7.3383,2,2.2
"374","2020_September_CECO_2.2","2020_September",7,"CECO","HP",112.4637681,69.4505441512672,-0.398,-4.473,1.124637681,1.619336025,7.2048,2,2.2
"375","2020_September_CECO_2.2","2020_September",7.916,"CECO","HP",70.74547075,43.6879496644311,-0.398,-5.04,0.7074547075,1.619336025,8.3924,2,2.2
"376","2020_September_CECO_2.2","2020_September",7.779,"CECO","HP",109.114744,67.3823976712925,-0.398,-2.89,1.09114744,1.619336025,8.4865,2,2.2
"377","2020_September_CECO_2.2","2020_September",7.9605,"CECO","HP",73.96515679,45.6762250997288,-0.398,-4.446,0.7396515679,1.619336025,8.4912,2,2.2
"378","2020_September_CECO_2.2","2020_September",7.8409,"CECO","HP",81.08498052,50.0729800783627,-0.398,-4.2,0.8108498052,1.619336025,8.4029,2,2.2
"379","2020_September_CECO_2.2","2020_September",7.8126,"CECO","HP",63.89259506,39.4560449922677,-0.398,-10,0.6389259506,1.619336025,8.1957,2,2.2
"380","2020_September_CECO_2.2","2020_September",7.7503,"CECO","HP",70.75812274,43.6957627370762,-0.398,-10,0.7075812274,1.619336025,8.1227,2,2.2
"381","2020_September_CECO_2.3","2020_September",7.6447,"CECO","HP",131.3861386,61.0785375654266,-0.61,-0.61,1.313861386,2.151101579,8.1755,2,2.3
"382","2020_September_CECO_2.3","2020_September",7.5326,"CECO","HP",101.4929577,47.1818526334688,-0.61,-1.18,1.014929577,2.151101579,7.8929,2,2.3
"383","2020_September_CECO_2.3","2020_September",7.7755,"CECO","HP",91.03291714,42.3192089247218,-0.61,-3.4,0.9103291714,2.151101579,8.2567,2,2.3
"384","2020_September_CECO_2.3","2020_September",7.7541,"CECO","HP",215.1101579,100,-0.61,-2.43,2.151101579,2.151101579,8.8574,2,2.3
"385","2020_September_CECO_2.3","2020_September",6.894,"CECO","HP",111.2071258,51.6977565753532,-0.61,-2.52,1.112071258,2.151101579,7.7305,2,2.3
"386","2020_September_CECO_2.3","2020_September",6.6772,"CECO","HP",75.441087,35.0709086620962,-0.61,-3.381,0.75441087,2.151101579,7.0492,2,2.3
"387","2020_September_CECO_2.3","2020_September",7.9924,"CECO","HP",68.90722747,32.0334605035405,-0.61,-6.29,0.6890722747,2.151101579,8.5101,2,2.3
"388","2020_September_CECO_2.3","2020_September",7.7344,"CECO","HP",91.94244604,42.7420289853267,-0.61,-3.48,0.9194244604,2.151101579,8.1817,2,2.3
"389","2020_September_CECO_2.4","2020_September",7.8054,"CECO","HP",121.7470428,98.0153911410056,-0.815,-0.815,1.217470428,1.242121685,8.4744,2,2.4
"390","2020_September_CECO_2.4","2020_September",7.8774,"CECO","HP",124.2121685,100,-0.815,-1.39,1.242121685,1.242121685,8.6736,2,2.4
"391","2020_September_CECO_2.4","2020_September",8.0003,"CECO","HP",84.76112984,68.2389904818383,-0.815,-3.324,0.8476112984,1.242121685,8.7295,2,2.4
"392","2020_September_CECO_2.4","2020_September",8.1988,"CECO","HP",29.77279155,23.9693034181269,-0.815,-1.76,0.2977279155,1.242121685,8.5146,2,2.4
"393","2020_September_CECO_2.4","2020_September",6.8584,"CECO","HP",105.362687,84.8247706101355,-0.815,-2.49,1.05362687,1.242121685,7.605,2,2.4
"394","2020_September_CECO_2.4","2020_September",6.6772,"CECO","HP",75.64591275,60.9005652694969,-0.815,-4.421,0.7564591275,1.242121685,7.0344,2,2.4
"395","2020_September_CECO_2.4","2020_September",7.7061,"CECO","HP",72.94954434,58.7297888934287,-0.815,-5.67,0.7294954434,1.242121685,8.0343,2,2.4
"396","2020_September_CECO_2.4","2020_September",7.719,"CECO","HP",97.81226627,78.7461224219751,-0.815,-3.71,0.9781226627,1.242121685,8.2421,2,2.4
"397","2020_September_CECO_2.4","2020_September",7.4682,"CECO","HP",55.32338308,44.5394229471165,-0.815,-10,0.5532338308,1.242121685,7.635,2,2.4
"398","2020_September_CECO_2.5","2020_September",7.8478,"CECO","HP",141.7786808,72.0310428008639,-0.33,-0.33,1.417786808,1.968299712,8.7549,2,2.5
"399","2020_September_CECO_2.5","2020_September",7.7361,"CECO","HP",131.828489,66.9758209058763,-0.33,-2.201,1.31828489,1.968299712,8.3756,2,2.5
"400","2020_September_CECO_2.5","2020_September",7.925,"CECO","HP",95.08781559,48.3096222644776,-0.33,-3.954,0.9508781559,1.968299712,8.618,2,2.5
"401","2020_September_CECO_2.5","2020_September",7.9184,"CECO","HP",196.8299712,100,-0.33,-2.86,1.968299712,1.968299712,9.2161,2,2.5
"402","2020_September_CECO_2.5","2020_September",7.9618,"CECO","HP",144.4761905,73.4015199103987,-0.33,-0.619,1.444761905,1.968299712,9.0237,2,2.5
"403","2020_September_CECO_2.5","2020_September",6.7876,"CECO","HP",59.32230353,30.1388569882593,-0.33,-8.135,0.5932230353,1.968299712,7.1605,2,2.5
"404","2020_September_CECO_2.5","2020_September",7.6257,"CECO","HP",114.5728643,58.2090540386158,-0.33,-2.9,1.145728643,1.968299712,8.1045,2,2.5
"405","2020_September_CECO_2.5","2020_September",8.0592,"CECO","HP",18.31038798,9.30264220858658,-0.33,-10,0.1831038798,1.968299712,8.2055,2,2.5
"406","2020_September_CECO_2.5","2020_September",6.716,"CECO","HP",56.37181409,28.6398528365989,-0.33,-7.4,0.5637181409,1.968299712,7.0168,2,2.5
"407","2020_September_PIJE_1.1","2020_September",8.4583,"PIJE","HP",145.2881464,77.959609300624,-0.263,-0.4,1.452881464,1.863633588,10.276,1,1.1
"408","2020_September_PIJE_1.1","2020_September",8.6341,"PIJE","HP",175.0470744,93.9278383514518,-0.263,-0.263,1.750470744,1.863633588,11.1441,1,1.1
"409","2020_September_PIJE_1.1","2020_September",8.8425,"PIJE","HP",186.3633588,100,-0.263,-1.314,1.863633588,1.863633588,11.8942,1,1.1
"410","2020_September_PIJE_1.1","2020_September",8.1306,"PIJE","HP",139.2449906,74.7169355052427,-0.263,-1.94,1.392449906,1.863633588,9.3884,1,1.1
"411","2020_September_PIJE_1.1","2020_September",7.7333,"PIJE","HP",153.0059099,82.1008544196726,-0.263,-3.098,1.530059099,1.863633588,8.4841,1,1.1
"412","2020_September_PIJE_1.1","2020_September",7.926,"PIJE","HP",155.4671968,83.4215469183742,-0.263,-2.848,1.554671968,1.863633588,9.0208,1,1.1
"413","2020_September_PIJE_1.1","2020_September",7.4978,"PIJE","HP",145.6024931,78.1282833908658,-0.263,-3.013,1.456024931,1.863633588,7.9183,1,1.1
"414","2020_September_PIJE_1.1","2020_September",8.0828,"PIJE","HP",158.044272,84.8043698169278,-0.263,-3.974,1.58044272,1.863633588,9.4679,1,1.1
"415","2020_September_PIJE_1.1","2020_September",7.9549,"PIJE","HP",135.8449946,72.8925446904963,-0.263,-3.962,1.358449946,1.863633588,8.9645,1,1.1
"416","2020_September_PIJE_1.1","2020_September",7.7518,"PIJE","HP",125.1055239,67.129893293166,-0.263,-4.771,1.251055239,1.863633588,8.4335,1,1.1
"417","2020_September_PIJE_1.1","2020_September",7.9682,"PIJE","HP",130.0345773,69.7747551542841,-0.263,-3.987,1.300345773,1.863633588,9.0588,1,1.1
"418","2020_September_PIJE_1.2","2020_September",8.8415,"PIJE","HP",153.5171395,91.324253856191,-0.35,-0.35,1.535171395,1.681011703,11.336,1,1.2
"419","2020_September_PIJE_1.2","2020_September",8.9262,"PIJE","HP",128.9747313,76.7244695975802,-0.35,-1.28,1.289747313,1.681011703,11.1465,1,1.2
"420","2020_September_PIJE_1.2","2020_September",8.7962,"PIJE","HP",168.1011703,100,-0.35,-0.566,1.681011703,1.681011703,11.468,1,1.2
"421","2020_September_PIJE_1.2","2020_September",8.0409,"PIJE","HP",121.1967779,72.0975217981573,-0.35,-2.621,1.211967779,1.681011703,9.0941,1,1.2
"422","2020_September_PIJE_1.2","2020_September",8.1444,"PIJE","HP",138.1103026,82.1590369380076,-0.35,-2.026,1.381103026,1.681011703,9.4541,1,1.2
"423","2020_September_PIJE_1.2","2020_September",8.6688,"PIJE","HP",110.1122826,65.5035788290404,-0.35,-2.993,1.101122826,1.681011703,10.2771,1,1.2
"424","2020_September_PIJE_1.2","2020_September",8.4053,"PIJE","HP",109.9528063,65.4087095906435,-0.35,-3.122,1.099528063,1.681011703,9.71,1,1.2
"425","2020_September_PIJE_1.2","2020_September",NA,"PIJE","HP",NA,NA,-0.35,-2.712,NA,1.681011703,NA,1,1.2
"426","2020_September_PIJE_1.2","2020_September",8.6567,"PIJE","HP",98.93595528,58.8550068410797,-0.35,-3.412,0.9893595528,1.681011703,10.1258,1,1.2
"427","2020_September_PIJE_1.2","2020_September",9.005,"PIJE","HP",88.11457175,52.4175837638413,-0.35,-3.862,0.8811457175,1.681011703,10.5893,1,1.2
"428","2020_September_PIJE_1.2","2020_September",8.9809,"PIJE","HP",105.7796014,62.9261540602136,-0.35,-3.336,1.057796014,1.681011703,10.7855,1,1.2
"429","2020_September_PIJE_1.2","2020_September",8.2649,"PIJE","HP",95.83726719,57.0116597159705,-0.35,-3.232,0.9583726719,1.681011703,9.3815,1,1.2
"430","2020_September_PIJE_1.3","2020_September",8.1019,"PIJE","HP",163.7583149,100,-0.2,-0.2,1.637583149,1.637583149,9.579,1,1.3
"431","2020_September_PIJE_1.3","2020_September",9.9695,"PIJE","HP",61.96275828,37.8379310496923,-0.2,-1.554,0.6196275828,1.637583149,11.7298,1,1.3
"432","2020_September_PIJE_1.3","2020_September",8.547,"PIJE","HP",138.3566458,84.4883179730375,-0.2,-1.67,1.383566458,1.637583149,10.5154,1,1.3
"433","2020_September_PIJE_1.3","2020_September",8.5769,"PIJE","HP",147.8950801,90.3130202520178,-0.2,-1.47,1.478950801,1.637583149,10.618,1,1.3
"434","2020_September_PIJE_1.3","2020_September",7.9869,"PIJE","HP",146.1538462,89.2497252974603,-0.2,-1.906,1.461538462,1.637583149,9.2542,1,1.3
"435","2020_September_PIJE_1.3","2020_September",8.851,"PIJE","HP",133.9230031,81.7808873899202,-0.2,-2.66,1.339230031,1.637583149,11.0843,1,1.3
"436","2020_September_PIJE_1.3","2020_September",8.1437,"PIJE","HP",135.0599724,82.475184531836,-0.2,-3.364,1.350599724,1.637583149,9.4161,1,1.3
"437","2020_September_PIJE_1.3","2020_September",7.7305,"PIJE","HP",105.0792361,64.1672675761028,-0.2,-5.957,1.050792361,1.637583149,8.2477,1,1.3
"438","2020_September_PIJE_1.3","2020_September",9.5123,"PIJE","HP",89.01644431,54.3584271518417,-0.2,-3.395,0.8901644431,1.637583149,11.5206,1,1.3
"439","2020_September_PIJE_1.3","2020_September",8.4098,"PIJE","HP",112.5350557,68.7202086616,-0.2,-3.722,1.125350557,1.637583149,9.734,1,1.3
"440","2020_September_PIJE_1.3","2020_September",8.9809,"PIJE","HP",104.6387568,63.8982862420747,-0.2,-2.97,1.046387568,1.637583149,10.7855,1,1.3
"441","2020_September_PIJE_1.3","2020_September",7.7615,"PIJE","HP",124.6226415,76.1015656372023,-0.2,-3.359,1.246226415,1.637583149,8.5541,1,1.3
"442","2020_September_PIJE_1.4","2020_September",8.1661,"PIJE","HP",149.888167,100,-0.25,-0.25,1.49888167,1.49888167,9.5734,1,1.4
"443","2020_September_PIJE_1.4","2020_September",8.7352,"PIJE","HP",86.92755498,57.9949416420577,-0.25,-1.26,0.8692755498,1.49888167,10.0791,1,1.4
"444","2020_September_PIJE_1.4","2020_September",8.5174,"PIJE","HP",143.8014566,95.9391654979676,-0.25,-2.29,1.438014566,1.49888167,10.3339,1,1.4
"445","2020_September_PIJE_1.4","2020_September",8.273,"PIJE","HP",138.7940429,92.598398978353,-0.25,-2.5,1.387940429,1.49888167,9.8014,1,1.4
"446","2020_September_PIJE_1.4","2020_September",8.0784,"PIJE","HP",123.9760453,82.7123633448663,-0.25,-0.644,1.239760453,1.49888167,9.2377,1,1.4
"447","2020_September_PIJE_1.4","2020_September",7.7559,"PIJE","HP",128.8642659,85.9736085104036,-0.25,-2.644,1.288642659,1.49888167,8.4537,1,1.4
"448","2020_September_PIJE_1.4","2020_September",7.7559,"PIJE","HP",128.8642659,85.9736085104036,-0.25,-2.644,1.288642659,1.49888167,8.4537,1,1.4
"449","2020_September_PIJE_1.4","2020_September",7.768,"PIJE","HP",127.2828302,84.9185314275009,-0.25,-3.481,1.272828302,1.49888167,8.4552,1,1.4
"450","2020_September_PIJE_1.4","2020_September",7.8405,"PIJE","HP",105.1181102,70.1310265539507,-0.25,-4.127,1.051181102,1.49888167,8.4546,1,1.4
"451","2020_September_PIJE_1.4","2020_September",8.5339,"PIJE","HP",97.58375791,65.104377392246,-0.25,-3.724,0.9758375791,1.49888167,9.798,1,1.4
"452","2020_September_PIJE_1.4","2020_September",7.4981,"PIJE","HP",121.4471123,81.0251501040773,-0.25,-3.21,1.214471123,1.49888167,7.8724,1,1.4
"453","2020_September_PIJE_1.5","2020_September",8.3737,"PIJE","HP",167.9674512,100,-0.3,-0.3,1.679674512,1.679674512,10.2934,1,1.5
"454","2020_September_PIJE_1.5","2020_September",8.3912,"PIJE","HP",157.7897938,93.9406966484945,-0.3,-1.05,1.577897938,1.679674512,10.2588,1,1.5
"455","2020_September_PIJE_1.5","2020_September",8.4349,"PIJE","HP",143.3599742,85.3498539007419,-0.3,-1.767,1.433599742,1.679674512,10.2107,1,1.5
"456","2020_September_PIJE_1.5","2020_September",8.7894,"PIJE","HP",141.7563572,84.3951350022033,-0.3,-1.733,1.417563572,1.679674512,11.1865,1,1.5
"457","2020_September_PIJE_1.5","2020_September",8.1365,"PIJE","HP",131.6239316,78.3627605584575,-0.3,-2.475,1.316239316,1.679674512,9.3223,1,1.5
"458","2020_September_PIJE_1.5","2020_September",8.3187,"PIJE","HP",129.8933978,77.3324813063544,-0.3,-2.643,1.298933978,1.679674512,9.7687,1,1.5
"459","2020_September_PIJE_1.5","2020_September",7.8617,"PIJE","HP",132.5515055,78.9149948713397,-0.3,-3.671,1.325515055,1.679674512,8.6981,1,1.5
"460","2020_September_PIJE_1.5","2020_September",7.9307,"PIJE","HP",117.4624829,69.9316933494077,-0.3,-3.399,1.174624829,1.679674512,8.7917,1,1.5
"461","2020_September_PIJE_1.5","2020_September",7.8336,"PIJE","HP",117.8727905,70.1759713908191,-0.3,-3.694,1.178727905,1.679674512,8.6138,1,1.5
"462","2020_September_PIJE_1.5","2020_September",8.5184,"PIJE","HP",119.8647178,71.3618721625276,-0.3,-4.089,1.198647178,1.679674512,10.0601,1,1.5
"463","2020_September_PIJE_1.6","2020_September",8.363,"PIJE","HP",161.781143,91.3334302811256,-0.275,-0.275,1.61781143,1.771324503,10.1578,1,1.6
"464","2020_September_PIJE_1.6","2020_September",8.2786,"PIJE","HP",152.4138566,86.0451353446896,-0.275,-0.361,1.524138566,1.771324503,9.9329,1,1.6
"465","2020_September_PIJE_1.6","2020_September",8.7133,"PIJE","HP",177.1324503,100,-0.275,-0.521,1.771324503,1.771324503,11.388,1,1.6
"466","2020_September_PIJE_1.6","2020_September",7.8521,"PIJE","HP",166.9886004,94.2732966868465,-0.275,-1.66,1.669886004,1.771324503,8.9068,1,1.6
"467","2020_September_PIJE_1.6","2020_September",7.8031,"PIJE","HP",130.0933376,73.4441020714543,-0.275,-2.74,1.300933376,1.771324503,8.6115,1,1.6
"468","2020_September_PIJE_1.6","2020_September",7.9067,"PIJE","HP",132.055608,74.5519004430551,-0.275,-2.915,1.32055608,1.771324503,8.8851,1,1.6
"469","2020_September_PIJE_1.6","2020_September",8.0288,"PIJE","HP",135.9845061,76.7699570969013,-0.275,-2.789,1.359845061,1.771324503,9.082,1,1.6
"470","2020_September_PIJE_1.6","2020_September",8.1109,"PIJE","HP",16.22513033,9.15988589471909,-0.275,-4.139,0.1622513033,1.771324503,8.2634,1,1.6
"471","2020_September_PIJE_1.6","2020_September",8.2649,"PIJE","HP",107.6131076,60.7529040657098,-0.275,-3.854,1.076131076,1.771324503,9.3519,1,1.6
"472","2020_September_PIJE_1.6","2020_September",7.5599,"PIJE","HP",88.56770833,50.0008373282239,-0.275,-3.339,0.8856770833,1.771324503,7.9,1,1.6
"473","2020_September_PIJE_2.1","2020_September",8.348,"PIJE","HP",191.19037,98.060599941488,-0.361,-0.493,1.9119037,1.949716503,10.4922,2,2.1
"474","2020_September_PIJE_2.1","2020_September",7.8087,"PIJE","HP",194.9716503,100,-0.361,-0.361,1.949716503,1.949716503,9.1154,2,2.1
"475","2020_September_PIJE_2.1","2020_September",9,"PIJE","HP",189.9713649,97.4353782243182,-0.361,-0.786,1.899713649,1.949716503,11.7392,2,2.1
"476","2020_September_PIJE_2.1","2020_September",8.8825,"PIJE","HP",161.5700059,82.8684609538847,-0.361,-2.228,1.615700059,1.949716503,11.6405,2,2.1
"477","2020_September_PIJE_2.1","2020_September",7.7355,"PIJE","HP",158.6658087,81.3789125013115,-0.361,-2.919,1.586658087,1.949716503,8.4752,2,2.1
"478","2020_September_PIJE_2.1","2020_September",8.4227,"PIJE","HP",158.505265,81.2965704276034,-0.361,-2.792,1.58505265,1.949716503,10.2742,2,2.1
"479","2020_September_PIJE_2.1","2020_September",7.6265,"PIJE","HP",145.5705706,74.6624293203718,-0.361,-3.991,1.455705706,1.949716503,8.2082,2,2.1
"480","2020_September_PIJE_2.1","2020_September",6.6357,"PIJE","HP",148.0722892,75.9455484795679,-0.361,-3.126,1.480722892,1.949716503,7.2502,2,2.1
"481","2020_September_PIJE_2.1","2020_September",7.9683,"PIJE","HP",140.578144,72.1018382845375,-0.361,-4.13,1.40578144,1.949716503,9.009,2,2.1
"482","2020_September_PIJE_2.1","2020_September",7.9053,"PIJE","HP",114.8929756,58.9280418067016,-0.361,-3.897,1.148929756,1.949716503,8.6675,2,2.1
"483","2020_September_PIJE_2.2","2020_September",8.4377,"PIJE","HP",167.0481292,92.3803639445853,-0.982,-1.18,1.670481292,1.808264463,10.4959,2,2.2
"484","2020_September_PIJE_2.2","2020_September",8.7279,"PIJE","HP",172.0973044,95.1726409059005,-0.982,-0.982,1.720973044,1.808264463,11.3455,2,2.2
"485","2020_September_PIJE_2.2","2020_September",8.2333,"PIJE","HP",168.4225816,93.1404587360959,-0.982,-1.134,1.684225816,1.808264463,9.9726,2,2.2
"486","2020_September_PIJE_2.2","2020_September",8.4254,"PIJE","HP",180.8264463,100,-0.982,-1.42,1.808264463,1.808264463,10.6134,2,2.2
"487","2020_September_PIJE_2.2","2020_September",7.9526,"PIJE","HP",151.6143498,83.845229999413,-0.982,-2.294,1.516143498,1.808264463,8.9669,2,2.2
"488","2020_September_PIJE_2.2","2020_September",8.8251,"PIJE","HP",122.3537561,67.6636402492858,-0.982,-3.118,1.223537561,1.808264463,10.7682,2,2.2
"489","2020_September_PIJE_2.2","2020_September",8.1661,"PIJE","HP",145.9102724754,80.6907813878768,-0.982,-3.196,1.459102724754,1.808264463,8.7063,2,2.2
"490","2020_September_PIJE_2.2","2020_September",7.7074,"PIJE","HP",143.8788129,79.5673508184184,-0.982,-4.04,1.438788129,1.808264463,8.4055,2,2.2
"491","2020_September_PIJE_2.2","2020_September",9.1551,"PIJE","HP",144.0295381,79.650704333949,-0.982,-3.999,1.440295381,1.808264463,11.9052,2,2.2
"492","2020_September_PIJE_2.2","2020_September",8.1333,"PIJE","HP",116.4030728,64.3728144758658,-0.982,-4.986,1.164030728,1.808264463,9.1637,2,2.2
"493","2020_September_PIJE_2.2","2020_September",8.026,"PIJE","HP",126.229405765445,69.8069382815965,-0.982,-4.132,1.26229405765445,1.808264463,9.9068,2,2.2
"494","2020_September_PIJE_2.2","2020_September",8.6291,"PIJE","HP",148.5413005,82.1457831746373,-0.982,-2.793,1.485413005,1.808264463,10.7421,2,2.2
"495","2020_September_PIJE_2.3","2020_September",8.3604,"PIJE","HP",160.0404253,89.4151056362861,-0.331,-0.331,1.600404253,1.78985893,10.1815,2,2.3
"496","2020_September_PIJE_2.3","2020_September",8.7369,"PIJE","HP",178.985893,100,-0.331,-1.221,1.78985893,1.78985893,11.4267,2,2.3
"497","2020_September_PIJE_2.3","2020_September",8.2752,"PIJE","HP",156.9381169,87.6818358528401,-0.331,-2.89,1.569381169,1.78985893,9.9287,2,2.3
"498","2020_September_PIJE_2.3","2020_September",7.6728,"PIJE","HP",133.716387,74.7077799030787,-0.331,-2.032,1.33716387,1.78985893,8.2546,2,2.3
"499","2020_September_PIJE_2.3","2020_September",7.6256,"PIJE","HP",141.4334292,79.0193164552918,-0.331,-3.521,1.414334292,1.78985893,8.1663,2,2.3
"500","2020_September_PIJE_2.3","2020_September",8.1661,"PIJE","HP",146.993959071416,82.126002562345,-0.331,-2.687,1.46993959071416,1.78985893,8.6447,2,2.3
"501","2020_September_PIJE_2.3","2020_September",8.1749,"PIJE","HP",113.620477,63.4801296882096,-0.331,-3.747,1.13620477,1.78985893,9.2802,2,2.3
"502","2020_September_PIJE_2.3","2020_September",8.5641,"PIJE","HP",130.0710812,72.6711357078851,-0.331,-5.499,1.300710812,1.78985893,10.3025,2,2.3
"503","2020_September_PIJE_2.3","2020_September",8.0574,"PIJE","HP",155.1368219,86.6754464833717,-0.331,-2.839,1.551368219,1.78985893,9.35,2,2.3
"504","2020_September_QUKE_1.1","2020_September",7.6146,"QUKE","HP",142.7441286,100,-0.129,-0.129,1.427441286,1.427441286,8.192,1,1.1
"505","2020_September_QUKE_1.1","2020_September",7.7029,"QUKE","HP",132.2312287,92.6351437336807,-0.129,-0.837,1.322312287,1.427441286,8.3228,1,1.1
"506","2020_September_QUKE_1.1","2020_September",6.8417,"QUKE","HP",100.359928,70.3075699044899,-0.129,-4.02,1.00359928,1.427441286,7.5109,1,1.1
"507","2020_September_QUKE_1.1","2020_September",7.0325,"QUKE","HP",131.3487943,92.0169506012172,-0.129,-1.088,1.313487943,1.427441286,8.1709,1,1.1
"508","2020_September_QUKE_1.1","2020_September",7.1569,"QUKE","HP",118.9486937,83.3300079426174,-0.129,-1.986,1.189486937,1.427441286,8.2906,1,1.1
"509","2020_September_QUKE_1.1","2020_September",6.7483,"QUKE","HP",96.05427602,67.2912272904512,-0.129,-3.968,0.9605427602,1.427441286,7.2863,1,1.1
"510","2020_September_QUKE_1.1","2020_September",6.6673,"QUKE","HP",105.567664,73.9558712749745,-0.129,-3.36,1.05567664,1.427441286,7.2001,1,1.1
"511","2020_September_QUKE_1.1","2020_September",7.6271,"QUKE","HP",106.0235294,74.2752296993601,-0.129,-2.638,1.060235294,1.427441286,8.0777,1,1.1
"512","2020_September_QUKE_1.1","2020_September",7.8316,"QUKE","HP",NA,NA,-0.129,-4.464,NA,1.427441286,8.4014,1,1.1
"513","2020_September_QUKE_1.1","2020_September",7.8451,"QUKE","HP",NA,NA,-0.129,-10,NA,1.427441286,8.2191,1,1.1
"514","2020_September_QUKE_1.1","2020_September",8.1529,"QUKE","HP",22.30836427,15.6282184695056,-0.129,-8.9,0.2230836427,1.427441286,8.3572,1,1.1
"515","2020_September_QUKE_1.1","2020_September",7.6533,"QUKE","HP",85.82402235,60.1243800300169,-0.129,-5.282,0.8582402235,1.427441286,8.022,1,1.1
"516","2020_September_QUKE_1.1","2020_September",7.544,"QUKE","HP",87.78867447,61.5007253405167,-0.129,-4.76,0.8778867447,1.427441286,7.8215,1,1.1
"517","2020_September_QUKE_1.1","2020_September",7.8923,"QUKE","HP",19.11465893,13.3908547535173,-0.129,-10,0.1911465893,1.427441286,8.024,1,1.1
"518","2020_September_QUKE_1.2","2020_September",7.9828,"QUKE","HP",122.4592642,59.423786229592,-0.46,-0.49,1.224592642,2.060778553,8.7118,1,1.2
"519","2020_September_QUKE_1.2","2020_September",7.7863,"QUKE","HP",206.0778553,100,-0.46,-0.539,2.060778553,2.060778553,8.9086,1,1.2
"520","2020_September_QUKE_1.2","2020_September",6.6666,"QUKE","HP",91.01547754,44.1655787845343,-0.46,-3.71,0.9101547754,2.060778553,7.1488,1,1.2
"521","2020_September_QUKE_1.2","2020_September",6.59,"QUKE","HP",129.4316501,62.8071608720784,-0.46,-0.46,1.294316501,2.060778553,7.2026,1,1.2
"522","2020_September_QUKE_1.2","2020_September",6.7662,"QUKE","HP",127.6040767,61.9203244881596,-0.46,-0.681,1.276040767,2.060778553,7.5049,1,1.2
"523","2020_September_QUKE_1.2","2020_September",6.8376,"QUKE","HP",107.0498301,51.9463044411837,-0.46,-0.867,1.070498301,2.060778553,7.5938,1,1.2
"524","2020_September_QUKE_1.2","2020_September",6.6991,"QUKE","HP",96.25794732,46.7095055797584,-0.46,-1.95,0.9625794732,2.060778553,7.229,1,1.2
"525","2020_September_QUKE_1.2","2020_September",7.8314,"QUKE","HP",88.37644656,42.8849797720114,-0.46,-3.872,0.8837644656,2.060778553,8.3507,1,1.2
"526","2020_September_QUKE_1.2","2020_September",7.8928,"QUKE","HP",NA,NA,-0.46,-9.5,NA,2.060778553,8.1544,1,1.2
"527","2020_September_QUKE_1.2","2020_September",8.0597,"QUKE","HP",36.16581571,17.5495885559131,-0.46,-6.8,0.3616581571,2.060778553,8.3572,1,1.2
"528","2020_September_QUKE_1.2","2020_September",7.8301,"QUKE","HP",18.23017408,8.84625572867169,-0.46,-10,0.1823017408,2.060778553,7.9432,1,1.2
"529","2020_September_QUKE_1.2","2020_September",7.904,"QUKE","HP",97.66065777,47.3901757313174,-0.46,-2.961,0.9766065777,2.060778553,8.6137,1,1.2
"530","2020_September_QUKE_1.3","2020_September",7.8217,"QUKE","HP",130.5230557,92.1789630664668,-0.185,-0.185,1.305230557,1.415974441,8.5803,1,1.3
"531","2020_September_QUKE_1.3","2020_September",7.7623,"QUKE","HP",128.358209,90.6500889305247,-0.185,-0.472,1.28358209,1.415974441,8.4503,1,1.3
"532","2020_September_QUKE_1.3","2020_September",6.84,"QUKE","HP",95.62085854,67.5300738285007,-0.185,-3.19,0.9562085854,1.415974441,7.5038,1,1.3
"533","2020_September_QUKE_1.3","2020_September",6.7714,"QUKE","HP",141.5974441,100,-0.185,-0.502,1.415974441,1.415974441,7.6578,1,1.3
"534","2020_September_QUKE_1.3","2020_September",6.7598,"QUKE","HP",88.32358982,62.3765424449494,-0.185,-4.84,0.8832358982,1.415974441,7.3188,1,1.3
"535","2020_September_QUKE_1.3","2020_September",6.4972,"QUKE","HP",85.5081757,60.3882197475343,-0.185,-3.898,0.855081757,1.415974441,6.7639,1,1.3
"536","2020_September_QUKE_1.3","2020_September",6.9316,"QUKE","HP",104.3771044,73.713974897941,-0.185,-1.85,1.043771044,1.415974441,7.7376,1,1.3
"537","2020_September_QUKE_1.3","2020_September",7.6508,"QUKE","HP",109.5044128,77.335020766805,-0.185,-1.174,1.095044128,1.415974441,8.1347,1,1.3
"538","2020_September_QUKE_1.3","2020_September",7.9142,"QUKE","HP",NA,NA,-0.185,-9.5,NA,1.415974441,8.132,1,1.3
"539","2020_September_QUKE_1.3","2020_September",7.926,"QUKE","HP",34.52628659,24.3834108796601,-0.185,-7.82,0.3452628659,1.415974441,8.1749,1,1.3
"540","2020_September_QUKE_1.3","2020_September",7.3839,"QUKE","HP",107.7243468,76.0778893183426,-0.185,-2.84,1.077243468,1.415974441,7.6684,1,1.3
"541","2020_September_QUKE_1.4","2020_September",7.8321,"QUKE","HP",136.3902296,100,-0.107,-0.294,1.363902296,1.363902296,8.7646,1,1.4
"542","2020_September_QUKE_1.4","2020_September",7.7307,"QUKE","HP",120.0407106,88.0126904632764,-0.107,-1.63,1.200407106,1.363902296,8.3794,1,1.4
"543","2020_September_QUKE_1.4","2020_September",6.7284,"QUKE","HP",103.0118322,75.5272811711727,-0.107,-3.57,1.030118322,1.363902296,7.303,1,1.4
"544","2020_September_QUKE_1.4","2020_September",6.6049,"QUKE","HP",127.7997365,93.701533368487,-0.107,-0.107,1.277997365,1.363902296,7.1869,1,1.4
"545","2020_September_QUKE_1.4","2020_September",7.8451,"QUKE","HP",NA,NA,-0.107,-1,NA,1.363902296,8.2191,1,1.4
"546","2020_September_QUKE_1.4","2020_September",6.6378,"QUKE","HP",111.039538,81.4131175859535,-0.107,-2.784,1.11039538,1.363902296,7.1377,1,1.4
"547","2020_September_QUKE_1.4","2020_September",6.5261,"QUKE","HP",101.1164274,74.1375886649288,-0.107,-3.82,1.011164274,1.363902296,6.9065,1,1.4
"548","2020_September_QUKE_1.4","2020_September",7.6568,"QUKE","HP",128.0343716,93.8735655592738,-0.107,-1.321,1.280343716,1.363902296,8.2528,1,1.4
"549","2020_September_QUKE_1.4","2020_September",7.9238,"QUKE","HP",NA,NA,-0.107,-3.33,NA,1.363902296,8.6243,1,1.4
"550","2020_September_QUKE_1.4","2020_September",7.6868,"QUKE","HP",95.38428043,69.9348338291821,-0.107,-4.049,0.9538428043,1.363902296,8.1249,1,1.4
"551","2020_September_QUKE_1.4","2020_September",7.4275,"QUKE","HP",71.15,52.166493310163,-0.107,-5.876,0.7115,1.363902296,7.5698,1,1.4
"552","2020_September_QUKE_1.4","2020_September",7.6485,"QUKE","HP",98.84577603,72.4727689951773,-0.107,-4.232,0.9884577603,1.363902296,8.051,1,1.4
"553","2020_September_QUKE_1.4","2020_September",7.8005,"QUKE","HP",74.37802908,54.5332530769492,-0.107,-5.25,0.7437802908,1.363902296,8.2609,1,1.4
"554","2020_September_QUKE_1.4","2020_September",7.5601,"QUKE","HP",61.37266024,44.9978421621485,-0.107,-5.594,0.6137266024,1.363902296,7.7765,1,1.4
"555","2020_September_QUKE_1.4","2020_September",7.7271,"QUKE","HP",17.74491682,13.0104017509477,-0.107,-10,0.1774491682,1.363902296,7.8327,1,1.4
"556","2020_September_QUKE_1.5","2020_September",7.8321,"QUKE","HP",135.8889623,100,-0.269,-0.269,1.358889623,1.358889623,8.6545,1,1.5
"557","2020_September_QUKE_1.5","2020_September",7.6944,"QUKE","HP",134.5625896,99.0239290391579,-0.269,-0.598,1.345625896,1.358889623,8.3512,1,1.5
"558","2020_September_QUKE_1.5","2020_September",6.6594,"QUKE","HP",94.63002114,69.6377538972494,-0.269,-3.75,0.9463002114,1.358889623,7.107,1,1.5
"559","2020_September_QUKE_1.5","2020_September",6.8328,"QUKE","HP",129.3891909,95.2168511040282,-0.269,-1.09,1.293891909,1.358889623,7.642,1,1.5
"560","2020_September_QUKE_1.5","2020_September",6.5398,"QUKE","HP",115.1429307,84.7331002835982,-0.269,-1.279,1.151429307,1.358889623,6.9869,1,1.5
"561","2020_September_QUKE_1.5","2020_September",6.8224,"QUKE","HP",98.34043849,72.3682312569989,-0.269,-4.182,0.9834043849,1.358889623,7.4683,1,1.5
"562","2020_September_QUKE_1.5","2020_September",6.4506,"QUKE","HP",102.9142664,75.7340880805298,-0.269,-3.54,1.029142664,1.358889623,6.7543,1,1.5
"563","2020_September_QUKE_1.5","2020_September",7.6229,"QUKE","HP",100.1555613,73.7039709515833,-0.269,-3.971,1.001555613,1.358889623,8.0092,1,1.5
"564","2020_September_QUKE_1.5","2020_September",7.5646,"QUKE","HP",NA,NA,-0.269,-9.36,NA,1.358889623,7.6548,1,1.5
"565","2020_September_QUKE_1.5","2020_September",7.7233,"QUKE","HP",19.12739965,14.0757566517969,-0.269,-8.5,0.1912739965,1.358889623,7.8329,1,1.5
"566","2020_September_QUKE_1.6","2020_September",7.7051,"QUKE","HP",143.9600207,100,-0.13,-0.13,1.439600207,1.439600207,8.5405,1,1.6
"567","2020_September_QUKE_1.6","2020_September",8.0214,"QUKE","HP",127.7032845,88.7074646690433,-0.13,-0.735,1.277032845,1.439600207,9.0595,1,1.6
"568","2020_September_QUKE_1.6","2020_September",6.7109,"QUKE","HP",101.4405122,70.4643634439266,-0.13,-2.06,1.014405122,1.439600207,7.2813,1,1.6
"569","2020_September_QUKE_1.6","2020_September",6.705,"QUKE","HP",133.6372847,92.829442542585,-0.13,-0.49,1.336372847,1.439600207,7.3645,1,1.6
"570","2020_September_QUKE_1.6","2020_September",6.9167,"QUKE","HP",111.4190847,77.395852097151,-0.13,-1.136,1.114190847,1.439600207,7.6885,1,1.6
"571","2020_September_QUKE_1.6","2020_September",6.7281,"QUKE","HP",110.0328347,76.4329111408637,-0.13,-1.542,1.100328347,1.439600207,7.3313,1,1.6
"572","2020_September_QUKE_1.6","2020_September",6.7205,"QUKE","HP",101.8127941,70.7229643375565,-0.13,-3.17,1.018127941,1.439600207,7.3046,1,1.6
"573","2020_September_QUKE_1.6","2020_September",7.7681,"QUKE","HP",117.4547983,81.588483892181,-0.13,-0.909,1.174547983,1.439600207,8.4437,1,1.6
"574","2020_September_QUKE_1.6","2020_September",7.6421,"QUKE","HP",NA,NA,-0.13,-4.003,NA,1.439600207,8.1495,1,1.6
"575","2020_September_QUKE_1.6","2020_September",8.1695,"QUKE","HP",24.78455329,17.2162751640949,-0.13,-8.4,0.2478455329,1.439600207,8.3967,1,1.6
"576","2020_September_QUKE_1.6","2020_September",7.5375,"QUKE","HP",138.259371,96.040116087591,-0.13,-4.285,1.38259371,1.439600207,7.8584,1,1.6
"577","2020_September_QUKE_1.6","2020_September",7.544,"QUKE","HP",87.78867447,60.9812877513708,-0.13,-4.76,0.8778867447,1.439600207,7.8215,1,1.6
"578","2020_September_QUKE_1.6","2020_September",7.6587,"QUKE","HP",30.27790229,21.0321602780931,-0.13,-9.7,0.3027790229,1.439600207,7.7938,1,1.6
"579","2020_September_QUKE_1.7","2020_September",7.8451,"QUKE","HP",NA,NA,-0.14,-0.46,NA,1.261475989,8.4478,1,1.7
"580","2020_September_QUKE_1.7","2020_September",7.7485,"QUKE","HP",124.5415012,98.7268107248928,-0.14,-0.14,1.245415012,1.261475989,8.4072,1,1.7
"581","2020_September_QUKE_1.7","2020_September",6.7828,"QUKE","HP",87.31270358,69.2147169992627,-0.14,-1.95,0.8731270358,1.261475989,7.3189,1,1.7
"582","2020_September_QUKE_1.7","2020_September",6.7295,"QUKE","HP",126.1475989,100,-0.14,-0.19,1.261475989,1.261475989,7.444,1,1.7
"583","2020_September_QUKE_1.7","2020_September",6.5204,"QUKE","HP",96.90069576,76.8153310922829,-0.14,-2.557,0.9690069576,1.261475989,6.8268,1,1.7
"584","2020_September_QUKE_1.7","2020_September",6.8193,"QUKE","HP",116.5885206,92.4223065810569,-0.14,-1.058,1.165885206,1.261475989,7.5404,1,1.7
"585","2020_September_QUKE_1.7","2020_September",6.6008,"QUKE","HP",92.45240761,73.2890743987042,-0.14,-2.29,0.9245240761,1.261475989,7.0136,1,1.7
"586","2020_September_QUKE_1.7","2020_September",7.641,"QUKE","HP",100.5584364,79.7149032378451,-0.14,-1.6,1.005584364,1.261475989,8.1452,1,1.7
"587","2020_September_QUKE_1.7","2020_September",7.7285,"QUKE","HP",NA,NA,-0.14,-4.066,NA,1.261475989,8.2191,1,1.7
"588","2020_September_QUKE_1.7","2020_September",7.6387,"QUKE","HP",91.68197324,72.6783339829388,-0.14,-3.528,0.9168197324,1.261475989,7.9881,1,1.7
"589","2020_September_QUKE_1.7","2020_September",7.4973,"QUKE","HP",88.49882982,70.1549855817351,-0.14,-3.734,0.8849882982,1.261475989,7.762,1,1.7
"590","2020_September_QUKE_1.7","2020_September",7.5581,"QUKE","HP",78.90052356,62.5461952887,-0.14,-4.96,0.7890052356,1.261475989,7.8595,1,1.7
"591","2020_September_QUKE_1.7","2020_September",7.8194,"QUKE","HP",29.55641273,23.4300240256099,-0.14,-10,0.2955641273,1.261475989,8.0033,1,1.7
"592","2020_September_QUKE_1.7","2020_September",7.8194,"QUKE","HP",29.55641273,23.4300240256099,-0.14,-10,0.2955641273,1.261475989,8.0033,1,1.7
"593","2020_September_QUKE_1.8","2020_September",7.8619,"QUKE","HP",139.4992335,100,-0.19,-0.19,1.394992335,1.394992335,8.6809,1,1.8
"594","2020_September_QUKE_1.8","2020_September",7.9565,"QUKE","HP",118.4008915,84.8756573992215,-0.19,-1.165,1.184008915,1.394992335,8.8065,1,1.8
"595","2020_September_QUKE_1.8","2020_September",7.3855,"QUKE","HP",88.51811381,63.4541936820033,-0.19,-4.1,0.8851811381,1.394992335,8.4386,1,1.8
"596","2020_September_QUKE_1.8","2020_September",6.9147,"QUKE","HP",114.9864499,82.428015563254,-0.19,-0.495,1.149864499,1.394992335,7.7633,1,1.8
"597","2020_September_QUKE_1.8","2020_September",6.9019,"QUKE","HP",121.5739855,87.1502892523062,-0.19,-1.377,1.215739855,1.394992335,7.7917,1,1.8
"598","2020_September_QUKE_1.8","2020_September",7.1469,"QUKE","HP",89.51993142,64.1723464523552,-0.19,-3.22,0.8951993142,1.394992335,7.9823,1,1.8
"599","2020_September_QUKE_1.8","2020_September",6.8709,"QUKE","HP",92.07042254,66.0006655448756,-0.19,-3.28,0.9207042254,1.394992335,7.5246,1,1.8
"600","2020_September_QUKE_1.8","2020_September",7.8852,"QUKE","HP",85.47387068,61.2719285514927,-0.19,-4.355,0.8547387068,1.394992335,8.4642,1,1.8
"601","2020_September_QUKE_1.8","2020_September",8.016,"QUKE","HP",NA,NA,-0.19,-4.765,NA,1.394992335,8.6999,1,1.8
"602","2020_September_QUKE_1.8","2020_September",7.9337,"QUKE","HP",84.04389506,60.246850790044,-0.19,-5.082,0.8404389506,1.394992335,8.6,1,1.8
"603","2020_September_QUKE_1.8","2020_September",6.788,"QUKE","HP",23.74759152,17.0234566342617,-0.19,-7.8,0.2374759152,1.394992335,6.9359,1,1.8
"604","2020_September_QUKE_1.8","2020_September",7.8999,"QUKE","HP",21.90415942,15.7019926708056,-0.19,-10,0.2190415942,1.394992335,8.0384,1,1.8
"605","2020_September_QUKE_1.9","2020_September",7.6033,"QUKE","HP",143.5522467,100,-0.198,-0.98,1.435522467,1.435522467,8.1432,1,1.9
"606","2020_September_QUKE_1.9","2020_September",7.6966,"QUKE","HP",138.6967195,96.6175888489246,-0.198,-0.198,1.386967195,1.435522467,8.3181,1,1.9
"607","2020_September_QUKE_1.9","2020_September",6.4993,"QUKE","HP",88.24587706,61.4730030972061,-0.198,-2.84,0.8824587706,1.435522467,6.7936,1,1.9
"608","2020_September_QUKE_1.9","2020_September",6.6135,"QUKE","HP",100.2399232,69.8281813794838,-0.198,-2.973,1.002399232,1.435522467,7.0313,1,1.9
"609","2020_September_QUKE_1.9","2020_September",7.2034,"QUKE","HP",101.8455606,70.9466852252337,-0.198,-1.154,1.018455606,1.435522467,8.3126,1,1.9
"610","2020_September_QUKE_1.9","2020_September",7.8829,"QUKE","HP",94.53897261,65.8568394318276,-0.198,-3.39,0.9453897261,1.435522467,8.4663,1,1.9
"611","2020_September_QUKE_1.9","2020_September",8.0577,"QUKE","HP",97.5458632,67.9514709399529,-0.198,-2.935,0.975458632,1.435522467,8.8606,1,1.9
"612","2020_September_QUKE_1.9","2020_September",7.6995,"QUKE","HP",NA,NA,-0.198,-4.217,NA,1.435522467,8.1386,1,1.9
"613","2020_September_QUKE_1.9","2020_September",7.6361,"QUKE","HP",101.6229375,70.7916036398753,-0.198,-3.691,1.016229375,1.435522467,8.0118,1,1.9
"614","2020_September_QUKE_1.9","2020_September",7.3428,"QUKE","HP",90.83710407,63.2780789978399,-0.198,-4.253,0.9083710407,1.435522467,7.4231,1,1.9
"615","2020_September_QUKE_1.9","2020_September",6.4646,"QUKE","HP",89.0256771,62.016219980206,-0.198,-4.972,0.890256771,1.435522467,6.7177,1,1.9
"616","2020_September_QUKE_1.9","2020_September",7.816,"QUKE","HP",32.0203974,22.30574451887,-0.198,-7.9,0.320203974,1.435522467,7.9981,1,1.9
"617","2020_September_QUKE_1.9","2020_September",7.8586,"QUKE","HP",NA,NA,-0.198,-8.6,NA,1.435522467,8.9951,1,1.9
"618","2020_September_QUKE_1.9","2020_September",8.0541,"QUKE","HP",86.31357505,60.1269412594989,-0.198,-4.7,0.8631357505,1.435522467,8.7516,1,1.9
